-- MySQL dump 10.13  Distrib 5.7.30, for Linux (x86_64)
--
-- Host: localhost    Database: pec
-- ------------------------------------------------------
-- Server version	5.7.30

/*!40101 SET @OLD_CHARACTER_SET_CLIENT=@@CHARACTER_SET_CLIENT */;
/*!40101 SET @OLD_CHARACTER_SET_RESULTS=@@CHARACTER_SET_RESULTS */;
/*!40101 SET @OLD_COLLATION_CONNECTION=@@COLLATION_CONNECTION */;
/*!40101 SET NAMES utf8 */;
/*!40103 SET @OLD_TIME_ZONE=@@TIME_ZONE */;
/*!40103 SET TIME_ZONE='+00:00' */;
/*!40014 SET @OLD_UNIQUE_CHECKS=@@UNIQUE_CHECKS, UNIQUE_CHECKS=0 */;
/*!40014 SET @OLD_FOREIGN_KEY_CHECKS=@@FOREIGN_KEY_CHECKS, FOREIGN_KEY_CHECKS=0 */;
/*!40101 SET @OLD_SQL_MODE=@@SQL_MODE, SQL_MODE='NO_AUTO_VALUE_ON_ZERO' */;
/*!40111 SET @OLD_SQL_NOTES=@@SQL_NOTES, SQL_NOTES=0 */;

--
-- Table structure for table `attendence`
--

DROP TABLE IF EXISTS `attendence`;
/*!40101 SET @saved_cs_client     = @@character_set_client */;
/*!40101 SET character_set_client = utf8 */;
CREATE TABLE `attendence` (
  `attendence_id` int(11) NOT NULL AUTO_INCREMENT,
  `User_ID` int(11) NOT NULL,
  `Course_ID` int(11) NOT NULL,
  `Session_ID` int(11) NOT NULL,
  `TimeJoined` datetime DEFAULT NULL,
  `TimeLeft` datetime DEFAULT NULL,
  `duration` int(11) DEFAULT NULL,
  PRIMARY KEY (`attendence_id`),
  KEY `user foregin_idx` (`User_ID`),
  KEY `course foreign_idx` (`Course_ID`),
  KEY `session_foreign_idx` (`Session_ID`),
  CONSTRAINT `course foreign` FOREIGN KEY (`Course_ID`) REFERENCES `courses` (`CourseID`) ON UPDATE CASCADE,
  CONSTRAINT `session_foreign` FOREIGN KEY (`Session_ID`) REFERENCES `course_session` (`session_id`) ON UPDATE CASCADE,
  CONSTRAINT `user foregin` FOREIGN KEY (`User_ID`) REFERENCES `userinfo` (`UserID`) ON UPDATE CASCADE
) ENGINE=InnoDB AUTO_INCREMENT=105 DEFAULT CHARSET=latin1 COMMENT='Logs the stay of a user on a livestream conducted on cpd pec website. Live Webinars';
/*!40101 SET character_set_client = @saved_cs_client */;

--
-- Dumping data for table `attendence`
--

LOCK TABLES `attendence` WRITE;
/*!40000 ALTER TABLE `attendence` DISABLE KEYS */;
INSERT INTO `attendence` VALUES (16,254042,239,181,'2020-09-10 12:28:12',NULL,NULL),(17,253941,239,181,'2020-09-10 12:28:47',NULL,NULL),(18,253931,239,181,'2020-09-10 12:29:05',NULL,NULL),(19,253943,239,181,'2020-09-10 12:30:23',NULL,NULL),(20,253931,239,181,'2020-09-10 12:31:07',NULL,NULL),(21,254042,239,181,'2020-09-10 12:31:55',NULL,NULL),(22,253961,239,181,'2020-09-10 12:33:21',NULL,NULL),(23,8,239,181,'2020-09-10 12:35:15',NULL,NULL),(24,253931,239,181,'2020-09-10 12:37:41',NULL,NULL),(25,253931,239,181,'2020-09-10 12:39:14',NULL,NULL),(26,253931,239,181,'2020-09-10 12:39:18',NULL,NULL),(27,253931,239,181,'2020-09-10 12:40:46',NULL,NULL),(28,254042,239,181,'2020-09-10 12:41:22',NULL,NULL),(29,254042,239,181,'2020-09-10 12:42:25',NULL,NULL),(30,253941,239,181,'2020-09-10 12:42:28',NULL,NULL),(31,253943,239,181,'2020-09-10 12:42:35',NULL,NULL),(32,254042,239,181,'2020-09-10 12:42:41','2020-09-10 12:43:05',NULL),(33,253931,239,181,'2020-09-10 12:42:45',NULL,NULL),(34,253931,239,181,'2020-09-10 12:43:01',NULL,NULL),(35,253931,239,181,'2020-09-10 12:43:12',NULL,NULL),(36,254042,239,181,'2020-09-10 12:43:12',NULL,NULL),(37,253941,239,181,'2020-09-10 12:45:16','2020-09-10 12:46:06',NULL),(38,8,239,181,'2020-09-10 12:45:36',NULL,NULL),(39,254054,239,181,'2020-09-10 12:45:44',NULL,NULL),(40,8,239,181,'2020-09-10 12:45:56',NULL,NULL),(41,254049,239,181,'2020-09-10 12:46:31',NULL,NULL),(42,253941,239,181,'2020-09-10 12:46:41',NULL,NULL),(43,254056,239,181,'2020-09-10 12:49:19',NULL,NULL),(44,8,239,181,'2020-09-10 12:51:15',NULL,NULL),(45,8,239,181,'2020-09-10 12:52:26',NULL,NULL),(46,253941,239,181,'2020-09-10 12:52:27',NULL,NULL),(47,253943,239,181,'2020-09-10 12:52:29',NULL,NULL),(48,254049,239,181,'2020-09-10 12:52:32','2020-09-10 13:07:21',NULL),(49,254042,239,181,'2020-09-10 12:52:34',NULL,NULL),(50,254056,239,181,'2020-09-10 12:53:27',NULL,NULL),(51,253931,239,181,'2020-09-10 12:53:39',NULL,NULL),(52,253931,239,181,'2020-09-10 12:53:56',NULL,NULL),(53,253931,239,181,'2020-09-10 12:55:16',NULL,NULL),(54,254054,239,181,'2020-09-10 12:55:38','2020-09-10 13:34:10',NULL),(55,8,239,181,'2020-09-10 13:06:09','2020-09-10 13:10:49',NULL),(56,253943,239,181,'2020-09-10 13:07:16',NULL,NULL),(57,253931,239,181,'2020-09-10 13:07:39',NULL,NULL),(58,253943,239,181,'2020-09-10 13:11:04',NULL,NULL),(59,254056,239,181,'2020-09-10 13:11:21','2020-09-10 13:11:25',NULL),(60,254056,239,181,'2020-09-10 13:11:35','2020-09-10 17:45:07',NULL),(61,253940,239,181,'2020-09-10 13:12:15','2020-09-10 13:39:41',NULL),(62,253943,239,181,'2020-09-10 13:17:34',NULL,NULL),(63,253931,239,181,'2020-09-10 13:22:43',NULL,NULL),(64,253931,239,181,'2020-09-10 13:30:47',NULL,NULL),(65,254054,239,181,'2020-09-10 13:36:17',NULL,NULL),(66,253940,239,181,'2020-09-10 13:39:57','2020-09-10 14:47:21',NULL),(67,253931,239,181,'2020-09-10 13:43:14',NULL,NULL),(68,253943,239,181,'2020-09-10 13:43:53',NULL,NULL),(69,253931,239,181,'2020-09-10 13:45:15',NULL,NULL),(70,253931,239,181,'2020-09-10 13:47:39',NULL,NULL),(71,253931,239,181,'2020-09-10 13:48:03',NULL,NULL),(72,253931,239,181,'2020-09-10 13:49:51',NULL,NULL),(73,253943,239,181,'2020-09-10 13:49:55',NULL,NULL),(74,253931,239,181,'2020-09-10 13:52:00',NULL,NULL),(75,253931,239,181,'2020-09-10 13:54:50',NULL,NULL),(76,253943,239,181,'2020-09-10 13:56:08',NULL,NULL),(77,253931,239,181,'2020-09-10 13:57:07',NULL,NULL),(78,253931,239,181,'2020-09-10 14:07:20',NULL,NULL),(79,253931,239,181,'2020-09-10 14:19:21',NULL,NULL),(80,254042,239,181,'2020-09-10 14:24:36',NULL,NULL),(81,254042,239,181,'2020-09-10 14:25:08',NULL,NULL),(82,254042,239,181,'2020-09-10 14:32:22',NULL,NULL),(83,254042,239,181,'2020-09-10 14:32:33','2020-09-10 14:33:47',NULL),(84,253961,239,181,'2020-09-10 14:37:28',NULL,NULL),(85,253931,239,181,'2020-09-10 14:41:37',NULL,NULL),(86,254042,239,181,'2020-09-10 15:00:33',NULL,NULL),(87,253931,239,181,'2020-09-10 15:02:47','2020-09-10 15:11:13',NULL),(88,253943,239,181,'2020-09-10 15:05:31',NULL,NULL),(89,253941,239,181,'2020-09-10 15:11:22',NULL,NULL),(90,8,239,181,'2020-09-10 16:32:09','2020-09-10 16:39:21',NULL),(91,253988,239,181,'2020-09-10 16:42:36',NULL,NULL),(92,253941,239,181,'2020-09-10 17:11:48',NULL,NULL),(93,253931,239,181,'2020-09-10 17:25:03','2020-09-10 17:43:29',NULL),(94,254056,239,181,'2020-09-10 17:45:15','2020-09-10 17:45:20',NULL),(95,253937,239,181,'2020-09-10 19:12:04','2020-09-10 19:12:07',NULL),(96,253937,239,181,'2020-09-10 19:12:26',NULL,NULL),(97,254070,239,181,'2020-09-10 19:16:04','2020-09-10 19:16:37',NULL),(98,254042,239,181,'2020-09-10 19:38:48',NULL,NULL),(99,253910,239,181,'2020-09-10 22:40:17',NULL,NULL),(100,253931,239,181,'2020-09-11 08:57:10','2020-09-11 09:01:12',NULL),(101,253937,239,181,'2020-09-11 11:31:14','2020-09-11 11:31:21',NULL),(102,254042,239,181,'2020-09-11 18:37:47','2020-09-11 18:38:21',NULL),(103,253941,239,181,'2020-09-12 19:47:04',NULL,NULL),(104,253998,271,198,'2020-10-10 07:48:38',NULL,NULL);
/*!40000 ALTER TABLE `attendence` ENABLE KEYS */;
UNLOCK TABLES;

--
-- Table structure for table `category`
--

DROP TABLE IF EXISTS `category`;
/*!40101 SET @saved_cs_client     = @@character_set_client */;
/*!40101 SET character_set_client = utf8 */;
CREATE TABLE `category` (
  `Category_ID` int(11) NOT NULL AUTO_INCREMENT,
  `Name` varchar(45) NOT NULL,
  `Description` varchar(45) DEFAULT NULL,
  `Parent CategoryID` int(11) DEFAULT NULL,
  `DateCreated` datetime DEFAULT NULL,
  PRIMARY KEY (`Category_ID`)
) ENGINE=InnoDB AUTO_INCREMENT=27 DEFAULT CHARSET=latin1;
/*!40101 SET character_set_client = @saved_cs_client */;

--
-- Dumping data for table `category`
--

LOCK TABLES `category` WRITE;
/*!40000 ALTER TABLE `category` DISABLE KEYS */;
INSERT INTO `category` VALUES (1,'Civil',NULL,NULL,NULL),(2,'Electrical',NULL,NULL,NULL),(3,'Mechanical',NULL,NULL,NULL),(4,'Chemical',NULL,NULL,NULL),(5,'Electronics',NULL,NULL,NULL),(6,'Metallurgy',NULL,NULL,NULL),(7,'Agricultural',NULL,NULL,NULL),(8,'Aeronautical',NULL,NULL,NULL),(9,'Mining',NULL,NULL,NULL),(10,'Petrogas',NULL,NULL,NULL),(11,'Tele Communication',NULL,NULL,NULL),(12,'Mechatronics',NULL,NULL,NULL),(13,'Textile',NULL,NULL,NULL),(14,'Biomedical',NULL,NULL,NULL),(15,'Engineering Sciences',NULL,NULL,NULL),(16,'Arch Engineering',NULL,NULL,NULL),(17,'Computer',NULL,NULL,NULL),(18,'Geology',NULL,NULL,NULL),(19,'Transport',NULL,NULL,NULL),(20,'Poly',NULL,NULL,NULL),(21,'Environment',NULL,NULL,NULL),(22,'Urban',NULL,NULL,NULL),(23,'Automotive',NULL,NULL,NULL),(24,'Energy',NULL,NULL,NULL),(25,'All Categories',NULL,NULL,NULL),(26,'Management',NULL,NULL,NULL);
/*!40000 ALTER TABLE `category` ENABLE KEYS */;
UNLOCK TABLES;

--
-- Table structure for table `category_course_bridge`
--

DROP TABLE IF EXISTS `category_course_bridge`;
/*!40101 SET @saved_cs_client     = @@character_set_client */;
/*!40101 SET character_set_client = utf8 */;
CREATE TABLE `category_course_bridge` (
  `DateCreated` datetime DEFAULT NULL,
  `DateUpdated` datetime DEFAULT NULL,
  `CourseID` int(11) NOT NULL,
  `categoryID` int(11) NOT NULL,
  KEY `f-course_idx` (`CourseID`),
  KEY `f-category_idx` (`categoryID`),
  CONSTRAINT `f-category` FOREIGN KEY (`categoryID`) REFERENCES `category` (`Category_ID`) ON DELETE CASCADE ON UPDATE CASCADE,
  CONSTRAINT `f-course` FOREIGN KEY (`CourseID`) REFERENCES `courses` (`CourseID`) ON DELETE CASCADE ON UPDATE CASCADE
) ENGINE=InnoDB DEFAULT CHARSET=latin1;
/*!40101 SET character_set_client = @saved_cs_client */;

--
-- Dumping data for table `category_course_bridge`
--

LOCK TABLES `category_course_bridge` WRITE;
/*!40000 ALTER TABLE `category_course_bridge` DISABLE KEYS */;
INSERT INTO `category_course_bridge` VALUES ('2020-06-01 10:19:01',NULL,174,25),('2020-07-09 09:18:55',NULL,226,26),('2020-07-09 09:26:22',NULL,227,25),('2020-07-26 13:33:55',NULL,228,26),('2020-07-26 13:33:55',NULL,228,25),('2020-07-26 13:33:55',NULL,228,1),('2020-07-26 13:33:55',NULL,228,3),('2020-07-26 13:33:55',NULL,228,4),('2020-07-26 14:43:43',NULL,229,1),('2020-08-07 13:03:58',NULL,171,21),('2020-08-07 13:05:39',NULL,172,21),('2020-08-07 13:06:58',NULL,173,25),('2020-08-11 10:21:07',NULL,230,4),('2020-08-11 10:21:07',NULL,230,14),('2020-08-11 10:21:07',NULL,230,21),('2020-08-11 10:21:07',NULL,230,22),('2020-08-11 10:27:05',NULL,231,4),('2020-08-11 10:27:05',NULL,231,14),('2020-08-11 10:27:05',NULL,231,21),('2020-08-11 10:27:05',NULL,231,22),('2020-08-13 08:29:56',NULL,234,3),('2020-08-13 08:33:30',NULL,235,15),('2020-08-13 08:36:25',NULL,236,25),('2020-08-13 08:38:07',NULL,237,16),('2020-08-18 06:51:37',NULL,238,2),('2020-08-18 06:51:37',NULL,238,3),('2020-08-31 09:41:06',NULL,239,25),('2020-09-08 08:25:49',NULL,240,26),('2020-09-08 08:25:49',NULL,240,25),('2020-09-08 10:31:42',NULL,241,25),('2020-09-08 13:35:38',NULL,242,25),('2020-09-08 13:35:38',NULL,242,2),('2020-09-08 13:35:38',NULL,242,4),('2020-09-08 13:35:38',NULL,242,6),('2020-09-11 09:57:13',NULL,243,26),('2020-09-24 18:04:48',NULL,244,26),('2020-09-25 11:41:07',NULL,245,26),('2020-09-29 14:59:41',NULL,246,26),('2020-09-29 15:09:08',NULL,247,26),('2020-09-30 15:05:01',NULL,248,2),('2020-09-30 15:22:47',NULL,249,26),('2020-09-30 15:35:32',NULL,250,1),('2020-09-30 15:35:32',NULL,250,3),('2020-09-30 16:52:33',NULL,251,1),('2020-09-30 17:34:54',NULL,252,26),('2020-09-30 17:41:40',NULL,253,26),('2020-09-30 17:43:04',NULL,254,26),('2020-09-30 17:56:02',NULL,255,26),('2020-09-30 18:16:44',NULL,256,26),('2020-09-30 18:23:56',NULL,257,26),('2020-10-01 10:48:50',NULL,258,26),('2020-10-01 11:51:13',NULL,259,3),('2020-10-01 15:31:18',NULL,260,26),('2020-10-01 15:54:01',NULL,261,26),('2020-10-02 11:40:12',NULL,262,26),('2020-10-02 13:28:19',NULL,263,26),('2020-10-02 13:31:12',NULL,264,26),('2020-10-02 14:17:07',NULL,265,26),('2020-10-02 14:20:44',NULL,266,26),('2020-10-02 14:23:25',NULL,267,26),('2020-10-02 15:17:07',NULL,268,26),('2020-10-02 15:20:18',NULL,269,26),('2020-10-02 15:23:13',NULL,270,26),('2020-10-10 02:39:15',NULL,271,1),('2020-10-10 02:39:15',NULL,271,4);
/*!40000 ALTER TABLE `category_course_bridge` ENABLE KEYS */;
UNLOCK TABLES;

--
-- Table structure for table `certification`
--

DROP TABLE IF EXISTS `certification`;
/*!40101 SET @saved_cs_client     = @@character_set_client */;
/*!40101 SET character_set_client = utf8 */;
CREATE TABLE `certification` (
  `certificationID` int(11) NOT NULL,
  `Name` varchar(45) NOT NULL,
  `Description` varchar(45) NOT NULL,
  `ValidityDate` date NOT NULL,
  `SerialNumber` varchar(45) NOT NULL,
  `DateUpdated` datetime NOT NULL,
  PRIMARY KEY (`certificationID`)
) ENGINE=InnoDB DEFAULT CHARSET=latin1;
/*!40101 SET character_set_client = @saved_cs_client */;

--
-- Dumping data for table `certification`
--

LOCK TABLES `certification` WRITE;
/*!40000 ALTER TABLE `certification` DISABLE KEYS */;
/*!40000 ALTER TABLE `certification` ENABLE KEYS */;
UNLOCK TABLES;

--
-- Table structure for table `certification_session_user-bridge`
--

DROP TABLE IF EXISTS `certification_session_user-bridge`;
/*!40101 SET @saved_cs_client     = @@character_set_client */;
/*!40101 SET character_set_client = utf8 */;
CREATE TABLE `certification_session_user-bridge` (
  `certificationID` int(11) NOT NULL,
  `DateCreated` datetime NOT NULL,
  `DateUpdated` datetime NOT NULL,
  `sessionID` int(11) NOT NULL,
  `user_id` int(11) NOT NULL,
  KEY `cerficate-fk_idx` (`certificationID`),
  KEY `sess-fk_idx` (`sessionID`),
  KEY `user-fk_idx` (`user_id`),
  CONSTRAINT `cerficate-fk` FOREIGN KEY (`certificationID`) REFERENCES `certification` (`certificationID`) ON DELETE CASCADE ON UPDATE CASCADE,
  CONSTRAINT `sess-fk` FOREIGN KEY (`sessionID`) REFERENCES `course_session` (`session_id`) ON DELETE CASCADE ON UPDATE CASCADE,
  CONSTRAINT `user-fk` FOREIGN KEY (`user_id`) REFERENCES `userinfo` (`UserID`) ON UPDATE CASCADE
) ENGINE=InnoDB DEFAULT CHARSET=latin1;
/*!40101 SET character_set_client = @saved_cs_client */;

--
-- Dumping data for table `certification_session_user-bridge`
--

LOCK TABLES `certification_session_user-bridge` WRITE;
/*!40000 ALTER TABLE `certification_session_user-bridge` DISABLE KEYS */;
/*!40000 ALTER TABLE `certification_session_user-bridge` ENABLE KEYS */;
UNLOCK TABLES;

--
-- Table structure for table `component_pages`
--

DROP TABLE IF EXISTS `component_pages`;
/*!40101 SET @saved_cs_client     = @@character_set_client */;
/*!40101 SET character_set_client = utf8 */;
CREATE TABLE `component_pages` (
  `p_id` int(11) NOT NULL AUTO_INCREMENT,
  `role_id` int(11) NOT NULL,
  `component` varchar(45) NOT NULL,
  `VIew` tinyint(1) DEFAULT NULL,
  `Add` tinyint(1) DEFAULT NULL,
  `Edit` tinyint(1) DEFAULT NULL,
  `Delete` tinyint(1) DEFAULT NULL,
  `Approve` tinyint(1) DEFAULT NULL,
  PRIMARY KEY (`p_id`)
) ENGINE=InnoDB DEFAULT CHARSET=latin1 COMMENT='this is the table which defines all the roles and privileges granted to individual components and pages on the admin panel according to the roles.';
/*!40101 SET character_set_client = @saved_cs_client */;

--
-- Dumping data for table `component_pages`
--

LOCK TABLES `component_pages` WRITE;
/*!40000 ALTER TABLE `component_pages` DISABLE KEYS */;
/*!40000 ALTER TABLE `component_pages` ENABLE KEYS */;
UNLOCK TABLES;

--
-- Table structure for table `course_content`
--

DROP TABLE IF EXISTS `course_content`;
/*!40101 SET @saved_cs_client     = @@character_set_client */;
/*!40101 SET character_set_client = utf8 */;
CREATE TABLE `course_content` (
  `course_content_id` int(11) NOT NULL,
  `description` varchar(45) NOT NULL,
  PRIMARY KEY (`course_content_id`)
) ENGINE=InnoDB DEFAULT CHARSET=latin1;
/*!40101 SET character_set_client = @saved_cs_client */;

--
-- Dumping data for table `course_content`
--

LOCK TABLES `course_content` WRITE;
/*!40000 ALTER TABLE `course_content` DISABLE KEYS */;
/*!40000 ALTER TABLE `course_content` ENABLE KEYS */;
UNLOCK TABLES;

--
-- Table structure for table `course_content_type`
--

DROP TABLE IF EXISTS `course_content_type`;
/*!40101 SET @saved_cs_client     = @@character_set_client */;
/*!40101 SET character_set_client = utf8 */;
CREATE TABLE `course_content_type` (
  `course_content_type_id` int(11) NOT NULL,
  `Content_Type` varchar(15) NOT NULL,
  `Desc` varchar(45) DEFAULT NULL,
  `DateCreated` datetime NOT NULL,
  `DateUpdated` datetime NOT NULL,
  `url` varchar(45) DEFAULT NULL,
  PRIMARY KEY (`course_content_type_id`)
) ENGINE=InnoDB DEFAULT CHARSET=latin1 COMMENT='Media / Text / Assigntment etc';
/*!40101 SET character_set_client = @saved_cs_client */;

--
-- Dumping data for table `course_content_type`
--

LOCK TABLES `course_content_type` WRITE;
/*!40000 ALTER TABLE `course_content_type` DISABLE KEYS */;
/*!40000 ALTER TABLE `course_content_type` ENABLE KEYS */;
UNLOCK TABLES;

--
-- Table structure for table `course_extra_resources`
--

DROP TABLE IF EXISTS `course_extra_resources`;
/*!40101 SET @saved_cs_client     = @@character_set_client */;
/*!40101 SET character_set_client = utf8 */;
CREATE TABLE `course_extra_resources` (
  `extra_resource_id` int(11) NOT NULL AUTO_INCREMENT,
  `file_path` varchar(100) NOT NULL,
  `course_id` int(11) NOT NULL,
  PRIMARY KEY (`extra_resource_id`),
  KEY `c_id_idx` (`course_id`),
  CONSTRAINT `c_id` FOREIGN KEY (`course_id`) REFERENCES `courses` (`CourseID`) ON DELETE CASCADE ON UPDATE CASCADE
) ENGINE=InnoDB AUTO_INCREMENT=86 DEFAULT CHARSET=latin1;
/*!40101 SET character_set_client = @saved_cs_client */;

--
-- Dumping data for table `course_extra_resources`
--

LOCK TABLES `course_extra_resources` WRITE;
/*!40000 ALTER TABLE `course_extra_resources` DISABLE KEYS */;
INSERT INTO `course_extra_resources` VALUES (78,'uploads\\2020-07-26T14-42-43.905ZIMG_20190207_000753_511.jpg',228),(79,'uploads/2020-09-08T08-26-43.689ZAnnotation 2020-09-02 155433.png',240),(80,'uploads/2020-09-08T10-39-00.245ZAnnotation 2020-09-02 155433.png',241),(81,'uploads/2020-09-29T15-01-58.805ZDoc1.docx',246),(82,'uploads/2020-09-29T15-10-54.687ZDoc1.docx',247),(83,'uploads/2020-09-30T15-24-59.798Zrsz_customer-service-excellence_training_narejo.png',249),(84,'uploads/2020-09-30T17-45-08.791Zrsz_customer-service-excellence_training_narejo.png',254),(85,'uploads/2020-09-30T17-57-12.679Zrsz_customer-service-excellence_training_narejo.png',255);
/*!40000 ALTER TABLE `course_extra_resources` ENABLE KEYS */;
UNLOCK TABLES;

--
-- Table structure for table `course_faqs`
--

DROP TABLE IF EXISTS `course_faqs`;
/*!40101 SET @saved_cs_client     = @@character_set_client */;
/*!40101 SET character_set_client = utf8 */;
CREATE TABLE `course_faqs` (
  `faq_id` int(11) NOT NULL AUTO_INCREMENT,
  `course_id` int(11) NOT NULL,
  `question` varchar(45) NOT NULL,
  `answer` varchar(200) NOT NULL,
  PRIMARY KEY (`faq_id`),
  KEY `c-id_idx` (`course_id`),
  CONSTRAINT `c-id` FOREIGN KEY (`course_id`) REFERENCES `courses` (`CourseID`) ON DELETE CASCADE ON UPDATE CASCADE
) ENGINE=InnoDB AUTO_INCREMENT=54 DEFAULT CHARSET=latin1;
/*!40101 SET character_set_client = @saved_cs_client */;

--
-- Dumping data for table `course_faqs`
--

LOCK TABLES `course_faqs` WRITE;
/*!40000 ALTER TABLE `course_faqs` DISABLE KEYS */;
INSERT INTO `course_faqs` VALUES (53,243,'Will there be a Q/A session at the end? ','Yes, there will be a Q/A session at the end. ');
/*!40000 ALTER TABLE `course_faqs` ENABLE KEYS */;
UNLOCK TABLES;

--
-- Table structure for table `course_instructor_bridge`
--

DROP TABLE IF EXISTS `course_instructor_bridge`;
/*!40101 SET @saved_cs_client     = @@character_set_client */;
/*!40101 SET character_set_client = utf8 */;
CREATE TABLE `course_instructor_bridge` (
  `InstructorID` int(11) NOT NULL,
  `DateCreated` datetime NOT NULL,
  `DateUpdated` datetime NOT NULL,
  `CourseID` int(11) NOT NULL,
  KEY `fk_user_id_idx` (`InstructorID`),
  KEY `fk_courseid3_idx` (`CourseID`),
  CONSTRAINT `fk_courseid3` FOREIGN KEY (`CourseID`) REFERENCES `courses` (`CourseID`) ON DELETE CASCADE ON UPDATE CASCADE,
  CONSTRAINT `fk_instructor_user` FOREIGN KEY (`InstructorID`) REFERENCES `userinfo` (`UserID`) ON DELETE CASCADE ON UPDATE CASCADE
) ENGINE=InnoDB DEFAULT CHARSET=latin1 COMMENT='Instructor is a type of user/synonym to resource person';
/*!40101 SET character_set_client = @saved_cs_client */;

--
-- Dumping data for table `course_instructor_bridge`
--

LOCK TABLES `course_instructor_bridge` WRITE;
/*!40000 ALTER TABLE `course_instructor_bridge` DISABLE KEYS */;
/*!40000 ALTER TABLE `course_instructor_bridge` ENABLE KEYS */;
UNLOCK TABLES;

--
-- Table structure for table `course_payment`
--

DROP TABLE IF EXISTS `course_payment`;
/*!40101 SET @saved_cs_client     = @@character_set_client */;
/*!40101 SET character_set_client = utf8 */;
CREATE TABLE `course_payment` (
  `paymentID` int(11) NOT NULL AUTO_INCREMENT,
  `CourseID` int(11) NOT NULL,
  `Payment_Method` varchar(45) NOT NULL,
  `DateCreated` datetime NOT NULL,
  `Status` varchar(45) NOT NULL DEFAULT 'Pending',
  `Remarks` varchar(405) DEFAULT NULL,
  `payment_image_path` varchar(300) NOT NULL,
  `sessionID` int(11) NOT NULL,
  `UserID` int(11) NOT NULL,
  PRIMARY KEY (`paymentID`),
  KEY `fk-courseid_idx` (`CourseID`),
  KEY `FS_idx` (`sessionID`),
  KEY `UFK_idx` (`UserID`),
  CONSTRAINT `FC` FOREIGN KEY (`CourseID`) REFERENCES `courses` (`CourseID`) ON DELETE CASCADE ON UPDATE CASCADE,
  CONSTRAINT `FS` FOREIGN KEY (`sessionID`) REFERENCES `course_session` (`session_id`) ON DELETE CASCADE ON UPDATE CASCADE,
  CONSTRAINT `UFK` FOREIGN KEY (`UserID`) REFERENCES `userinfo` (`UserID`) ON UPDATE CASCADE
) ENGINE=InnoDB AUTO_INCREMENT=2 DEFAULT CHARSET=latin1 COMMENT='All course payments, foreign keys CoursID and UserID';
/*!40101 SET character_set_client = @saved_cs_client */;

--
-- Dumping data for table `course_payment`
--

LOCK TABLES `course_payment` WRITE;
/*!40000 ALTER TABLE `course_payment` DISABLE KEYS */;
/*!40000 ALTER TABLE `course_payment` ENABLE KEYS */;
UNLOCK TABLES;

--
-- Table structure for table `course_pricing`
--

DROP TABLE IF EXISTS `course_pricing`;
/*!40101 SET @saved_cs_client     = @@character_set_client */;
/*!40101 SET character_set_client = utf8 */;
CREATE TABLE `course_pricing` (
  `pricing_id` int(11) NOT NULL AUTO_INCREMENT,
  `pricing_type` varchar(45) NOT NULL,
  `pricing_plan` varchar(45) NOT NULL,
  `discount` varchar(10) DEFAULT NULL,
  `additional_info` varchar(45) DEFAULT NULL,
  `courseID` int(11) NOT NULL,
  `price` decimal(10,2) NOT NULL,
  PRIMARY KEY (`pricing_id`),
  KEY `fk-courseid_idx` (`courseID`),
  CONSTRAINT `fk-courseid` FOREIGN KEY (`courseID`) REFERENCES `courses` (`CourseID`) ON DELETE CASCADE ON UPDATE CASCADE
) ENGINE=InnoDB AUTO_INCREMENT=29 DEFAULT CHARSET=latin1;
/*!40101 SET character_set_client = @saved_cs_client */;

--
-- Dumping data for table `course_pricing`
--

LOCK TABLES `course_pricing` WRITE;
/*!40000 ALTER TABLE `course_pricing` DISABLE KEYS */;
INSERT INTO `course_pricing` VALUES (25,'Free','Free','0','',171,0.00),(26,'Free','Free','0','',172,0.00),(27,'OneTimePurchase','Student','100','',173,1200.00),(28,'OneTimePurchase','1k','0','',174,1000.00);
/*!40000 ALTER TABLE `course_pricing` ENABLE KEYS */;
UNLOCK TABLES;

--
-- Table structure for table `course_rating`
--

DROP TABLE IF EXISTS `course_rating`;
/*!40101 SET @saved_cs_client     = @@character_set_client */;
/*!40101 SET character_set_client = utf8 */;
CREATE TABLE `course_rating` (
  `Rating` int(11) NOT NULL,
  `DateCreated` datetime NOT NULL,
  `DateUpdated` datetime NOT NULL,
  `CourseID` int(11) NOT NULL,
  `sessionID` int(11) NOT NULL,
  KEY `fk_courseid4_idx` (`CourseID`),
  KEY `fk-sess_idx` (`sessionID`),
  CONSTRAINT `fk-sess` FOREIGN KEY (`sessionID`) REFERENCES `course_session` (`session_id`) ON DELETE CASCADE ON UPDATE CASCADE,
  CONSTRAINT `fk_courseid4` FOREIGN KEY (`CourseID`) REFERENCES `courses` (`CourseID`) ON DELETE CASCADE ON UPDATE CASCADE
) ENGINE=InnoDB DEFAULT CHARSET=latin1;
/*!40101 SET character_set_client = @saved_cs_client */;

--
-- Dumping data for table `course_rating`
--

LOCK TABLES `course_rating` WRITE;
/*!40000 ALTER TABLE `course_rating` DISABLE KEYS */;
/*!40000 ALTER TABLE `course_rating` ENABLE KEYS */;
UNLOCK TABLES;

--
-- Table structure for table `course_session`
--

DROP TABLE IF EXISTS `course_session`;
/*!40101 SET @saved_cs_client     = @@character_set_client */;
/*!40101 SET character_set_client = utf8 */;
CREATE TABLE `course_session` (
  `session_id` int(11) NOT NULL AUTO_INCREMENT,
  `Session_Name` varchar(200) NOT NULL,
  `Session_Desc` varchar(200) DEFAULT NULL,
  `Session_StartDate` datetime NOT NULL,
  `Session_EndDate` datetime NOT NULL,
  `DateUpdated` datetime DEFAULT NULL,
  `CPDPoints` varchar(45) DEFAULT NULL,
  `CourseId` int(11) NOT NULL,
  `Registration` varchar(100) NOT NULL DEFAULT 'Close',
  `pricing_type` varchar(45) NOT NULL,
  `pricing_plan` varchar(45) DEFAULT NULL,
  `discount` varchar(10) DEFAULT NULL,
  `price` varchar(10) DEFAULT NULL,
  `total_seats` int(11) NOT NULL DEFAULT '0',
  `Instructor_ID` int(11) NOT NULL,
  PRIMARY KEY (`session_id`),
  KEY `cs1_idx` (`CourseId`),
  KEY `I-id_idx` (`Instructor_ID`),
  KEY `i_id_idx` (`Instructor_ID`),
  CONSTRAINT `cs1` FOREIGN KEY (`CourseId`) REFERENCES `courses` (`CourseID`) ON DELETE CASCADE ON UPDATE CASCADE,
  CONSTRAINT `i_id` FOREIGN KEY (`Instructor_ID`) REFERENCES `userinfo_instructor_bridge` (`instructor_id`) ON UPDATE CASCADE
) ENGINE=InnoDB AUTO_INCREMENT=200 DEFAULT CHARSET=latin1 COMMENT='Session in which the course will be conducted';
/*!40101 SET character_set_client = @saved_cs_client */;

--
-- Dumping data for table `course_session`
--

LOCK TABLES `course_session` WRITE;
/*!40000 ALTER TABLE `course_session` DISABLE KEYS */;
INSERT INTO `course_session` VALUES (164,'s1','','2020-06-02 12:00:00','2020-06-02 14:00:00','2020-08-11 12:46:51','0',171,'Close','Free','','','',100,6),(165,'s2',NULL,'2020-06-18 12:00:00','2020-06-18 14:00:00','2020-08-11 14:59:17','0',172,'Close','Free','','','',100,6),(166,'s1',NULL,'2020-06-30 12:00:00','2020-06-30 14:00:00','2020-08-11 14:58:54','0',173,'Close','Free','','','',100,7),(167,'s1',NULL,'2020-07-14 12:00:00','2020-07-14 14:00:00','2020-08-04 15:30:22','2',174,'Open','Free','','','',100,8),(168,'s1',NULL,'2020-07-28 12:00:00','2020-07-28 14:00:00','2020-08-04 15:28:33','0.5',226,'Open','Free','','','',100,9),(169,'1',NULL,'2020-08-13 12:00:00','2020-08-13 14:00:00','2020-08-06 16:49:06','0',227,'Open','Free','','','',222,10),(170,'s1',NULL,'2017-06-15 00:00:00','2017-06-15 00:00:00',NULL,'1',228,'Close','Free',NULL,NULL,NULL,1,6),(171,'s1',NULL,'2017-06-15 00:00:00','2017-06-15 00:00:00',NULL,'1',229,'Close','Free',NULL,NULL,NULL,1,6),(172,'Session-1',NULL,'2020-08-25 12:00:00','2020-08-25 14:00:00','2020-08-11 15:34:30','0.5',231,'Open','Free','','','',100,11),(176,'Session1',NULL,'2020-07-23 14:00:00','2020-07-23 14:30:00','2020-08-13 14:01:26','0.5',234,'Open','Free','','','',100,12),(177,'S1',NULL,'2020-06-24 14:00:00','2020-06-24 17:00:00','2020-08-13 14:01:43','0.5',235,'Open','Free','','','',100,13),(178,'S1',NULL,'2020-05-12 14:00:00','2020-05-12 16:30:00','2020-08-13 14:02:25','0.5',236,'Open','Free','','','',100,14),(179,'S1',NULL,'2020-07-16 14:00:00','2020-07-16 17:30:00','2020-08-13 14:02:39','0.5',237,'Open','Free','','','',100,15),(180,'S1',NULL,'2020-08-18 11:21:11','2020-08-19 11:21:11','2020-08-18 12:01:36','2',238,'Open','Free','','','',11,12),(181,'Session1',NULL,'2020-09-10 12:00:00','2020-09-10 14:00:00','2020-09-24 22:43:54','0.5',239,'Close','Free','','','',100,8),(182,'20th session',NULL,'2020-09-08 12:56:37','2020-09-08 12:56:37',NULL,'1',240,'Close','Free','','','',100,7),(183,'20th September session',NULL,'2020-09-20 14:00:00','2020-09-20 16:00:00',NULL,'0.5',241,'Close','OneTimePurchase','Fixed Price','0','500',300,9),(184,'Seesiion 2',NULL,'2020-09-30 15:00:00','2020-09-30 16:00:00',NULL,'0',241,'Close','OneTimePurchase','Fixed Price','0','300',300,9),(185,'test',NULL,'2020-09-08 18:05:34','2020-09-11 18:05:34','2020-09-08 18:38:15','0.5',242,'Close','Free','','','',8,7),(186,'Session 1',NULL,'2020-09-23 12:00:00','2020-09-23 14:00:00','2020-09-24 22:43:27','0.5',243,'Close','Free','','','',300,7),(187,'S3',NULL,'2020-10-29 15:31:30','2020-11-13 15:31:30',NULL,'2',251,'Close','Free','','','',22,7),(188,'dasdfe',NULL,'2020-10-01 10:25:08','2020-10-02 10:25:08',NULL,'1',259,'Close','Free','','','',300,7),(190,'Session 1',NULL,'2020-10-15 14:00:00','2020-10-15 15:30:00','2020-10-01 22:00:46','0.5',261,'Open','OneTimePurchase','Plan 1','0','350',300,7),(191,'Session I',NULL,'2020-10-15 12:00:00','2020-10-15 14:00:00','2020-10-02 18:34:24','0.5',264,'Open','OneTimePurchase','Plan-I','0','500',300,9),(192,'Session I',NULL,'2020-10-21 12:00:00','2020-10-21 14:00:00',NULL,'0.5',265,'Close','OneTimePurchase','Plan-I','0','500',300,8),(193,'Session I',NULL,'2020-11-03 12:00:00','2020-11-03 14:00:00',NULL,'0.5',266,'Close','OneTimePurchase','Plan-I','0','500',300,8),(194,'Session I',NULL,'2020-11-17 12:00:00','2020-11-17 14:00:00',NULL,'0.5',267,'Close','OneTimePurchase','Plan-I','0','500',300,8),(195,'Session I',NULL,'2020-12-26 12:00:00','2020-12-26 14:00:00',NULL,'0.5',268,'Close','OneTimePurchase','Plan-I','0','500',300,9),(196,'Session I',NULL,'2020-12-26 12:00:00','2020-12-26 14:00:00',NULL,'0.5',269,'Close','OneTimePurchase','Plan-I','0','500',300,7),(197,'Session I',NULL,'2020-12-30 12:00:00','2020-12-30 14:00:00',NULL,'0.5',270,'Close','OneTimePurchase','Plan-I','0','500',300,8),(198,'Session 1 ',NULL,'2020-10-12 07:30:00','2020-10-13 03:30:00','2020-10-12 16:00:22','1',271,'Open','OneTimePurchase','test','','500',111,11),(199,'Session',NULL,'2020-10-15 11:30:00','2020-10-15 13:30:00',NULL,'0.5',260,'Open','OneTimePurchase','Rs. 500','0','500',300,6);
/*!40000 ALTER TABLE `course_session` ENABLE KEYS */;
UNLOCK TABLES;

--
-- Table structure for table `course_topic`
--

DROP TABLE IF EXISTS `course_topic`;
/*!40101 SET @saved_cs_client     = @@character_set_client */;
/*!40101 SET character_set_client = utf8 */;
CREATE TABLE `course_topic` (
  `course_topicID` int(11) NOT NULL,
  `Name` varchar(45) NOT NULL,
  `Description` varchar(45) NOT NULL,
  PRIMARY KEY (`course_topicID`)
) ENGINE=InnoDB DEFAULT CHARSET=latin1;
/*!40101 SET character_set_client = @saved_cs_client */;

--
-- Dumping data for table `course_topic`
--

LOCK TABLES `course_topic` WRITE;
/*!40000 ALTER TABLE `course_topic` DISABLE KEYS */;
/*!40000 ALTER TABLE `course_topic` ENABLE KEYS */;
UNLOCK TABLES;

--
-- Table structure for table `course_topics_bridge`
--

DROP TABLE IF EXISTS `course_topics_bridge`;
/*!40101 SET @saved_cs_client     = @@character_set_client */;
/*!40101 SET character_set_client = utf8 */;
CREATE TABLE `course_topics_bridge` (
  `topicID` int(11) NOT NULL,
  `DateCreated` datetime NOT NULL,
  `DateUpdated` datetime NOT NULL,
  `CourseID` int(11) NOT NULL,
  KEY `fk-topic_idx` (`topicID`),
  KEY `fk_courses5_idx` (`CourseID`),
  CONSTRAINT `fk-topic` FOREIGN KEY (`topicID`) REFERENCES `course_topic` (`course_topicID`) ON DELETE CASCADE ON UPDATE CASCADE,
  CONSTRAINT `fk_courses5` FOREIGN KEY (`CourseID`) REFERENCES `courses` (`CourseID`) ON DELETE CASCADE
) ENGINE=InnoDB DEFAULT CHARSET=latin1;
/*!40101 SET character_set_client = @saved_cs_client */;

--
-- Dumping data for table `course_topics_bridge`
--

LOCK TABLES `course_topics_bridge` WRITE;
/*!40000 ALTER TABLE `course_topics_bridge` DISABLE KEYS */;
/*!40000 ALTER TABLE `course_topics_bridge` ENABLE KEYS */;
UNLOCK TABLES;

--
-- Table structure for table `course_type`
--

DROP TABLE IF EXISTS `course_type`;
/*!40101 SET @saved_cs_client     = @@character_set_client */;
/*!40101 SET character_set_client = utf8 */;
CREATE TABLE `course_type` (
  `course_type_ID` int(11) NOT NULL,
  `Type_Name` varchar(45) NOT NULL,
  `Description` varchar(45) DEFAULT NULL,
  `DateCreated` datetime DEFAULT NULL,
  `DateUpdated` datetime DEFAULT NULL,
  PRIMARY KEY (`course_type_ID`)
) ENGINE=InnoDB DEFAULT CHARSET=latin1 COMMENT='Contains Types of Courses';
/*!40101 SET character_set_client = @saved_cs_client */;

--
-- Dumping data for table `course_type`
--

LOCK TABLES `course_type` WRITE;
/*!40000 ALTER TABLE `course_type` DISABLE KEYS */;
INSERT INTO `course_type` VALUES (1,'Live Webinar',NULL,NULL,NULL),(2,'Recorded Webinar',NULL,NULL,NULL),(3,'PEB Webinar',NULL,NULL,NULL);
/*!40000 ALTER TABLE `course_type` ENABLE KEYS */;
UNLOCK TABLES;

--
-- Table structure for table `courses`
--

DROP TABLE IF EXISTS `courses`;
/*!40101 SET @saved_cs_client     = @@character_set_client */;
/*!40101 SET character_set_client = utf8 */;
CREATE TABLE `courses` (
  `CourseID` int(11) NOT NULL AUTO_INCREMENT,
  `Course_Name` varchar(300) NOT NULL,
  `Course_Description` varchar(2000) DEFAULT NULL,
  `course_type_id` int(11) DEFAULT NULL,
  `ParentCourseID` varchar(45) DEFAULT NULL,
  `DateCreated` datetime NOT NULL,
  `DateUpdated` datetime DEFAULT NULL,
  `Image_URL` varchar(300) DEFAULT NULL,
  `Preview_VideoURL` varchar(300) DEFAULT NULL,
  `Recorded_URL` varchar(300) DEFAULT NULL,
  `Webinar_URL` varchar(100) DEFAULT NULL,
  `Status` int(11) DEFAULT '0',
  `BannerImage_URL` varchar(300) DEFAULT NULL,
  `feedback_url` varchar(200) DEFAULT NULL,
  `assessment_url` varchar(200) DEFAULT NULL,
  PRIMARY KEY (`CourseID`),
  KEY `fk-coursetype_idx` (`course_type_id`),
  CONSTRAINT `fk-coursetype` FOREIGN KEY (`course_type_id`) REFERENCES `course_type` (`course_type_ID`) ON UPDATE CASCADE
) ENGINE=InnoDB AUTO_INCREMENT=272 DEFAULT CHARSET=latin1;
/*!40101 SET character_set_client = @saved_cs_client */;

--
-- Dumping data for table `courses`
--

LOCK TABLES `courses` WRITE;
/*!40000 ALTER TABLE `courses` DISABLE KEYS */;
INSERT INTO `courses` VALUES (171,'COVID-19 & FIDIC Contracts in Pakistan-A Practical Plan, Session-I ','Cloud Zoom Meeting\n1	INTRODUCTION\n2	AUDIENCE\n3	IS COVID-19 A FORCE MAJEURE / EXCEPTIONAL EVENT UNDER FIDIC?\n3.1	What does the audience say?\n3.2	What is force majeure?\n3.3	Conditions of Contract\n3.3.1	Different FIDIC\'s \n3.3.2	Definition	\n3.3.3	Notice\n3.3.4	Duty to Minimize Delay\n3.3.5	Entitlement\n4	SUMMARY\n5	QUESTION SESSION\n',1,NULL,'2020-06-01 09:23:41','2020-08-07 13:03:58','uploads/2020-08-04T11-37-37.237ZCovidd.png',NULL,NULL,'https://www.youtube.com/watch?v=i0KoOxF1cmw&t=16s',0,'uploads/2020-08-04T11-37-37.320Zcovid-19-2.png',NULL,NULL),(172,'COVID-19 & FIDIC Contracts in Pakistan-A Practical Plan, Session-II','Cloud Zoom Meeting\n1	INTRODUCTION\n2	SUMMARY OF THE FIRST SESSION\n3	ALTERNATIVES ENTITLEMENTS TO FM\n3.1	Contractual Entitlements\n3.2	Legal Entitlements\n4	MANAGEMENT OF THE CLAIM\n4.1	Notices\n4.2	Documentation\n4.3	Formal approach\n4.4	Innovative approach\n5	SUMMARY\n6	QUESTIONS &ANSWERS',1,NULL,'2020-06-01 09:33:59','2020-08-07 13:05:39','uploads/2020-08-04T11-37-05.754Zcovid-19-2.png',NULL,NULL,'https://www.youtube.com/watch?v=BgZt7Wj2tZ8',0,'uploads/2020-08-04T11-37-05.836Zcovid 19.jpg',NULL,NULL),(173,'Cyber Security','Cloud Zoom Meeting\nCyber Security is the practice of protecting systems, networks, and \nprograms from malware and cyber attacks.These cyber attacks are usually aimed at accessing, changing, or destroying sensitive information. Extorting money from users; or interrupting normal business operations.Every organization, big or small, public or private, profit or non-profit- is vulnerable to data and network breaches. \nMost organizations don’t know where they are most vulnerable, \nwho has access to their data, or whether their network security meet legal standards for prudent reasonable safeguards. In this workshop, we will discuss:\n\n1) What organizations can do to increase cyber readiness regarding security and risk management.\n2) What is Information security management system.\n3) What are the common areas of exposure and how to asset security.\n3) How to improve breach response with identity and access management.\n4) What are the new possible threats, their types and precautionary step.\n5) Practical approaches along with examples in different environments.\n',1,NULL,'2020-06-01 09:49:31','2020-09-22 16:20:42','uploads/2020-09-22T16-20-42.729Zcyber-security-1.png',NULL,NULL,'https://www.youtube.com/watch?v=Muu2tIKq5L0&t=13s',0,'uploads/2020-08-04T11-36-38.933Zbanner-2.jpg',NULL,NULL),(174,'Managing Stress for Enhanced Performance','Cloud Zoom Meeting\n1)	Understanding stress and its main causes;\n2)	Understanding stressors and conditions that lead to stress;\n3)	Learn what lifestyle elements can be changed to reduce stress;\n4)	Learn environmental and physical relaxation techniques;\n5)	Identifying the impact of stress on the job performance;\n6)	Learning copes up strategies in order to minimize or eliminate the stress and increase job performance\n',1,NULL,'2020-06-01 10:19:01','2020-07-09 09:14:38','uploads2020-07-09T09-14-38.362ZWhatsApp Image 2020-06-02 at 12.56.22 PM.jpeg',NULL,NULL,'pec.gov.pk',0,'uploads2020-06-30T19-09-16.759ZWhatsApp Image 2020-06-02 at 12.56.22 PM.jpeg',NULL,NULL),(226,'Project Procurement & Contract Management','Project Procurement and Contract Administration is one of the major areas of project management in all Engineering fields. The selection of appropriate project procurement method and exhaustive procurement documentation is critical to the success of all Engineering projects. However, in most of the Engineering and Construction projects, the lack of requisite expertise with the project managers and Engineers leads to project delays and cost overruns. This Webinar on project procurement management and contract administration is thus aimed bridging the gap between the theory and real practice in the Engineering Project management.\nThe course is designed to promote state-of-the-art construction management techniques and practices. It will help to identify problems of local industry, suggest remedial techniques and create awareness among managers, contractors, consultants, government agencies, development organization and academia.\nSpecifically, the course will emphasize on:\n-> To get the basic understanding of the Project procurement generic process.\n-> To familiarize the participants with the modern project management and procurement techniques\n-> To provide details of the Public Procurement Rules and their pitfalls. The strengths and Weaknesses of the rules\nshall be elaborated.\n-> To improve understanding of systematic price indexation and adjustments procedure. in view of the inflationary trends in the economy.',2,NULL,'2020-07-09 09:18:55','2020-09-01 12:59:37','uploads2020-07-09T09-18-55.401ZProject-procuremnet-and-contract-mgt.jpg',NULL,'https://drive.google.com/drive/folders/19kNVlOiaZZSHaVRyZ7WREDpHHPeOY7Y3?usp=sharing','https://drive.google.com/drive/folders/19kNVlOiaZZSHaVRyZ7WREDpHHPeOY7Y3?usp=sharing',1,'uploads2020-07-09T09-18-55.402Zbanner-5.jpg',NULL,NULL),(227,'Engineering Approach During Pandemic to Cater Emerging Needs','A webinar about the approach engineers must adopt to cater emerging needs.',2,NULL,'2020-07-09 09:26:21','2020-09-01 12:57:21','uploads/2020-08-04T11-36-13.980ZEngineering-Approach-during-Pandemic-to-cater-emerging-needs-3.jpg',NULL,'https://drive.google.com/drive/folders/1Ps4HYzKu_WSJdvTZjWsKI6aeikzFI1L2?usp=sharing','https://drive.google.com/drive/folders/1Ps4HYzKu_WSJdvTZjWsKI6aeikzFI1L2?usp=sharing',1,'uploads2020-07-09T09-26-22.206Zbanner-3.jpg',NULL,NULL),(228,'Naya webinarAAA','12123123123',NULL,NULL,'2020-07-22 14:06:07','2020-07-26 13:33:55','uploads2020-07-22T14-06-09.756ZCanIUseThisImage-Blog.png',NULL,NULL,'google.com',-1,'uploads2020-07-22T14-06-09.910ZCanIUseThisImage-Blog.png',NULL,NULL),(229,'Test after protecting routes','aaaa',NULL,NULL,'2020-07-26 14:43:43',NULL,'uploads2020-07-26T14-43-43.381ZIMG_20190207_000753_511.jpg',NULL,NULL,'aaa.com',-1,'uploads2020-07-26T14-43-43.385ZIMG_20190207_000753_511.jpg',NULL,NULL),(230,'Factor Affecting the Performance of R.O. (Reverse Osmosis) Plant','1.	Basic Definitions\n2.	Water Chemistry\n3.	Pre-treatment Options\n4.	Desalination Technologies & Filtration Processes\n5.	How Reverse Osmosis Works\n6.	Factors Influencing R.O. Performance\n7.	Membranes Cleaning',NULL,NULL,'2020-08-11 10:21:07',NULL,'uploads/2020-08-11T10-21-07.499ZThumb-Osmosis.jpg',NULL,NULL,'pec.gov.pk',0,'uploads/2020-08-11T10-21-07.578ZBanner-Osmosis.jpg',NULL,NULL),(231,'Factor Affecting the Performance of R.O. (Reverse Osmosis) Plant','Contents:\n1.	Basic Definitions\n2.	Water Chemistry\n3.	Pre-treatment Options\n4.	Desalination Technologies & Filtration Processes\n5.	How Reverse Osmosis Works\n6.	Factors Influencing R.O. Performance\n7.	Membranes Cleaning',2,NULL,'2020-08-11 10:27:05','2020-09-01 12:58:20','uploads/2020-08-11T10-27-05.859ZThumb-Osmosis.jpg',NULL,'https://drive.google.com/drive/folders/1hGOOcMrYgofZ0UPRvACCtUbSrdnCE4S9?usp=sharing','https://drive.google.com/drive/folders/1hGOOcMrYgofZ0UPRvACCtUbSrdnCE4S9?usp=sharing',1,'uploads/2020-08-11T10-27-06.194ZBanner-Osmosis.jpg',NULL,NULL),(234,'CAM for Designers: A Path to Better Designs','Content of Webinar:\n1.	Introduction to 2.5 Axis CAM\n2.	Technology Data Base\n3.	Automatic feature Recognition\n4.	Interactive feature Recognition\n5.	Pocket features\n6.	Contain and Avoid Areas\n7.	Hole features\n8.	Fillet and chamfer features',2,NULL,'2020-08-13 08:27:07','2020-08-13 09:12:35','uploads/2020-08-13T08-29-56.294Zthumb-CAD.jpg',NULL,'uploads/Cam For Designers A Path To Better Designs-1.m4v','https://www.pec.org.pk/cpd_sCourses_Upcoming_PEBs_test.aspx',1,'uploads/2020-08-13T09-12-35.729Z4.jpg',NULL,NULL),(235,'Investment Casting Process & Technology','Content of Webinar:\n•	Introduction to investment casting\n•	Equipment and consumables\n•	Part manufacturing and consulting\n•	Types\n•	Pros & cons\n•	Process, Technology and inspection.\n',2,NULL,'2020-08-13 08:33:30','2020-08-13 09:12:57','uploads/2020-08-13T08-45-45.990ZIC-Thumb-1.jpg',NULL,'uploads/Webinar on Investment Casting Process & Technology.mp4','https://www.pec.org.pk/cpd_sCourses_Upcoming_PEBs_test.aspx',1,'uploads/2020-08-13T09-12-58.044Z2.jpg',NULL,NULL),(236,'3D Printing with SLA Technology','•	The Development of 3D printing\n•	What SL Users can get benefit from Technology\n•	UnionTech Products and Solution\n•	3D Printing Applications\n',2,NULL,'2020-08-13 08:36:25','2020-08-13 09:13:22','uploads/2020-08-13T08-36-25.118ZThumb-3D-printing.jpg',NULL,'uploads/3D printing .mp4','https://www.pec.org.pk/cpd_sCourses_Upcoming_PEBs_test.aspx',1,'uploads/2020-08-13T09-13-22.673Z1.jpg',NULL,NULL),(237,'Improve Your Design Skills With SOLIDWORKS','During this webinar we will be discussing industrial design challenges using a 3D CAD design with real life case of Drilling Rig use to Drill Mechanical rocks & bolt screening to the walls ceiling to ensure safety in underground mines. We will also run virtual simulation tests to make sure the design must not fail in real world environment.\n\nJoin us in this webinar to eliminate design faults in complex assembly modeling. We will show in deep details various modeling techniques, generation of 2D Drawings including BOMs and validate design using virtual prototyping\n',2,NULL,'2020-08-13 08:38:07','2020-08-13 09:13:35','uploads/2020-08-13T08-38-07.463ZThumb-Solidworks.jpg',NULL,'uploads/improve Your Design Skills With Solidworks.mp4','https://www.pec.org.pk/cpd_sCourses_Upcoming_PEBs_test.aspx',1,'uploads/2020-08-13T09-13-36.055Z3.jpg',NULL,NULL),(238,'Test for Iframe','This is a test webinar for iframe',NULL,NULL,'2020-08-18 06:51:37',NULL,'uploads/2020-08-18T06-51-37.395Z17933624.jpg',NULL,NULL,'http://cpd.pec.org.pk/webinartest',-1,'uploads/2020-08-18T06-51-43.154Z17933624.jpg',NULL,NULL),(239,'Process Safety Management','1) Understanding the fundamentals of process safety\n2) Drivers for safety excellence\n3) Purpose of Process safety Management\n4) Elements of Process Safety Management\n5) Chemical Process safety strategies\n\nFeedback Form: https://docs.google.com/forms/d/e/1FAIpQLScIXlgi4E3Go3Hf0yQVWfL7tfjGGoccqM9Bsqz3j-aaejdcKw/viewform?vc=0&c=0&w=1&flr=0',1,NULL,'2020-08-31 09:41:06','2020-09-10 06:19:23','uploads/2020-08-31T09-41-06.618Zprocess-safety-300x300.jpg',NULL,NULL,'/webinartest',0,'uploads/2020-08-31T09-41-06.650Zbanner-process-safety-.jpg',NULL,NULL),(240,'dfs','dsfa',1,NULL,'2020-09-08 08:25:49',NULL,'uploads/2020-09-08T08-25-50.220Zf7c8d10b-0adc-4d96-ba3d-78d969cbf2e2.jpg',NULL,NULL,'https://meet.google.com/kpq-jcuo-bih',-1,'uploads/2020-09-08T08-25-51.004Zf7c8d10b-0adc-4d96-ba3d-78d969cbf2e2.jpg',NULL,NULL),(241,'Test Webinar','Test Description',1,NULL,'2020-09-08 10:31:42','2020-09-08 10:40:50','uploads/2020-09-08T10-31-42.689Zobs video.png',NULL,NULL,'https://iframe.dacast.com/b/145046/c/516109',-1,'uploads/2020-09-08T10-31-43.107Zobs audio.png',NULL,NULL),(242,'test','htfhg',1,NULL,'2020-09-08 13:35:38',NULL,'uploads/2020-09-08T13-35-38.528ZJoe-300x300-transparent.png',NULL,NULL,'google.com',-1,'uploads/2020-09-08T13-35-38.613ZJoe-300x300-transparent.png',NULL,NULL),(243,'Vision of Leadership For Engineers.','Vision of Leadership For Engineers',1,NULL,'2020-09-11 09:57:13','2020-09-23 00:18:04','uploads/2020-09-14T05-29-13.961Z12.jpg',NULL,NULL,'https://us02web.zoom.us/meeting/register/tZIvcumvqDMuHNx3f9TBD37-_fe7VYw7HC0P',0,'uploads/2020-09-14T09-29-16.826Zvision-of-leadership.png',NULL,NULL),(244,'Service of  Excellence Engineering Organizations','Service of  Excellence Engineering Organizations',1,NULL,'2020-09-24 18:04:48',NULL,'uploads/2020-09-24T18-04-48.655Zrsz_customer-service-excellence_training_narejo.png',NULL,NULL,'https://zoom.us/',0,'uploads/2020-09-24T18-04-49.054Zrsz_customer-service-excellence_training_narejo.png',NULL,NULL),(245,'Service of  Excellence for Engineering Organizations','Service of  Excellence for Engineering Organizations',1,NULL,'2020-09-25 11:41:07',NULL,'uploads/2020-09-25T11-41-08.049Zrsz_1rsz_1optimized93.png',NULL,NULL,'https://us02web.zoom.us/meeting/register/tZAoc--hpzgrEtQVBFZeNXm3T2pgBXHcV66a',0,'uploads/2020-09-25T11-41-09.025Zrsz_customer-service-excellence_training_narejo.png',NULL,NULL),(246,'Service of  Excellence for Engineering Organizations','Service of  Excellence for Engineering Organizations',1,NULL,'2020-09-29 14:59:41',NULL,'uploads/2020-09-29T14-59-43.701Zrsz_1rsz_1optimized93.png',NULL,NULL,'https://us02web.zoom.us/meeting/register/tZAoc--hpzgrEtQVBFZeNXm3T2pgBXHcV66a',0,'uploads/2020-09-29T14-59-43.713Zrsz_customer-service-excellence_training_narejo.png',NULL,NULL),(247,'Service of  Excellence for Engineering Organizations','Service of  Excellence for Engineering Organizations',1,NULL,'2020-09-29 15:09:08',NULL,'uploads/2020-09-29T15-09-10.221Zrsz_1rsz_1optimized93.png',NULL,NULL,'https://us02web.zoom.us/meeting/register/tZAoc--hpzgrEtQVBFZeNXm3T2pgBXHcV66a',1,'uploads/2020-09-29T15-09-10.226Zrsz_customer-service-excellence_training_narejo.png',NULL,NULL),(248,'test','test',1,NULL,'2020-09-30 15:05:01',NULL,'uploads/2020-09-30T15-05-03.404Zcovid 19.jpg',NULL,NULL,'pec.gov.pk',0,'uploads/2020-09-30T15-05-03.413Zbanner-3.jpg',NULL,NULL),(249,'Service of  Excellence for Engineering Organizations','Service of  Excellence for Engineering Organizations',1,NULL,'2020-09-30 15:22:47',NULL,'uploads/2020-09-30T15-22-48.992Zrsz_1rsz_1optimized93.png',NULL,NULL,'https://us02web.zoom.us/meeting/register/tZAoc--hpzgrEtQVBFZeNXm3T2pgBXHcV66a',0,'uploads/2020-09-30T15-22-49.003Zrsz_customer-service-excellence_training_narejo.png',NULL,NULL),(250,'test','123123',1,NULL,'2020-09-30 15:35:32',NULL,'uploads/2020-09-30T15-35-32.360Zcovid-19-2.png',NULL,NULL,'google.com',0,'uploads/2020-09-30T15-35-32.363ZCPD.png',NULL,NULL),(251,'test','asdasd',1,NULL,'2020-09-30 16:52:33',NULL,'uploads/2020-09-30T16-52-34.055ZCovidd.png',NULL,NULL,'pec.gov.pk',-1,'uploads/2020-09-30T16-52-34.059Zbanner-4.jpg',NULL,NULL),(252,'Service of  Excellence for Engineering Organizations','Service of  Excellence for Engineering Organizations',1,NULL,'2020-09-30 17:34:54',NULL,'uploads/2020-09-30T17-34-55.523Zrsz_1rsz_1optimized93.png',NULL,NULL,'https://us02web.zoom.us/meeting/register/tZAoc--hpzgrEtQVBFZeNXm3T2pgBXHcV66a',1,'uploads/2020-09-30T17-34-55.528Zrsz_customer-service-excellence_training_narejo.png',NULL,NULL),(253,'Service of  Excellence for Engineering Organizations','Service of  Excellence for Engineering Organizations',1,NULL,'2020-09-30 17:40:51','2020-09-30 17:41:40','uploads/2020-09-30T17-41-40.520Zrsz_1rsz_1optimized93.png',NULL,NULL,'https://us02web.zoom.us/meeting/register/tZAoc--hpzgrEtQVBFZeNXm3T2pgBXHcV66a',1,'uploads/2020-09-30T17-41-40.525Zrsz_customer-service-excellence_training_narejo.png',NULL,NULL),(254,'Service of  Excellence for Engineering Organizations','Service of  Excellence for Engineering Organizations',1,NULL,'2020-09-30 17:43:04',NULL,'uploads/2020-09-30T17-43-05.604Zrsz_1rsz_1optimized93.png',NULL,NULL,'https://us02web.zoom.us/meeting/register/tZAoc--hpzgrEtQVBFZeNXm3T2pgBXHcV66a',1,'uploads/2020-09-30T17-43-05.610Zrsz_customer-service-excellence_training_narejo.png',NULL,NULL),(255,'Service of  Excellence for Engineering Organizations','Service of  Excellence for Engineering Organizations',1,NULL,'2020-09-30 17:56:02',NULL,'uploads/2020-09-30T17-56-03.282Zrsz_customer-service-excellence_training_narejo.png',NULL,NULL,'https://us02web.zoom.us/meeting/register/tZAoc--hpzgrEtQVBFZeNXm3T2pgBXHcV66a',0,'uploads/2020-09-30T17-56-03.284Zrsz_1rsz_1optimized93.png',NULL,NULL),(256,'Service of  Excellence for Engineering Organizations','Service of  Excellence for Engineering Organizations',1,NULL,'2020-09-30 18:16:44',NULL,'uploads/2020-09-30T18-16-45.900Zrsz_1rsz_1optimized93.png',NULL,NULL,'https://us02web.zoom.us/meeting/register/tZAoc--hpzgrEtQVBFZeNXm3T2pgBXHcV66a',0,'uploads/2020-09-30T18-16-45.906Zrsz_customer-service-excellence_training_narejo.png',NULL,NULL),(257,'Service of  Excellence for Engineering Organizations','Service of  Excellence for Engineering Organizations',1,NULL,'2020-09-30 18:23:56',NULL,'uploads/2020-09-30T18-23-57.010Zrsz_1rsz_1optimized93.png',NULL,NULL,'https://us02web.zoom.us/meeting/register/tZAoc--hpzgrEtQVBFZeNXm3T2pgBXHcV66a',1,'uploads/2020-09-30T18-23-57.015Zrsz_customer-service-excellence_training_narejo.png',NULL,NULL),(258,'Highcharts Demo','sfsdfed',1,NULL,'2020-10-01 10:48:50',NULL,NULL,NULL,NULL,'https://meet.google.com/kpq-jcuo-bih',0,NULL,NULL,NULL),(259,'asfd','scds',1,NULL,'2020-10-01 11:47:49','2020-10-01 11:51:13','uploads/2020-10-01T11-51-13.517Zbizb2.png',NULL,NULL,'https://meet.google.com/kpq-jcuo-bih',-1,'uploads/2020-10-01T11-51-13.519Zavac 4.png',NULL,NULL),(260,'Change Management and Institutional Development ','Change Management and Institutional Development ',1,NULL,'2020-10-01 15:31:18','2020-10-09 15:06:54','uploads/2020-10-02T15-35-03.537Z2.jpg',NULL,NULL,'https://us02web.zoom.us/meeting/register/tZAoc--hpzgrEtQVBFZeNXm3T2pgBXHcV66a',1,'uploads/2020-10-02T15-35-03.538Z1.png','null','null'),(261,'Test Title','Test Description',1,NULL,'2020-10-01 15:54:01',NULL,'uploads/2020-10-01T15-54-01.992Zavac 3.png',NULL,NULL,'https://us02web.zoom.us/meeting/register/tZIvcumvqDMuHNx3f9TBD37-_fe7VYw7HC0P',-1,'uploads/2020-10-01T15-54-01.997Zavac 2.png',NULL,NULL),(262,'Test2 abc','abc',1,NULL,'2020-10-02 11:40:12',NULL,'uploads/2020-10-02T11-40-13.304Z7d3a556d-aa55-41cb-8819-231944e470fa-1c7763e71469.small.jpg','uploads/2020-10-02T11-40-13.306ZVideo Content.mp4',NULL,'https://us02web.zoom.us/j/84546993180?pwd=SVdiVTVkNTErSnk3cnBXaWdPVnpqZz09',1,'uploads/2020-10-02T11-40-13.307Z7d3a556d-aa55-41cb-8819-231944e470fa-1c7763e71469.small.jpg',NULL,NULL),(263,'fgdfg','gsg',1,NULL,'2020-10-02 13:28:19',NULL,NULL,NULL,NULL,'https://meet.google.com/kpq-jcuo-bih',0,NULL,NULL,NULL),(264,'Service of  Excellence for Engineering Organizations','Service of  Excellence for Engineering Organizations',1,NULL,'2020-10-02 13:31:12',NULL,'uploads/2020-10-02T13-31-13.447Zrsz_1rsz_1optimized93.png',NULL,NULL,'https://us02web.zoom.us/meeting/register/tZAoc--hpzgrEtQVBFZeNXm3T2pgBXHcV66a',-1,'uploads/2020-10-02T13-31-13.452Zrsz_customer-service-excellence_training_narejo.png','null','null'),(265,'BIM (Building Information Modeling) ','BIM (Building Information Modeling) ',1,NULL,'2020-10-02 14:17:07','2020-10-02 14:26:30','uploads/2020-10-02T14-26-33.681Z2.jpg',NULL,NULL,'https://us02web.zoom.us/meeting/register/tZAoc--hpzgrEtQVBFZeNXm3T2pgBXHcV66a',1,'uploads/2020-10-02T14-26-33.684Z1.jpg','null','null'),(266,'Applied Process Control System','Applied Process Control System',1,NULL,'2020-10-02 14:20:44',NULL,'uploads/2020-10-02T14-20-47.726Z1.jpg',NULL,NULL,'https://us02web.zoom.us/meeting/register/tZAoc--hpzgrEtQVBFZeNXm3T2pgBXHcV66a',1,'uploads/2020-10-02T14-20-47.729Z2.jpg',NULL,NULL),(267,'Presentation Skills and Report Writing ','Presentation Skills and Report Writing ',1,NULL,'2020-10-02 14:23:25','2020-10-02 14:25:55','uploads/2020-10-02T14-25-57.431Z1.jpg',NULL,NULL,'https://us02web.zoom.us/meeting/register/tZAoc--hpzgrEtQVBFZeNXm3T2pgBXHcV66a',1,'uploads/2020-10-02T14-25-57.433Z2.jpg','null','null'),(268,'PEC Bidding Documents and Contract Administration ','PEC Bidding Documents and Contract Administration ',1,NULL,'2020-10-02 15:17:07',NULL,'uploads/2020-10-02T15-17-08.819Z2.png',NULL,NULL,'https://us02web.zoom.us/meeting/register/tZAoc--hpzgrEtQVBFZeNXm3T2pgBXHcV66a',1,'uploads/2020-10-02T15-17-08.824Z1.jpg',NULL,NULL),(269,'Cyber Security II-Session ','Cyber Security II-Session ',1,NULL,'2020-10-02 15:20:18',NULL,'uploads/2020-10-02T15-20-19.566Z1.jpg',NULL,NULL,'https://us02web.zoom.us/meeting/register/tZAoc--hpzgrEtQVBFZeNXm3T2pgBXHcV66a',1,'uploads/2020-10-02T15-20-19.568Z2.jpg',NULL,NULL),(270,'Earth Quick Engineering','Earth Quick Engineering',1,NULL,'2020-10-02 15:23:13',NULL,'uploads/2020-10-02T15-23-13.631Z1.jpg',NULL,NULL,'https://us02web.zoom.us/meeting/register/tZAoc--hpzgrEtQVBFZeNXm3T2pgBXHcV66a',1,'uploads/2020-10-02T15-23-13.633Z2.jpg',NULL,NULL),(271,'Test for zoom','12312321',1,NULL,'2020-10-10 02:39:15',NULL,'uploads/2020-10-10T02-39-17.881Zwolverine-11.jpg',NULL,NULL,'google.com',0,'uploads/2020-10-10T02-39-17.895Zwolverine-11.jpg',NULL,NULL);
/*!40000 ALTER TABLE `courses` ENABLE KEYS */;
UNLOCK TABLES;

--
-- Table structure for table `coursetopics_coursecontent_bridge`
--

DROP TABLE IF EXISTS `coursetopics_coursecontent_bridge`;
/*!40101 SET @saved_cs_client     = @@character_set_client */;
/*!40101 SET character_set_client = utf8 */;
CREATE TABLE `coursetopics_coursecontent_bridge` (
  `course_content_id` int(11) NOT NULL,
  `course_topic_id` int(11) NOT NULL,
  `DateCreated` datetime NOT NULL,
  `DateUpdated` datetime NOT NULL,
  KEY `fk_coursecontentID_idx` (`course_content_id`),
  KEY `fk-topicID_idx` (`course_topic_id`),
  CONSTRAINT `fk-topicID` FOREIGN KEY (`course_topic_id`) REFERENCES `course_topic` (`course_topicID`) ON DELETE CASCADE ON UPDATE CASCADE,
  CONSTRAINT `fk_coursecontentID` FOREIGN KEY (`course_content_id`) REFERENCES `course_content` (`course_content_id`) ON DELETE CASCADE ON UPDATE CASCADE
) ENGINE=InnoDB DEFAULT CHARSET=latin1;
/*!40101 SET character_set_client = @saved_cs_client */;

--
-- Dumping data for table `coursetopics_coursecontent_bridge`
--

LOCK TABLES `coursetopics_coursecontent_bridge` WRITE;
/*!40000 ALTER TABLE `coursetopics_coursecontent_bridge` DISABLE KEYS */;
/*!40000 ALTER TABLE `coursetopics_coursecontent_bridge` ENABLE KEYS */;
UNLOCK TABLES;

--
-- Table structure for table `cpd_categories`
--

DROP TABLE IF EXISTS `cpd_categories`;
/*!40101 SET @saved_cs_client     = @@character_set_client */;
/*!40101 SET character_set_client = utf8 */;
CREATE TABLE `cpd_categories` (
  `cpd_points_id` int(11) NOT NULL AUTO_INCREMENT,
  `category` varchar(45) DEFAULT NULL,
  `subcategory` varchar(120) DEFAULT NULL,
  PRIMARY KEY (`cpd_points_id`)
) ENGINE=InnoDB AUTO_INCREMENT=26 DEFAULT CHARSET=latin1;
/*!40101 SET character_set_client = @saved_cs_client */;

--
-- Dumping data for table `cpd_categories`
--

LOCK TABLES `cpd_categories` WRITE;
/*!40000 ALTER TABLE `cpd_categories` DISABLE KEYS */;
INSERT INTO `cpd_categories` VALUES (1,'Formal Education','Post Graduate Diploma (PGD)'),(2,'Formal Education','Award of Post Graduate Degree (Engg, IT, Finance,Management, Law, Economics etc.)'),(3,'Formal Education','Award of Doctorate (Ph.D) in Engg'),(4,'Work Based Activities','Work Experience (Engineering related work including relevant aspects of Management)'),(5,'Developmental Activities','Membership of a recognized professional  association/ body'),(6,'Developmental Activities','Participation in  Training & Development programmes'),(7,'Developmental Activities','Participation in  Conference'),(8,'Developmental Activities','Participation in Seminar'),(9,'Developmental Activities','Participation in Lectures'),(10,'Developmental Activities','Participation in Workshop'),(11,'Developmental Activities','Refresher Course/ short course '),(12,'Individual  Activities','Invited lecture '),(13,'Individual  Activities','Symposium panelist'),(14,'Individual  Activities','Writing and publishing a research article in Journals/Technical report'),(15,'Individual  Activities','Writing Conference paper'),(16,'Individual  Activities','Authoring a Book'),(17,'Individual  Activities','Part of activities such as emergency/ recognized social work'),(18,'Individual  Activities','Participation in statutory. Technical or non-technical committees'),(19,'Individual  Activities','Managing Technical event');
/*!40000 ALTER TABLE `cpd_categories` ENABLE KEYS */;
UNLOCK TABLES;

--
-- Table structure for table `cpd_fields`
--

DROP TABLE IF EXISTS `cpd_fields`;
/*!40101 SET @saved_cs_client     = @@character_set_client */;
/*!40101 SET character_set_client = utf8 */;
CREATE TABLE `cpd_fields` (
  `cpd_points_id` int(11) NOT NULL,
  `field_name` varchar(100) DEFAULT NULL,
  `placeholder` varchar(100) DEFAULT NULL,
  `compulsory` tinyint(4) DEFAULT NULL,
  `remarks_fields` varchar(200) DEFAULT NULL,
  `id` int(11) NOT NULL AUTO_INCREMENT,
  `field_id` int(11) DEFAULT NULL,
  PRIMARY KEY (`id`),
  KEY `f-fk_idx` (`id`),
  KEY `f-fk_idx1` (`field_id`),
  CONSTRAINT `fields_fkk` FOREIGN KEY (`field_id`) REFERENCES `fields_info` (`field_id`) ON UPDATE CASCADE
) ENGINE=InnoDB AUTO_INCREMENT=552 DEFAULT CHARSET=latin1;
/*!40101 SET character_set_client = @saved_cs_client */;

--
-- Dumping data for table `cpd_fields`
--

LOCK TABLES `cpd_fields` WRITE;
/*!40000 ALTER TABLE `cpd_fields` DISABLE KEYS */;
INSERT INTO `cpd_fields` VALUES (1,'select_category',NULL,1,NULL,267,1),(1,'sub_category',NULL,1,NULL,268,2),(1,'uni_inst_name','Enter the name of university / Institution',1,NULL,269,3),(7,'inst_type',NULL,1,NULL,270,4),(1,'d_admission',NULL,1,NULL,271,5),(1,'mode_education',NULL,1,NULL,272,6),(2,'from_date',NULL,1,NULL,274,8),(2,'to_date',NULL,1,NULL,275,9),(2,'period',NULL,1,NULL,276,10),(2,'cpd_points_pec',NULL,1,NULL,277,11),(2,'cpd_points_user',NULL,1,NULL,278,12),(2,'upload',NULL,1,NULL,279,13),(4,'org_type',NULL,1,NULL,280,14),(4,'designation',NULL,1,NULL,281,15),(4,'nature_activities',NULL,1,NULL,282,16),(5,'n_p_body','Enter the name of organization',1,NULL,283,17),(6,'title_training','Enter the title of training',1,NULL,287,21),(2,'title_degree','',1,NULL,288,22),(12,'title_lecture','Enter the title of lecture',1,NULL,289,23),(13,'title_symposium','Enter the title of symposium',1,NULL,291,25),(14,'publish_date',NULL,1,NULL,294,28),(16,'t_book','Enter the title of book',1,NULL,297,31),(16,'book_publisher',NULL,1,NULL,298,32),(16,'approving_authority',NULL,1,NULL,299,33),(17,'nature_social_work',NULL,1,NULL,300,34),(18,'nature_committee',NULL,1,NULL,301,35),(18,'role_committee',NULL,1,NULL,302,36),(18,'tors_committee',NULL,1,NULL,305,39),(18,'notifying_authority',NULL,1,NULL,306,40),(18,'year_task_completed',NULL,1,NULL,307,41),(18,'year_task_assigned',NULL,1,NULL,308,42),(17,'r_social_work',NULL,1,NULL,309,43),(17,'d_activity',NULL,1,NULL,310,44),(6,'name_inst_pbody',NULL,1,NULL,311,45),(19,'location_event',NULL,1,NULL,312,46),(5,'membership_type',NULL,1,NULL,314,48),(3,'title_degree',NULL,1,NULL,315,22),(5,'professional_body_type',NULL,1,NULL,316,49),(7,'nature_participation',NULL,1,NULL,317,50),(1,'title_diploma',NULL,1,NULL,318,51),(15,'title_conference_paper','Enter the title of research article',1,NULL,320,52),(4,'name_organization','Enter the name of organization',1,NULL,322,53),(1,'select_category',NULL,1,NULL,323,1),(2,'select_category',NULL,1,NULL,324,1),(3,'select_category',NULL,1,NULL,325,1),(4,'select_category',NULL,1,NULL,326,1),(5,'select_category',NULL,1,NULL,327,1),(6,'select_category',NULL,1,NULL,328,1),(7,'select_category',NULL,1,NULL,329,1),(8,'select_category',NULL,1,NULL,330,1),(9,'select_category',NULL,1,NULL,331,1),(10,'select_category',NULL,1,NULL,332,1),(11,'select_category',NULL,1,NULL,333,1),(12,'select_category',NULL,1,NULL,334,1),(13,'select_category',NULL,1,NULL,335,1),(14,'select_category',NULL,1,NULL,336,1),(15,'select_category',NULL,1,NULL,337,1),(16,'select_category',NULL,1,NULL,338,1),(17,'select_category',NULL,1,NULL,339,1),(18,'select_category',NULL,1,NULL,340,1),(19,'select_category',NULL,1,NULL,341,1),(1,'sub_category',NULL,1,NULL,347,2),(2,'sub_category',NULL,1,NULL,348,2),(3,'sub_category',NULL,1,NULL,349,2),(4,'sub_category',NULL,1,NULL,350,2),(5,'sub_category',NULL,1,NULL,351,2),(6,'sub_category',NULL,1,NULL,352,2),(7,'sub_category',NULL,1,NULL,353,2),(8,'sub_category',NULL,1,NULL,354,2),(9,'sub_category',NULL,1,NULL,355,2),(10,'sub_category',NULL,1,NULL,356,2),(11,'sub_category',NULL,1,NULL,357,2),(12,'sub_category',NULL,1,NULL,358,2),(13,'sub_category',NULL,1,NULL,359,2),(14,'sub_category',NULL,1,NULL,360,2),(15,'sub_category',NULL,1,NULL,361,2),(16,'sub_category',NULL,1,NULL,362,2),(17,'sub_category',NULL,1,NULL,363,2),(18,'sub_category',NULL,1,NULL,364,2),(19,'sub_category',NULL,1,NULL,365,2),(2,'uni_inst_name','Enter the name of your university / institution',1,NULL,371,3),(3,'uni_inst_name','Enter the name of your university / institution',1,NULL,372,3),(2,'inst_type',NULL,1,NULL,373,4),(3,'inst_type',NULL,1,NULL,374,4),(6,'inst_type',NULL,1,NULL,375,4),(8,'inst_type',NULL,1,NULL,376,4),(9,'inst_type',NULL,1,NULL,377,4),(10,'inst_type',NULL,1,NULL,378,4),(11,'inst_type',NULL,1,NULL,379,4),(12,'inst_type',NULL,1,NULL,380,4),(13,'inst_type',NULL,1,NULL,381,4),(2,'d_admission',NULL,1,NULL,383,5),(3,'d_admission',NULL,1,NULL,384,5),(2,'mode_education',NULL,1,NULL,385,6),(3,'mode_education',NULL,1,NULL,386,6),(1,'from_date',NULL,1,NULL,396,8),(1,'to_date',NULL,1,NULL,397,9),(1,'period',NULL,1,NULL,398,10),(3,'from_date',NULL,1,NULL,399,8),(3,'to_date',NULL,1,NULL,400,9),(3,'period',NULL,1,NULL,401,10),(4,'from_date',NULL,1,NULL,402,8),(4,'to_date',NULL,1,NULL,403,9),(4,'period',NULL,1,NULL,404,10),(6,'from_date',NULL,1,NULL,405,8),(6,'to_date',NULL,1,NULL,406,9),(6,'period',NULL,1,NULL,407,10),(7,'from_date',NULL,1,NULL,408,8),(7,'to_date',NULL,1,NULL,409,9),(7,'period',NULL,1,NULL,410,10),(8,'from_date',NULL,1,NULL,411,8),(8,'to_date',NULL,1,NULL,412,9),(8,'period',NULL,1,NULL,413,10),(9,'from_date',NULL,1,NULL,414,8),(9,'to_date',NULL,1,NULL,415,9),(9,'period',NULL,1,NULL,416,10),(10,'from_date',NULL,1,NULL,417,8),(10,'to_date',NULL,1,NULL,418,9),(10,'period',NULL,1,NULL,419,10),(11,'from_date',NULL,1,NULL,420,8),(11,'to_date',NULL,1,NULL,421,9),(11,'period',NULL,1,NULL,422,10),(12,'from_date',NULL,1,NULL,423,8),(12,'to_date',NULL,1,NULL,424,9),(12,'period',NULL,1,NULL,425,10),(13,'from_date',NULL,1,NULL,426,8),(13,'to_date',NULL,1,NULL,427,9),(13,'period',NULL,1,NULL,428,10),(1,'cpd_points_pec',NULL,1,NULL,435,11),(3,'cpd_points_pec',NULL,1,NULL,436,11),(4,'cpd_points_pec',NULL,1,NULL,437,11),(5,'cpd_points_pec',NULL,1,NULL,438,11),(6,'cpd_points_pec',NULL,1,NULL,439,11),(7,'cpd_points_pec',NULL,1,NULL,440,11),(8,'cpd_points_pec',NULL,1,NULL,441,11),(9,'cpd_points_pec',NULL,1,NULL,442,11),(10,'cpd_points_pec',NULL,1,NULL,443,11),(11,'cpd_points_pec',NULL,1,NULL,444,11),(12,'cpd_points_pec',NULL,1,NULL,445,11),(13,'cpd_points_pec',NULL,1,NULL,446,11),(14,'cpd_points_pec',NULL,1,NULL,447,11),(15,'cpd_points_pec',NULL,1,NULL,448,11),(16,'cpd_points_pec',NULL,1,NULL,449,11),(17,'cpd_points_pec',NULL,1,NULL,450,11),(18,'cpd_points_pec',NULL,1,NULL,451,11),(19,'cpd_points_pec',NULL,1,NULL,452,11),(1,'cpd_points_user',NULL,1,NULL,459,12),(3,'cpd_points_user',NULL,1,NULL,460,12),(4,'cpd_points_user',NULL,1,NULL,461,12),(5,'cpd_points_user',NULL,1,NULL,462,12),(6,'cpd_points_user',NULL,1,NULL,463,12),(7,'cpd_points_user',NULL,1,NULL,464,12),(8,'cpd_points_user',NULL,1,NULL,465,12),(9,'cpd_points_user',NULL,1,NULL,466,12),(10,'cpd_points_user',NULL,1,NULL,467,12),(11,'cpd_points_user',NULL,1,NULL,468,12),(12,'cpd_points_user',NULL,1,NULL,469,12),(13,'cpd_points_user',NULL,1,NULL,470,12),(14,'cpd_points_user',NULL,1,NULL,471,12),(15,'cpd_points_user',NULL,1,NULL,472,12),(16,'cpd_points_user',NULL,1,NULL,473,12),(17,'cpd_points_user',NULL,1,NULL,474,12),(18,'cpd_points_user',NULL,1,NULL,475,12),(19,'cpd_points_user',NULL,1,NULL,476,12),(1,'upload',NULL,1,NULL,483,13),(3,'upload',NULL,1,NULL,484,13),(4,'upload',NULL,1,NULL,485,13),(5,'upload',NULL,1,NULL,486,13),(6,'upload',NULL,1,NULL,487,13),(7,'upload',NULL,1,NULL,488,13),(8,'upload',NULL,1,NULL,489,13),(9,'upload',NULL,1,NULL,490,13),(10,'upload',NULL,1,NULL,491,13),(13,'upload',NULL,1,NULL,492,13),(14,'upload',NULL,1,NULL,493,13),(15,'upload',NULL,1,NULL,494,13),(16,'upload',NULL,1,NULL,495,13),(17,'upload',NULL,1,NULL,496,13),(18,'upload',NULL,1,NULL,497,13),(19,'upload',NULL,1,NULL,498,13),(5,'year_reg',NULL,1,NULL,508,18),(5,'renew_upto',NULL,1,NULL,509,19),(2,'course_work',NULL,1,NULL,511,24),(14,'title_research_article','Enter the title of research article',1,NULL,512,26),(14,'n_journal',NULL,1,NULL,513,27),(16,'publish_date',NULL,1,NULL,514,28),(7,'t_conference',NULL,1,NULL,515,29),(15,'name_host_org',NULL,1,NULL,516,30),(19,'nature_event',NULL,1,NULL,517,37),(19,'role_event',NULL,1,NULL,518,38),(7,'name_inst_pbody',NULL,1,NULL,519,45),(8,'name_inst_pbody',NULL,1,NULL,520,45),(9,'name_inst_pbody',NULL,1,NULL,521,45),(10,'name_inst_pbody',NULL,1,NULL,522,45),(11,'name_inst_pbody',NULL,1,NULL,523,45),(12,'name_inst_pbody',NULL,1,NULL,524,45),(13,'name_inst_pbody',NULL,1,NULL,525,45),(19,'event_type',NULL,1,NULL,527,47),(6,'nature_participation',NULL,1,NULL,530,50),(8,'nature_participation',NULL,1,NULL,531,50),(9,'nature_participation',NULL,1,NULL,532,50),(10,'nature_participation',NULL,1,NULL,533,50),(11,'nature_participation',NULL,1,NULL,534,50),(12,'nature_participation',NULL,1,NULL,535,50),(13,'nature_participation',NULL,1,NULL,536,50),(15,'loco',NULL,1,NULL,538,55),(19,'date_event',NULL,1,NULL,540,56),(14,'publication_type',NULL,1,NULL,542,57),(17,'organizing_body',NULL,1,NULL,545,58),(8,'title_seminar',NULL,1,NULL,548,60),(9,'title_seminar',NULL,1,NULL,549,60),(10,'title_Workshop',NULL,1,NULL,550,61),(11,'title_course_short',NULL,1,NULL,551,62);
/*!40000 ALTER TABLE `cpd_fields` ENABLE KEYS */;
UNLOCK TABLES;

--
-- Table structure for table `cpd_form_submission`
--

DROP TABLE IF EXISTS `cpd_form_submission`;
/*!40101 SET @saved_cs_client     = @@character_set_client */;
/*!40101 SET character_set_client = utf8 */;
CREATE TABLE `cpd_form_submission` (
  `submission_id` int(11) NOT NULL AUTO_INCREMENT,
  `user_id` int(11) DEFAULT NULL,
  `date` datetime DEFAULT CURRENT_TIMESTAMP,
  `form_id` int(11) NOT NULL,
  `category` varchar(200) DEFAULT NULL,
  `subcategory` varchar(200) DEFAULT NULL,
  `cpd_points_pec` float DEFAULT NULL,
  `status` varchar(100) DEFAULT NULL,
  `final_approved_points` float DEFAULT NULL,
  `file_path` varchar(500) DEFAULT NULL,
  `file_type` varchar(500) DEFAULT NULL,
  `remarks` varchar(500) DEFAULT NULL,
  PRIMARY KEY (`submission_id`),
  KEY `foorm_idfk_idx` (`form_id`),
  CONSTRAINT `foorm_idfk` FOREIGN KEY (`form_id`) REFERENCES `cpd_categories` (`cpd_points_id`) ON UPDATE CASCADE
) ENGINE=InnoDB AUTO_INCREMENT=263 DEFAULT CHARSET=latin1;
/*!40101 SET character_set_client = @saved_cs_client */;

--
-- Dumping data for table `cpd_form_submission`
--

LOCK TABLES `cpd_form_submission` WRITE;
/*!40000 ALTER TABLE `cpd_form_submission` DISABLE KEYS */;
INSERT INTO `cpd_form_submission` VALUES (130,8,'2020-09-24 21:56:31',3,'Formal Education','Award of Doctorate (Ph.D) in Engg',12,'Approved',10,'claims/2020-09-24T16-56-31.827Zlogitech-g302-daedalus-prime-moba-gaming-mouse-eitstore-1804-20-eitstore@27.jpg','jpg',''),(131,8,'2020-09-24 23:20:22',1,'Formal Education','Post Graduate Diploma (PGD)',0,'Rejected',0,'claims/2020-09-24T18-20-21.345Zobs video.png','png','Document is not provided.'),(132,253998,'2020-09-24 23:23:02',9,'Developmental Activities','Participation in Lectures',0.5,'Pending',NULL,'claims/2020-09-24T18-23-01.757ZAs Built 3D Documentation Process and 3D Intelligent Modeling with tracking Sensors CPD.pdf','pdf',NULL),(133,254059,'2020-09-25 04:13:42',9,'Developmental Activities','Participation in Lectures',0,'Pending',NULL,'claims/2020-09-24T23-13-40.889ZHoe emotional intelligence plays vital role.jpg','jpg',NULL),(134,254148,'2020-09-25 04:13:51',10,'Developmental Activities','Participation in Workshop',0,'Pending',NULL,'claims/2020-09-24T23-13-40.635ZCPD CERTIFICATE.png','png',NULL),(135,254148,'2020-09-25 04:15:58',10,'Developmental Activities','Participation in Workshop',0,'Pending',NULL,'claims/2020-09-24T23-15-45.151Z20200417-223644_p0.jpg','jpg',NULL),(136,254148,'2020-09-25 04:17:38',10,'Developmental Activities','Participation in Workshop',0,'Pending',NULL,'claims/2020-09-24T23-17-15.585Zimage.png.pdf','pdf',NULL),(137,254177,'2020-09-25 08:08:15',10,'Developmental Activities','Participation in Workshop',0,'Pending',NULL,'claims/2020-09-25T03-08-13.552Zimage (1).png','png',NULL),(138,254177,'2020-09-25 08:13:04',8,'Developmental Activities','Participation in Seminar',0,'Pending',NULL,'claims/2020-09-25T03-13-04.805ZSyed-Moosa-Raza__1600980634_39.34.179.138.jpg','jpg',NULL),(139,254177,'2020-09-25 08:15:03',7,'Developmental Activities','Participation in  Conference',0,'Pending',NULL,'claims/2020-09-25T03-15-01.181Zimage (2).png','png',NULL),(140,254177,'2020-09-25 08:17:30',8,'Developmental Activities','Participation in Seminar',0,'Pending',NULL,'claims/2020-09-25T03-17-30.090Zwebinar certificates final-page-088.jpg','jpg',NULL),(141,254177,'2020-09-25 08:20:37',8,'Developmental Activities','Participation in Seminar',0,'Pending',NULL,'claims/2020-09-25T03-20-37.492ZWWT-E1472.pdf','pdf',NULL),(142,254177,'2020-09-25 08:22:23',8,'Developmental Activities','Participation in Seminar',0,'Pending',NULL,'claims/2020-09-25T03-22-23.533ZCPD-RT1507.pdf','pdf',NULL),(143,254177,'2020-09-25 08:23:42',8,'Developmental Activities','Participation in Seminar',0,'Pending',NULL,'claims/2020-09-25T03-23-41.828ZCOVID-14815.pdf','pdf',NULL),(144,254177,'2020-09-25 08:25:14',10,'Developmental Activities','Participation in Workshop',0,'Pending',NULL,'claims/2020-09-25T03-25-13.621ZEngineers Certificates updated June, 2020.pdf','pdf',NULL),(145,254177,'2020-09-25 08:26:57',10,'Developmental Activities','Participation in Workshop',0,'Pending',NULL,'claims/2020-09-25T03-26-56.655ZSyed Mosa Raza.pdf','pdf',NULL),(146,254178,'2020-09-25 13:33:11',2,'Formal Education','Award of Post Graduate Degree (Engg, IT, Finance,Management, Law, Economics etc.)',4,'Pending',NULL,'claims/2020-09-25T08-33-11.297ZMSc  (FALL SEMESTER–2019) EXAMINATIONS IN CIVIL ENGINEERING-FINAL RESULT .pdf','pdf',NULL),(147,254178,'2020-09-25 14:54:06',4,'Work Based Activities','Work Experience (Engineering related work including relevant aspects of Management)',0,'Pending',NULL,'claims/2020-09-25T09-54-05.247Zcombinepdf.pdf','pdf',NULL),(148,254178,'2020-09-25 15:00:52',8,'Developmental Activities','Participation in Seminar',0,'Pending',NULL,'claims/2020-09-25T10-00-51.442ZMr.Muhammad Maad Raza.pdf','pdf',NULL),(149,254178,'2020-09-25 15:14:43',8,'Developmental Activities','Participation in Seminar',0,'Pending',NULL,'claims/2020-09-25T10-14-43.282ZWhatsApp Image 2020-09-25 at 8.49.02 AM.jpeg','jpeg',NULL),(150,254169,'2020-09-25 15:56:47',4,'Work Based Activities','Work Experience (Engineering related work including relevant aspects of Management)',1,'Pending',NULL,'claims/2020-09-25T10-56-41.697ZAjk Engineers Job.jpeg','jpeg',NULL),(151,253944,'2020-09-25 16:08:52',3,'Formal Education','Award of Doctorate (Ph.D) in Engg',0,'Pending',NULL,'claims/2020-09-25T11-08-52.060ZSahar-PhD.jpg','jpg',NULL),(152,254105,'2020-09-25 17:18:04',1,'Formal Education','Post Graduate Diploma (PGD)',0,'Pending',NULL,'claims/2020-09-25T12-18-02.064ZPost gratudae degree.JPG','JPG',NULL),(153,254105,'2020-09-25 17:24:42',4,'Work Based Activities','Work Experience (Engineering related work including relevant aspects of Management)',0,'Pending',NULL,'claims/2020-09-25T12-24-38.232ZPost gratudae degree.JPG','JPG',NULL),(154,254105,'2020-09-25 17:27:56',4,'Work Based Activities','Work Experience (Engineering related work including relevant aspects of Management)',0,'Pending',NULL,'claims/2020-09-25T12-27-55.465ZSudheer Experience Letter.pdf','pdf',NULL),(155,254105,'2020-09-25 17:29:57',4,'Work Based Activities','Work Experience (Engineering related work including relevant aspects of Management)',0,'Pending',NULL,'claims/2020-09-25T12-29-54.440Zsudheer engro experience letter.40_2','40_2',NULL),(156,254105,'2020-09-25 18:07:00',6,'Developmental Activities','Participation in  Training & Development programmes',0,'Pending',NULL,'claims/2020-09-25T13-06-01.389Zauto cad certificate.jpg','jpg',NULL),(157,254105,'2020-09-25 18:13:30',6,'Developmental Activities','Participation in  Training & Development programmes',0,'Pending',NULL,'claims/2020-09-25T13-12-40.317Zcomputer certificate.jpg','jpg',NULL),(158,254105,'2020-09-25 18:24:06',6,'Developmental Activities','Participation in  Training & Development programmes',0,'Pending',NULL,'claims/2020-09-25T13-23-06.741Zprimvera p6 certificate.jpg','jpg',NULL),(159,254180,'2020-09-25 19:56:43',4,'Work Based Activities','Work Experience (Engineering related work including relevant aspects of Management)',1,'Pending',NULL,'claims/2020-09-25T14-56-39.578ZA_1.jpg','jpg',NULL),(160,254185,'2020-09-25 20:32:36',10,'Developmental Activities','Participation in Workshop',1,'Pending',NULL,'claims/2020-09-25T15-32-36.146ZWelding.pdf','pdf',NULL),(161,254185,'2020-09-25 20:38:48',6,'Developmental Activities','Participation in  Training & Development programmes',1,'Pending',NULL,'claims/2020-09-25T15-38-47.795ZDawlance.pdf','pdf',NULL),(162,254188,'2020-09-25 20:54:39',2,'Formal Education','Award of Post Graduate Degree (Engg, IT, Finance,Management, Law, Economics etc.)',6,'Pending',NULL,'claims/2020-09-25T15-54-16.998Z4.MSc. Degree.pdf','pdf',NULL),(163,254185,'2020-09-25 20:56:41',6,'Developmental Activities','Participation in  Training & Development programmes',1,'Pending',NULL,'claims/2020-09-25T15-56-40.865ZJaffer.pdf','pdf',NULL),(164,254185,'2020-09-25 21:04:18',6,'Developmental Activities','Participation in  Training & Development programmes',0,'Pending',NULL,'claims/2020-09-25T16-04-18.520ZNTD 1.pdf','pdf',NULL),(165,254185,'2020-09-25 21:08:23',6,'Developmental Activities','Participation in  Training & Development programmes',0,'Pending',NULL,'claims/2020-09-25T16-08-22.850ZNDT.pdf','pdf',NULL),(166,254194,'2020-09-26 01:12:48',2,'Formal Education','Award of Post Graduate Degree (Engg, IT, Finance,Management, Law, Economics etc.)',6,'Pending',NULL,'claims/2020-09-25T20-12-45.681ZDegree.jpg','jpg',NULL),(167,254194,'2020-09-26 01:19:34',6,'Developmental Activities','Participation in  Training & Development programmes',0,'Pending',NULL,'claims/2020-09-25T20-18-53.400Z5. Supervision of construction projects.jpg','jpg',NULL),(168,254194,'2020-09-26 01:21:45',6,'Developmental Activities','Participation in  Training & Development programmes',0,'Pending',NULL,'claims/2020-09-25T20-21-40.111Z5. Supervision of construction projects.jpg','jpg',NULL),(169,254194,'2020-09-26 01:52:57',10,'Developmental Activities','Participation in Workshop',0,'Pending',NULL,'claims/2020-09-25T20-52-54.630Z6. Bridge Design.jpg','jpg',NULL),(170,253927,'2020-09-26 03:33:14',4,'Work Based Activities','Work Experience (Engineering related work including relevant aspects of Management)',1,'Pending',NULL,'claims/2020-09-25T22-33-11.893ZExperience Certificate.jpg','jpg',NULL),(171,253927,'2020-09-26 04:15:03',8,'Developmental Activities','Participation in Seminar',0,'Pending',NULL,'claims/2020-09-25T23-14-57.114Zcpd certificate.png','png',NULL),(172,253927,'2020-09-26 04:27:33',10,'Developmental Activities','Participation in Workshop',0,'Pending',NULL,'claims/2020-09-25T23-27-19.028ZCPD Certificate..png','png',NULL),(173,253927,'2020-09-26 04:42:38',8,'Developmental Activities','Participation in Seminar',0,'Pending',NULL,'claims/2020-09-25T23-42-14.864Z20200925_221603 (1).jpg','jpg',NULL),(174,254205,'2020-09-26 20:28:11',6,'Developmental Activities','Participation in  Training & Development programmes',0,'Pending',NULL,'claims/2020-09-26T15-28-09.950ZPEC 2016.jpg','jpg',NULL),(175,254209,'2020-09-26 20:33:51',8,'Developmental Activities','Participation in Seminar',0.5,'Pending',NULL,'claims/2020-09-26T15-33-48.858ZIMG_20200926_140440.jpg','jpg',NULL),(176,254205,'2020-09-26 20:38:00',8,'Developmental Activities','Participation in Seminar',0,'Pending',NULL,'claims/2020-09-26T15-37-59.562Z2019 Sarhad.jpg','jpg',NULL),(177,254209,'2020-09-26 20:39:08',8,'Developmental Activities','Participation in Seminar',0,'Pending',NULL,'claims/2020-09-26T15-39-05.530ZIMG_20200926_141039 (1).jpg','jpg',NULL),(178,254205,'2020-09-26 20:44:20',10,'Developmental Activities','Participation in Workshop',0,'Pending',NULL,'claims/2020-09-26T15-44-19.390Z2018 Scopo Public Sp.jpg','jpg',NULL),(179,254205,'2020-09-26 20:49:03',10,'Developmental Activities','Participation in Workshop',0,'Pending',NULL,'claims/2020-09-26T15-49-02.540Z2018 Scopo Water .jpg','jpg',NULL),(180,254210,'2020-09-26 23:17:43',10,'Developmental Activities','Participation in Workshop',0,'Pending',NULL,'claims/2020-09-26T18-17-30.472ZCPD CFT 1.jpg','jpg',NULL),(181,254215,'2020-09-27 02:12:48',6,'Developmental Activities','Participation in  Training & Development programmes',0,'Pending',NULL,'claims/2020-09-26T21-12-35.682Zcer.4.jpg','jpg',NULL),(182,254105,'2020-09-27 02:59:48',4,'Work Based Activities','Work Experience (Engineering related work including relevant aspects of Management)',0,'Pending',NULL,'claims/2020-09-26T21-59-27.303ZDSTP_Certificate_ 9YAERJYPQ.pdf','pdf',NULL),(183,254105,'2020-09-27 03:01:37',4,'Work Based Activities','Work Experience (Engineering related work including relevant aspects of Management)',0,'Pending',NULL,'claims/2020-09-26T22-01-24.325ZDSTP_Certificate_ MUT8JQPQ5.pdf','pdf',NULL),(184,254105,'2020-09-27 03:04:21',4,'Work Based Activities','Work Experience (Engineering related work including relevant aspects of Management)',0,'Pending',NULL,'claims/2020-09-26T22-03-56.393ZIOSH certificate.jpg','jpg',NULL),(185,254105,'2020-09-27 03:07:10',4,'Work Based Activities','Work Experience (Engineering related work including relevant aspects of Management)',0,'Pending',NULL,'claims/2020-09-26T22-06-49.052ZIMG_20200926_184448.jpg','jpg',NULL),(186,254218,'2020-09-27 06:32:23',10,'Developmental Activities','Participation in Workshop',0,'Pending',NULL,'claims/2020-09-27T01-32-22.992Z16011472872679016030463895747062.jpg','jpg',NULL),(187,254222,'2020-09-27 18:37:06',1,'Formal Education','Post Graduate Diploma (PGD)',0,'Pending',NULL,'claims/2020-09-27T13-36-57.605ZMS Degree.jpg','jpg',NULL),(188,254222,'2020-09-27 18:37:11',1,'Formal Education','Post Graduate Diploma (PGD)',0,'Pending',NULL,'claims/2020-09-27T13-37-00.591ZMS Degree.jpg','jpg',NULL),(189,254222,'2020-09-27 18:42:45',4,'Work Based Activities','Work Experience (Engineering related work including relevant aspects of Management)',0,'Pending',NULL,'claims/2020-09-27T13-42-40.057ZOFFER LETTER.pdf','pdf',NULL),(190,254226,'2020-09-27 21:23:55',4,'Work Based Activities','Work Experience (Engineering related work including relevant aspects of Management)',0,'Pending',NULL,'claims/2020-09-27T16-23-50.841ZCamScanner 09-27-2020 14.58.43.pdf','pdf',NULL),(191,254209,'2020-09-28 16:20:56',6,'Developmental Activities','Participation in  Training & Development programmes',1,'Pending',NULL,'claims/2020-09-28T11-20-56.350ZIMG_20200926_142437.jpg','jpg',NULL),(192,254232,'2020-09-28 16:23:50',8,'Developmental Activities','Participation in Seminar',0.5,'Pending',NULL,'claims/2020-09-28T11-23-50.235ZHow to get amazing results by coaching your staff.pdf','pdf',NULL),(193,254232,'2020-09-28 16:25:07',8,'Developmental Activities','Participation in Seminar',0,'Pending',NULL,'claims/2020-09-28T11-25-07.428Zhow to become it how to achive it.pdf','pdf',NULL),(194,254232,'2020-09-28 16:26:28',8,'Developmental Activities','Participation in Seminar',0,'Pending',NULL,'claims/2020-09-28T11-26-27.221Zmetaphors used in the marketing.pdf','pdf',NULL),(195,254232,'2020-09-28 16:26:32',8,'Developmental Activities','Participation in Seminar',0,'Pending',NULL,'claims/2020-09-28T11-26-30.716Zmetaphors used in the marketing.pdf','pdf',NULL),(196,254209,'2020-09-28 16:26:33',6,'Developmental Activities','Participation in  Training & Development programmes',1,'Pending',NULL,'claims/2020-09-28T11-26-31.110ZIMG_20200926_142413.jpg','jpg',NULL),(197,254209,'2020-09-28 16:26:51',6,'Developmental Activities','Participation in  Training & Development programmes',1,'Pending',NULL,'claims/2020-09-28T11-26-50.739ZIMG_20200926_142413.jpg','jpg',NULL),(198,254232,'2020-09-28 16:28:10',8,'Developmental Activities','Participation in Seminar',0,'Pending',NULL,'claims/2020-09-28T11-28-09.037Zhow to get others to promote your products.pdf','pdf',NULL),(199,254232,'2020-09-28 16:29:11',8,'Developmental Activities','Participation in Seminar',0,'Pending',NULL,'claims/2020-09-28T11-29-10.774Zthe networking mindset.pdf','pdf',NULL),(200,254232,'2020-09-28 16:30:07',8,'Developmental Activities','Participation in Seminar',0,'Pending',NULL,'claims/2020-09-28T11-30-05.889Zsystemetic thinking approach to problem solving for bussiness.pdf','pdf',NULL),(201,254232,'2020-09-28 16:30:07',8,'Developmental Activities','Participation in Seminar',0,'Pending',NULL,'claims/2020-09-28T11-30-06.679Zsystemetic thinking approach to problem solving for bussiness.pdf','pdf',NULL),(202,253982,'2020-09-28 16:46:07',4,'Work Based Activities','Work Experience (Engineering related work including relevant aspects of Management)',1,'Pending',NULL,'claims/2020-09-28T11-46-05.496ZExperience Letter.jpeg','jpeg',NULL),(203,254036,'2020-09-28 17:23:06',14,'Individual  Activities','Writing and publishing a research article in Journals/Technical report',3,'Pending',NULL,'claims/2020-09-28T12-23-05.406Z10.1080@15567036.2020.1739784.pdf','pdf',NULL),(204,254252,'2020-09-29 20:01:18',4,'Work Based Activities','Work Experience (Engineering related work including relevant aspects of Management)',0,'Pending',NULL,'claims/2020-09-29T15-01-18.398Ztotal executive.png','png',NULL),(205,254251,'2020-09-29 20:38:00',2,'Formal Education','Award of Post Graduate Degree (Engg, IT, Finance,Management, Law, Economics etc.)',6,'Pending',NULL,'claims/2020-09-29T15-38-00.113ZMS Cirtificate.pdf','pdf',NULL),(206,254253,'2020-09-29 21:18:17',2,'Formal Education','Award of Post Graduate Degree (Engg, IT, Finance,Management, Law, Economics etc.)',0,'Pending',NULL,'claims/2020-09-29T16-18-17.129ZM.Sc.jpeg','jpeg',NULL),(207,254253,'2020-09-29 21:26:54',2,'Formal Education','Award of Post Graduate Degree (Engg, IT, Finance,Management, Law, Economics etc.)',6,'Pending',NULL,'claims/2020-09-29T16-26-54.418ZM.Sc.jpeg','jpeg',NULL),(208,254253,'2020-09-29 21:36:45',4,'Work Based Activities','Work Experience (Engineering related work including relevant aspects of Management)',0,'Pending',NULL,'claims/2020-09-29T16-36-45.687ZWhatsApp Image 2019-03-25 at 3.36.27 PM.jpeg','jpeg',NULL),(209,254253,'2020-09-29 21:39:12',4,'Work Based Activities','Work Experience (Engineering related work including relevant aspects of Management)',0,'Pending',NULL,'claims/2020-09-29T16-39-12.040ZS. A. Baytur Co. Experience Letter.pdf','pdf',NULL),(210,254252,'2020-09-30 19:24:01',6,'Developmental Activities','Participation in  Training & Development programmes',0,'Pending',NULL,'claims/2020-09-30T14-24-01.973ZB612_20180712_123644.jpg','jpg',NULL),(211,254252,'2020-09-30 19:26:09',5,'Developmental Activities','Membership of a recognized professional  association/ body',1,'Pending',NULL,'claims/2020-09-30T14-26-09.093ZB612_20180712_123612.jpg','jpg',NULL),(212,254179,'2020-09-30 23:05:02',10,'Developmental Activities','Participation in Workshop',1,'Pending',NULL,'claims/2020-09-30T18-05-02.258ZPrimavera.pdf','pdf',NULL),(213,253998,'2020-09-30 23:41:09',4,'Work Based Activities','Work Experience (Engineering related work including relevant aspects of Management)',0,'Pending',NULL,'claims/2020-09-30T18-41-09.359ZIT LECTURER 2019-10-22_2.pdf','pdf',NULL),(214,253998,'2020-09-30 23:49:32',2,'Formal Education','Award of Post Graduate Degree (Engg, IT, Finance,Management, Law, Economics etc.)',4,'Pending',NULL,'claims/2020-09-30T18-49-32.876ZCamScanner 09-30-2020 17.27.15_1.pdf','pdf',NULL),(215,253998,'2020-10-01 03:38:59',10,'Developmental Activities','Participation in Workshop',0,'Pending',NULL,'claims/2020-09-30T22-38-59.806ZCamScanner 09-27-2020 21.10.43_2(3).jpg','jpg',NULL),(216,253998,'2020-10-01 15:50:05',8,'Developmental Activities','Participation in Seminar',0.5,'Pending',NULL,'claims/2020-10-01T10-50-05.155Z14 july.jpg','jpg',NULL),(217,253998,'2020-10-01 15:59:02',8,'Developmental Activities','Participation in Seminar',0.5,'Pending',NULL,'claims/2020-10-01T10-59-02.296Z28 july.jpg','jpg',NULL),(218,253998,'2020-10-01 16:02:04',8,'Developmental Activities','Participation in Seminar',0.5,'Pending',NULL,'claims/2020-10-01T11-02-04.896Z13 Aug.jpg','jpg',NULL),(219,253998,'2020-10-01 16:05:19',8,'Developmental Activities','Participation in Seminar',0.5,'Pending',NULL,'claims/2020-10-01T11-05-19.157Z25 aug.jpg','jpg',NULL),(220,253998,'2020-10-01 16:08:46',8,'Developmental Activities','Participation in Seminar',0.5,'Pending',NULL,'claims/2020-10-01T11-08-46.966Z10 Sep.jpg','jpg',NULL),(221,253998,'2020-10-01 21:19:15',4,'Work Based Activities','Work Experience (Engineering related work including relevant aspects of Management)',0,'Pending',NULL,'claims/2020-10-01T16-19-15.278ZAlpine Experience.jpg','jpg',NULL),(222,253998,'2020-10-02 06:03:58',2,'Formal Education','Award of Post Graduate Degree (Engg, IT, Finance,Management, Law, Economics etc.)',6,'Pending',NULL,'claims/2020-10-02T01-03-58.413Z1. MS Degree.jpg','jpg',NULL),(223,253998,'2020-10-02 17:16:17',14,'Individual  Activities','Writing and publishing a research article in Journals/Technical report',3,'Pending',NULL,'claims/2020-10-02T12-16-17.631ZElectricity generation from the high speed wind of the spillway in a hydroelectric power station-compressed.pdf','pdf',NULL),(224,253998,'2020-10-02 18:34:12',4,'Work Based Activities','Work Experience (Engineering related work including relevant aspects of Management)',0,'Pending',NULL,'claims/2020-10-02T13-34-12.982ZService_Work Experience.pdf','pdf',NULL),(225,253998,'2020-10-03 02:01:25',5,'Developmental Activities','Membership of a recognized professional  association/ body',2,'Pending',NULL,'claims/2020-10-02T21-01-25.912ZIAENG 2020.pdf','pdf',NULL),(226,253998,'2020-10-03 02:34:54',2,'Formal Education','Award of Post Graduate Degree (Engg, IT, Finance,Management, Law, Economics etc.)',6,'Pending',NULL,'claims/2020-10-02T21-34-54.527ZDegree M.jpg','jpg',NULL),(227,253998,'2020-10-03 15:16:16',10,'Developmental Activities','Participation in Workshop',0,'Pending',NULL,'claims/2020-10-03T10-16-16.826ZIMG-20201003-WA0000.jpg','jpg',NULL),(228,253998,'2020-10-04 06:01:02',1,'Formal Education','Post Graduate Diploma (PGD)',0,'Pending',NULL,'claims/2020-10-04T01-01-02.092ZDegree Diploma-1.png','png',NULL),(229,253998,'2020-10-05 15:19:05',5,'Developmental Activities','Membership of a recognized professional  association/ body',2,'Pending',NULL,'claims/2020-10-05T10-19-05.510Z1.JPG','JPG',NULL),(230,253998,'2020-10-05 15:21:47',5,'Developmental Activities','Membership of a recognized professional  association/ body',2,'Pending',NULL,'claims/2020-10-05T10-21-47.149Z2.JPG','JPG',NULL),(231,253998,'2020-10-05 20:54:57',4,'Work Based Activities','Work Experience (Engineering related work including relevant aspects of Management)',0,'Pending',NULL,'claims/2020-10-05T15-54-57.260Zal arif experienc.pdf','pdf',NULL),(232,253998,'2020-10-06 17:33:53',4,'Work Based Activities','Work Experience (Engineering related work including relevant aspects of Management)',0,'Pending',NULL,'claims/2020-10-06T12-33-53.123Zexperience certificate.jpg','jpg',NULL),(233,253998,'2020-10-06 18:40:34',4,'Work Based Activities','Work Experience (Engineering related work including relevant aspects of Management)',0,'Pending',NULL,'claims/2020-10-06T13-40-34.219Z2017-18 A-converted.pdf','pdf',NULL),(234,253998,'2020-10-06 22:34:01',4,'Work Based Activities','Work Experience (Engineering related work including relevant aspects of Management)',0,'Pending',NULL,'claims/2020-10-06T17-34-01.488Z2350-8154-MBP-067 Proposed Planning   Engineer Acceptable.pdf','pdf',NULL),(235,253998,'2020-10-06 22:42:08',5,'Developmental Activities','Membership of a recognized professional  association/ body',2,'Pending',NULL,'claims/2020-10-06T17-42-08.093ZCertificate.pdf','pdf',NULL),(236,253998,'2020-10-06 22:48:11',5,'Developmental Activities','Membership of a recognized professional  association/ body',2,'Pending',NULL,'claims/2020-10-06T17-48-11.822ZSCE.pdf','pdf',NULL),(237,253998,'2020-10-07 02:12:14',6,'Developmental Activities','Participation in  Training & Development programmes',0,'Pending',NULL,'claims/2020-10-06T21-12-14.322ZKnowledge Now | Webinar','Knowledge Now | Webinar',NULL),(238,253998,'2020-10-07 17:05:41',2,'Formal Education','Award of Post Graduate Degree (Engg, IT, Finance,Management, Law, Economics etc.)',6,'Pending',NULL,'claims/2020-10-07T12-05-41.599ZIMG-20201006-WA0048.jpg','jpg',NULL),(239,253998,'2020-10-07 18:03:27',10,'Developmental Activities','Participation in Workshop',0,'Pending',NULL,'claims/2020-10-07T13-03-27.457ZCamScanner 10-07-2020 08.43.31_4.jpg','jpg',NULL),(240,253998,'2020-10-07 18:07:47',10,'Developmental Activities','Participation in Workshop',0,'Pending',NULL,'claims/2020-10-07T13-07-47.744ZCamScanner 10-07-2020 08.43.31_2.jpg','jpg',NULL),(241,253998,'2020-10-07 18:11:40',10,'Developmental Activities','Participation in Workshop',0,'Pending',NULL,'claims/2020-10-07T13-11-40.640ZCamScanner 10-07-2020 08.43.31_1.jpg','jpg',NULL),(242,253998,'2020-10-07 18:11:42',10,'Developmental Activities','Participation in Workshop',0,'Pending',NULL,'claims/2020-10-07T13-11-42.602ZCamScanner 10-07-2020 08.43.31_1.jpg','jpg',NULL),(243,253998,'2020-10-07 18:17:53',8,'Developmental Activities','Participation in Seminar',0,'Pending',NULL,'claims/2020-10-07T13-17-53.832ZCamScanner 10-07-2020 08.43.31_5.jpg','jpg',NULL),(244,253998,'2020-10-07 18:21:16',8,'Developmental Activities','Participation in Seminar',0,'Pending',NULL,'claims/2020-10-07T13-21-16.173ZCamScanner 10-07-2020 08.43.31_6.jpg','jpg',NULL),(245,253998,'2020-10-08 00:56:50',5,'Developmental Activities','Membership of a recognized professional  association/ body',2,'Pending',NULL,'claims/2020-10-07T19-56-50.625Zcertificate 1.png','png',NULL),(246,253998,'2020-10-08 03:01:49',5,'Developmental Activities','Membership of a recognized professional  association/ body',2,'Pending',NULL,'claims/2020-10-07T22-01-49.706Zcertificate 2.png','png',NULL),(247,253998,'2020-10-08 03:03:32',5,'Developmental Activities','Membership of a recognized professional  association/ body',2,'Pending',NULL,'claims/2020-10-07T22-03-32.454Zcertificate 3.png','png',NULL),(248,253998,'2020-10-08 03:05:29',5,'Developmental Activities','Membership of a recognized professional  association/ body',2,'Pending',NULL,'claims/2020-10-07T22-05-29.654Zcertificate 4.png','png',NULL),(249,253998,'2020-10-08 03:07:44',5,'Developmental Activities','Membership of a recognized professional  association/ body',2,'Pending',NULL,'claims/2020-10-07T22-07-44.673Zcertificate 5.png','png',NULL),(250,253998,'2020-10-08 03:09:58',5,'Developmental Activities','Membership of a recognized professional  association/ body',2,'Pending',NULL,'claims/2020-10-07T22-09-58.513Zcertificate 6.png','png',NULL),(251,253998,'2020-10-08 03:12:36',5,'Developmental Activities','Membership of a recognized professional  association/ body',2,'Pending',NULL,'claims/2020-10-07T22-12-36.838Zcertificate 7.png','png',NULL),(252,253998,'2020-10-08 03:12:39',5,'Developmental Activities','Membership of a recognized professional  association/ body',2,'Pending',NULL,'claims/2020-10-07T22-12-39.793Zcertificate 7.png','png',NULL),(253,253998,'2020-10-08 03:15:11',5,'Developmental Activities','Membership of a recognized professional  association/ body',2,'Pending',NULL,'claims/2020-10-07T22-15-11.961Zcertificate 8.png','png',NULL),(254,253998,'2020-10-08 03:16:55',5,'Developmental Activities','Membership of a recognized professional  association/ body',2,'Pending',NULL,'claims/2020-10-07T22-16-55.082Zcertificate 9.png','png',NULL),(255,253998,'2020-10-08 03:18:47',5,'Developmental Activities','Membership of a recognized professional  association/ body',2,'Pending',NULL,'claims/2020-10-07T22-18-47.232Zcertificate 10.png','png',NULL),(256,253998,'2020-10-08 17:09:48',10,'Work Based Activities','Participation in Workshop',0,'Pending',NULL,'claims/2020-10-08T12-09-48.108ZHSE WORKSHOP ENI.pdf','pdf',NULL),(257,253998,'2020-10-08 17:09:52',10,'Work Based Activities','Participation in Workshop',0,'Pending',NULL,'claims/2020-10-08T12-09-52.067ZHSE WORKSHOP ENI.pdf','pdf',NULL),(258,253998,'2020-10-08 18:18:28',4,'Work Based Activities','Work Experience (Engineering related work including relevant aspects of Management)',0,'Pending',NULL,'claims/2020-10-08T13-18-28.472ZPMA Experience Letter.pdf','pdf',NULL),(259,253998,'2020-10-09 07:07:47',2,'Formal Education','Award of Post Graduate Degree (Engg, IT, Finance,Management, Law, Economics etc.)',4,'Pending',NULL,'claims/2020-10-09T02-07-47.186ZMBA tanscript.jpg','jpg',NULL),(260,253998,'2020-10-09 07:15:22',4,'Work Based Activities','Work Experience (Engineering related work including relevant aspects of Management)',0,'Pending',NULL,'claims/2020-10-09T02-15-22.277Zjob letter.jpg','jpg',NULL),(261,253998,'2020-10-09 07:15:23',4,'Work Based Activities','Work Experience (Engineering related work including relevant aspects of Management)',0,'Pending',NULL,'claims/2020-10-09T02-15-23.340Zjob letter.jpg','jpg',NULL),(262,253998,'2020-10-09 07:22:59',2,'Formal Education','Award of Post Graduate Degree (Engg, IT, Finance,Management, Law, Economics etc.)',4,'Pending',NULL,'claims/2020-10-09T02-22-59.741ZMBA tanscript.jpg','jpg',NULL);
/*!40000 ALTER TABLE `cpd_form_submission` ENABLE KEYS */;
UNLOCK TABLES;

--
-- Table structure for table `cpd_points`
--

DROP TABLE IF EXISTS `cpd_points`;
/*!40101 SET @saved_cs_client     = @@character_set_client */;
/*!40101 SET character_set_client = utf8 */;
CREATE TABLE `cpd_points` (
  `cpd_points` float DEFAULT NULL,
  `cpd_remarks` varchar(45) DEFAULT NULL,
  `cpd_form_id` int(11) NOT NULL,
  `id` int(11) NOT NULL,
  PRIMARY KEY (`id`),
  KEY `form_fk_idx` (`cpd_form_id`),
  CONSTRAINT `form_fk` FOREIGN KEY (`cpd_form_id`) REFERENCES `cpd_categories` (`cpd_points_id`) ON UPDATE CASCADE
) ENGINE=InnoDB DEFAULT CHARSET=latin1;
/*!40101 SET character_set_client = @saved_cs_client */;

--
-- Dumping data for table `cpd_points`
--

LOCK TABLES `cpd_points` WRITE;
/*!40000 ALTER TABLE `cpd_points` DISABLE KEYS */;
INSERT INTO `cpd_points` VALUES (2,'6-9 months',1,1),(4,'9-12 months',1,2),(4,'course work only',2,3),(6,'course work plus research',2,4),(12,NULL,3,5),(1,NULL,4,6),(1,'National',5,7),(2,'International',5,8),(1,NULL,6,9),(0.5,NULL,7,10),(0.5,NULL,8,11),(0.5,'',9,12),(1,'',10,13),(1,'',11,14),(1.5,'',12,15),(0.5,NULL,13,16),(1.5,'National',14,17),(3,'International',14,18),(0.5,'National',15,19),(1.5,'International',15,20),(5,'',16,21),(1,NULL,17,22),(1,NULL,18,23),(1,'National',19,24),(2,'International',19,25);
/*!40000 ALTER TABLE `cpd_points` ENABLE KEYS */;
UNLOCK TABLES;

--
-- Table structure for table `fields_info`
--

DROP TABLE IF EXISTS `fields_info`;
/*!40101 SET @saved_cs_client     = @@character_set_client */;
/*!40101 SET character_set_client = utf8 */;
CREATE TABLE `fields_info` (
  `field_id` int(11) NOT NULL AUTO_INCREMENT,
  `field_name` text,
  `date_created` text,
  PRIMARY KEY (`field_id`)
) ENGINE=InnoDB AUTO_INCREMENT=63 DEFAULT CHARSET=latin1;
/*!40101 SET character_set_client = @saved_cs_client */;

--
-- Dumping data for table `fields_info`
--

LOCK TABLES `fields_info` WRITE;
/*!40000 ALTER TABLE `fields_info` DISABLE KEYS */;
INSERT INTO `fields_info` VALUES (1,'select_category',''),(2,'sub_category',''),(3,'uni_inst_name',''),(4,'inst_type',''),(5,'d_admission',''),(6,'mode_education',''),(7,'title_degree',''),(8,'from_date',''),(9,'to_date',''),(10,'period',''),(11,'cpd_points_pec',''),(12,'cpd_points_user',''),(13,'upload',''),(14,'org_type',''),(15,'designation',''),(16,'nature_activities',''),(17,'n_p_body',''),(18,'year_reg',''),(19,'renew_upto',''),(20,'membership_type',''),(21,'title_training',''),(22,'title_degree',''),(23,'title_lecture',''),(24,'course_work',''),(25,'title_symposium',''),(26,'title_research_article',''),(27,'n_journal',''),(28,'publish_date',''),(29,'t_conference',''),(30,'name_host_org',''),(31,'t_book',''),(32,'book_publisher',''),(33,'approving_authority',''),(34,'nature_social_work',''),(35,'nature_committee',''),(36,'role_committee',''),(37,'nature_event',''),(38,'role_event',''),(39,'tors_committee',''),(40,'notifying_authority',''),(41,'year_task_completed',''),(42,'year_task_assigned',''),(43,'r_social_work',''),(44,'d_activity',''),(45,'name_inst_pbody',''),(46,'location_event',''),(47,'event_type',''),(48,'membership_type',''),(49,'professional_body_type',''),(50,'nature_participation',''),(51,'title_diploma',''),(52,'title_conference_paper',''),(53,'name_organization',''),(54,'publishing_date',''),(55,'loco',''),(56,'date_event',''),(57,'publication_type',''),(58,'organizing_body',''),(59,'paper_type',''),(60,'title_seminar',NULL),(61,'title_Workshop',NULL),(62,'Title Of Short Course',NULL);
/*!40000 ALTER TABLE `fields_info` ENABLE KEYS */;
UNLOCK TABLES;

--
-- Table structure for table `free_webinars`
--

DROP TABLE IF EXISTS `free_webinars`;
/*!40101 SET @saved_cs_client     = @@character_set_client */;
/*!40101 SET character_set_client = utf8 */;
CREATE TABLE `free_webinars` (
  `CourseID` int(11) NOT NULL,
  `SessionID` int(11) NOT NULL,
  `DateCreated` datetime DEFAULT NULL,
  `id` int(11) NOT NULL AUTO_INCREMENT,
  `user_id` int(11) NOT NULL,
  PRIMARY KEY (`id`),
  KEY `courseid_idx` (`CourseID`),
  KEY `sesid_idx` (`SessionID`),
  KEY `userfk_idx` (`user_id`),
  KEY `u-fk_idx` (`user_id`),
  KEY `ufk_idx` (`user_id`),
  CONSTRAINT `courseid` FOREIGN KEY (`CourseID`) REFERENCES `courses` (`CourseID`) ON DELETE CASCADE ON UPDATE CASCADE,
  CONSTRAINT `sesid` FOREIGN KEY (`SessionID`) REFERENCES `course_session` (`session_id`) ON DELETE CASCADE ON UPDATE CASCADE,
  CONSTRAINT `u-fk` FOREIGN KEY (`user_id`) REFERENCES `userinfo` (`UserID`) ON UPDATE CASCADE
) ENGINE=InnoDB AUTO_INCREMENT=142 DEFAULT CHARSET=latin1;
/*!40101 SET character_set_client = @saved_cs_client */;

--
-- Dumping data for table `free_webinars`
--

LOCK TABLES `free_webinars` WRITE;
/*!40000 ALTER TABLE `free_webinars` DISABLE KEYS */;
INSERT INTO `free_webinars` VALUES (237,179,'2020-08-31 10:09:42',34,253905),(239,181,'2020-09-01 04:24:13',35,253925),(239,181,'2020-09-01 07:47:56',36,253931),(239,181,'2020-09-01 10:16:16',37,253937),(239,181,'2020-09-01 10:27:08',38,253939),(239,181,'2020-09-01 11:19:55',39,253941),(234,176,'2020-09-01 11:27:28',40,253941),(239,181,'2020-09-01 12:17:26',41,253943),(239,181,'2020-09-01 13:21:40',42,253944),(235,177,'2020-09-01 15:37:49',43,253948),(237,179,'2020-09-02 05:33:37',44,253939),(234,176,'2020-09-02 05:38:23',45,253939),(235,177,'2020-09-02 05:38:45',46,253939),(239,181,'2020-09-02 07:54:15',47,253961),(239,181,'2020-09-02 08:22:25',48,253910),(239,181,'2020-09-02 19:17:29',49,253969),(237,179,'2020-09-02 23:44:38',50,253979),(235,177,'2020-09-02 23:45:12',51,253979),(239,181,'2020-09-03 04:00:23',52,253916),(239,181,'2020-09-03 04:00:26',53,253916),(237,179,'2020-09-03 04:43:17',54,253916),(239,181,'2020-09-09 11:54:51',55,253908),(239,181,'2020-09-09 12:11:55',57,8),(239,181,'2020-09-09 12:13:07',58,254042),(239,181,'2020-09-09 13:29:24',59,254043),(231,172,'2020-09-09 18:37:48',60,254039),(239,181,'2020-09-09 18:46:36',61,254039),(239,181,'2020-09-10 07:43:43',62,254049),(239,181,'2020-09-10 07:45:34',63,254054),(239,181,'2020-09-10 07:45:43',64,253940),(239,181,'2020-09-10 07:45:46',65,254055),(239,181,'2020-09-10 07:48:48',66,254056),(239,181,'2020-09-10 11:42:11',67,253988),(239,181,'2020-09-10 14:15:52',68,254070),(239,181,'2020-09-11 06:22:21',69,254077),(234,176,'2020-09-11 06:23:03',70,254077),(243,186,'2020-09-11 10:11:24',71,254085),(239,181,'2020-09-11 21:01:04',72,254093),(235,177,'2020-09-12 06:09:06',73,253923),(231,172,'2020-09-12 15:20:54',74,254101),(234,176,'2020-09-12 15:21:58',75,254101),(236,178,'2020-09-12 15:22:29',76,254101),(237,179,'2020-09-12 15:25:06',77,254101),(231,172,'2020-09-13 16:15:49',78,254044),(235,177,'2020-09-13 16:23:46',79,254106),(236,178,'2020-09-13 16:28:43',80,254106),(243,186,'2020-09-14 05:52:20',81,253922),(237,179,'2020-09-14 05:55:41',82,253922),(243,186,'2020-09-14 07:52:42',83,254070),(243,186,'2020-09-14 08:57:16',84,253923),(243,186,'2020-09-14 08:57:16',85,253923),(237,179,'2020-09-14 09:33:35',86,254112),(235,177,'2020-09-14 09:34:37',87,254112),(243,186,'2020-09-14 09:35:34',88,254112),(236,178,'2020-09-14 09:40:17',89,254112),(236,178,'2020-09-14 10:48:27',90,254116),(243,186,'2020-09-14 11:22:39',91,253908),(243,186,'2020-09-14 12:01:45',92,253903),(243,186,'2020-09-14 12:22:25',93,254113),(235,177,'2020-09-14 12:24:32',94,254113),(243,186,'2020-09-14 12:40:44',95,254121),(243,186,'2020-09-14 16:28:41',96,254039),(243,186,'2020-09-14 17:18:17',97,254106),(243,186,'2020-09-14 17:52:31',98,253934),(243,186,'2020-09-14 22:06:25',99,254114),(243,186,'2020-09-15 07:24:52',100,253938),(243,186,'2020-09-15 07:50:13',101,254101),(243,186,'2020-09-15 10:55:59',102,253994),(243,186,'2020-09-15 11:23:27',103,253897),(243,186,'2020-09-15 13:15:16',104,253941),(243,186,'2020-09-15 19:46:32',105,253910),(243,186,'2020-09-16 05:09:07',106,254117),(243,186,'2020-09-16 07:45:56',107,254032),(243,186,'2020-09-16 11:04:01',108,254116),(243,186,'2020-09-16 13:22:02',109,254038),(243,186,'2020-09-16 15:44:41',110,253969),(243,186,'2020-09-16 17:18:16',111,254133),(243,186,'2020-09-16 17:21:45',112,254134),(243,186,'2020-09-17 05:58:13',113,254141),(243,186,'2020-09-22 16:47:27',114,253998),(243,186,'2020-09-22 17:10:39',115,254145),(243,186,'2020-09-22 17:30:02',116,254146),(243,186,'2020-09-22 18:45:11',117,253927),(243,186,'2020-09-22 22:35:48',118,254147),(243,186,'2020-09-22 23:15:17',119,254149),(243,186,'2020-09-23 00:23:22',120,254137),(243,186,'2020-09-23 10:22:05',121,254120),(243,186,'2020-09-23 10:54:41',122,254151),(243,186,'2020-09-23 11:30:57',123,254056),(243,186,'2020-09-23 11:36:41',124,254118),(243,186,'2020-09-23 14:48:52',125,254152),(243,186,'2020-09-24 00:02:30',126,254059),(243,186,'2020-09-24 13:13:51',127,254155),(243,186,'2020-09-24 16:47:06',128,254158),(243,186,'2020-09-24 16:58:28',129,254160),(226,168,'2020-09-29 15:47:29',130,254257),(174,167,'2020-09-29 16:10:28',131,254258),(226,168,'2020-09-29 16:24:05',132,254260),(231,172,'2020-09-29 16:25:41',133,254260),(174,167,'2020-09-29 16:30:21',134,254260),(237,179,'2020-09-29 16:33:09',135,254260),(236,178,'2020-09-29 16:34:38',136,254260),(174,167,'2020-09-29 16:39:41',137,254261),(174,167,'2020-09-29 17:32:20',138,254263),(174,167,'2020-09-29 17:54:51',139,254265),(174,167,'2020-09-29 18:02:16',140,254026),(271,198,'2020-10-10 02:42:01',141,253998);
/*!40000 ALTER TABLE `free_webinars` ENABLE KEYS */;
UNLOCK TABLES;

--
-- Table structure for table `gallery`
--

DROP TABLE IF EXISTS `gallery`;
/*!40101 SET @saved_cs_client     = @@character_set_client */;
/*!40101 SET character_set_client = utf8 */;
CREATE TABLE `gallery` (
  `pic_id` int(11) NOT NULL AUTO_INCREMENT,
  `event_name` varchar(200) DEFAULT NULL,
  `pic_url` varchar(500) NOT NULL,
  `image_dimensions` varchar(45) NOT NULL,
  PRIMARY KEY (`pic_id`)
) ENGINE=InnoDB AUTO_INCREMENT=15 DEFAULT CHARSET=latin1;
/*!40101 SET character_set_client = @saved_cs_client */;

--
-- Dumping data for table `gallery`
--

LOCK TABLES `gallery` WRITE;
/*!40000 ALTER TABLE `gallery` DISABLE KEYS */;
INSERT INTO `gallery` VALUES (1,'2nd PEC International Deans Conference','gallery/2gal.jpg','497x391'),(2,'2nd PEC International Deans Conference','gallery/3gal.jpg','345x229'),(3,'2nd PEC International Deans Conference','gallery/4gal.jpg','336x233'),(4,'2nd PEC International Deans Conference','gallery/5gal.jpg','336x230'),(6,'CPD Course Advanced Network Simulation using NS3','gallery/1gal.jpg','1754x1241'),(7,'News Letter Jan-Mar 2020','gallery/1.jpg','700x500'),(8,'News Letter Jan-Mar 2020','gallery/2.jpg','700x500'),(9,'News Letter Jan-Mar 2020','gallery/3.jpg','700x500'),(10,'News Letter Jan-Mar 2020','gallery/4.jpg','689x385'),(11,'News Letter Jan-Mar 2020','gallery/5.jpg','700x500'),(12,'News Letter Jan-Mar 2020','gallery/6.jpg','700x500'),(13,'News Letter Jan-Mar 2020','gallery/7.jpg','700x500'),(14,'News Letter Jan-Mar 2020','gallery/8.jpg','700x500');
/*!40000 ALTER TABLE `gallery` ENABLE KEYS */;
UNLOCK TABLES;

--
-- Table structure for table `instructor_rating`
--

DROP TABLE IF EXISTS `instructor_rating`;
/*!40101 SET @saved_cs_client     = @@character_set_client */;
/*!40101 SET character_set_client = utf8 */;
CREATE TABLE `instructor_rating` (
  `DateCreated` datetime NOT NULL,
  `DateUpdated` int(11) NOT NULL,
  `CourseID` int(11) NOT NULL,
  `sessID` int(11) NOT NULL,
  `instructor_id` int(11) NOT NULL,
  KEY `course_fk_idx` (`CourseID`),
  KEY `sess-fk_idx` (`sessID`),
  KEY `i_fk_idx` (`instructor_id`),
  CONSTRAINT `course_fk` FOREIGN KEY (`CourseID`) REFERENCES `courses` (`CourseID`) ON DELETE CASCADE ON UPDATE CASCADE,
  CONSTRAINT `i_fk` FOREIGN KEY (`instructor_id`) REFERENCES `userinfo_instructor_bridge` (`instructor_id`) ON UPDATE CASCADE,
  CONSTRAINT `s-fk` FOREIGN KEY (`sessID`) REFERENCES `course_session` (`session_id`) ON DELETE CASCADE ON UPDATE CASCADE
) ENGINE=InnoDB DEFAULT CHARSET=latin1;
/*!40101 SET character_set_client = @saved_cs_client */;

--
-- Dumping data for table `instructor_rating`
--

LOCK TABLES `instructor_rating` WRITE;
/*!40000 ALTER TABLE `instructor_rating` DISABLE KEYS */;
/*!40000 ALTER TABLE `instructor_rating` ENABLE KEYS */;
UNLOCK TABLES;

--
-- Table structure for table `messages`
--

DROP TABLE IF EXISTS `messages`;
/*!40101 SET @saved_cs_client     = @@character_set_client */;
/*!40101 SET character_set_client = utf8 */;
CREATE TABLE `messages` (
  `message_id` int(11) NOT NULL AUTO_INCREMENT,
  `sender_id` int(11) NOT NULL,
  `message_body` varchar(500) NOT NULL,
  `created_time` varchar(45) NOT NULL,
  `session_id` int(11) NOT NULL,
  `course_id` int(11) NOT NULL,
  `sender_name` varchar(45) DEFAULT NULL,
  PRIMARY KEY (`message_id`),
  KEY `for-user_idx` (`sender_id`),
  KEY `for-session_idx` (`session_id`),
  KEY `for-course_idx` (`course_id`),
  CONSTRAINT `for-course` FOREIGN KEY (`course_id`) REFERENCES `courses` (`CourseID`) ON UPDATE CASCADE,
  CONSTRAINT `for-session` FOREIGN KEY (`session_id`) REFERENCES `course_session` (`session_id`) ON UPDATE CASCADE,
  CONSTRAINT `for-user` FOREIGN KEY (`sender_id`) REFERENCES `userinfo` (`UserID`) ON UPDATE CASCADE
) ENGINE=InnoDB AUTO_INCREMENT=26 DEFAULT CHARSET=latin1;
/*!40101 SET character_set_client = @saved_cs_client */;

--
-- Dumping data for table `messages`
--

LOCK TABLES `messages` WRITE;
/*!40000 ALTER TABLE `messages` DISABLE KEYS */;
INSERT INTO `messages` VALUES (13,8,'hi','2020-09-10 12:45:43',181,239,'BINTE ZAHRA'),(14,253931,'Aoa. Sir when will the meeting start?','2020-09-10 12:46:01',181,239,'Mukhtar Hussain'),(15,254054,'Hello','2020-09-10 12:46:56',181,239,'SHAFQUAT RASOOL'),(16,254049,'Aoa. Sir when will the meeting start?','2020-09-10 12:48:04',181,239,' JAI KUMAR'),(17,254054,'when meeting will start? ','2020-09-10 12:48:20',181,239,'SHAFQUAT RASOOL'),(18,253941,'are you there?','2020-09-10 12:49:16',181,239,'Adeel Khan'),(19,254056,'HI','2020-09-10 12:54:03',181,239,' WASEEM AKRAM'),(20,253931,'I keep getting logged out automatically because this page is refreshing continuously & it keeps asking to enter my Name in order to join the Meeting.','2020-09-10 13:01:46',181,239,'Mukhtar Hussain'),(21,253940,'when meeting will start?','2020-09-10 13:20:39',181,239,'Muhammad Kabir'),(22,254056,'WHEN MEETING WILL START','2020-09-10 13:32:53',181,239,' WASEEM AKRAM'),(23,254056,'ANYBODY THERE','2020-09-10 13:33:00',181,239,' WASEEM AKRAM'),(24,254056,'@ MUKHTAR........ SAME HERE','2020-09-10 13:34:58',181,239,' WASEEM AKRAM'),(25,253941,'when meeting will start?','2020-09-10 14:07:32',181,239,'Adeel Khan');
/*!40000 ALTER TABLE `messages` ENABLE KEYS */;
UNLOCK TABLES;

--
-- Table structure for table `role_permissions`
--

DROP TABLE IF EXISTS `role_permissions`;
/*!40101 SET @saved_cs_client     = @@character_set_client */;
/*!40101 SET character_set_client = utf8 */;
CREATE TABLE `role_permissions` (
  `p_id` int(11) NOT NULL AUTO_INCREMENT,
  `role_id` int(11) NOT NULL,
  `component` varchar(45) NOT NULL,
  `View` tinyint(1) DEFAULT NULL,
  `Add` tinyint(1) DEFAULT NULL,
  `Edit` tinyint(1) DEFAULT NULL,
  `Delete` tinyint(1) DEFAULT NULL,
  `Approve` tinyint(1) DEFAULT NULL,
  PRIMARY KEY (`p_id`),
  KEY `role_fk_idx` (`role_id`),
  CONSTRAINT `role_fk` FOREIGN KEY (`role_id`) REFERENCES `roles` (`Role_ID`) ON UPDATE CASCADE
) ENGINE=InnoDB AUTO_INCREMENT=15 DEFAULT CHARSET=latin1 COMMENT='this is the table which defines all the roles and privileges granted to individual components and pages on the admin panel according to the roles.';
/*!40101 SET character_set_client = @saved_cs_client */;

--
-- Dumping data for table `role_permissions`
--

LOCK TABLES `role_permissions` WRITE;
/*!40000 ALTER TABLE `role_permissions` DISABLE KEYS */;
INSERT INTO `role_permissions` VALUES (1,2,'Webinar',1,1,1,0,0),(2,3,'Webinar',1,1,1,1,1),(3,4,'Webinar',1,1,1,1,0),(4,5,'Webinar',1,1,1,1,0),(5,6,'Webinar',1,0,0,0,0),(6,1,'Webinar',1,0,0,0,0),(9,3,'AdminUser',1,1,1,1,1),(10,4,'AdminUser',1,1,1,0,0),(11,5,'AdminUser',1,1,1,0,0),(13,6,'Payment',1,0,0,0,1),(14,3,'Payment',1,NULL,NULL,NULL,1);
/*!40000 ALTER TABLE `role_permissions` ENABLE KEYS */;
UNLOCK TABLES;

--
-- Table structure for table `roles`
--

DROP TABLE IF EXISTS `roles`;
/*!40101 SET @saved_cs_client     = @@character_set_client */;
/*!40101 SET character_set_client = utf8 */;
CREATE TABLE `roles` (
  `Role_ID` int(11) NOT NULL,
  `RoleName` varchar(45) NOT NULL,
  `Description` varchar(45) NOT NULL,
  PRIMARY KEY (`Role_ID`),
  UNIQUE KEY `Role_ID_UNIQUE` (`Role_ID`)
) ENGINE=InnoDB DEFAULT CHARSET=latin1;
/*!40101 SET character_set_client = @saved_cs_client */;

--
-- Dumping data for table `roles`
--

LOCK TABLES `roles` WRITE;
/*!40000 ALTER TABLE `roles` DISABLE KEYS */;
INSERT INTO `roles` VALUES (1,'User','Simple End User'),(2,'Instructor','Instructor of PEC'),(3,'Super Admin','All Rights admin'),(4,'Admin','Admin'),(5,'CPD Admin','Admin'),(6,'Accounts Admin','Admin');
/*!40000 ALTER TABLE `roles` ENABLE KEYS */;
UNLOCK TABLES;

--
-- Table structure for table `subscription`
--

DROP TABLE IF EXISTS `subscription`;
/*!40101 SET @saved_cs_client     = @@character_set_client */;
/*!40101 SET character_set_client = utf8 */;
CREATE TABLE `subscription` (
  `sub_id` int(11) NOT NULL AUTO_INCREMENT,
  `email` varchar(45) NOT NULL,
  `date` datetime NOT NULL,
  PRIMARY KEY (`sub_id`)
) ENGINE=InnoDB AUTO_INCREMENT=474 DEFAULT CHARSET=latin1 COMMENT='emails, dates of people who have suscribed on our website.';
/*!40101 SET character_set_client = @saved_cs_client */;

--
-- Dumping data for table `subscription`
--

LOCK TABLES `subscription` WRITE;
/*!40000 ALTER TABLE `subscription` DISABLE KEYS */;
INSERT INTO `subscription` VALUES (1,'tayyabnaveed@gmail.com','2020-08-04 14:47:45'),(2,'example@gmail.com','2020-08-04 14:50:52'),(3,'talha@test.com','2020-08-04 15:04:26'),(4,'talha@test.com','2020-08-04 15:19:08'),(5,'muhammad.aliarshad@hotmail.com','2020-08-31 11:54:55'),(6,'saadch105@gmail.com','2020-08-31 12:47:03'),(7,'hgkenterprises1@gmail.com','2020-08-31 13:26:46'),(8,'noman7247@hotmail.com','2020-08-31 13:28:12'),(9,'zaid.sehto@gmail.com','2020-08-31 14:01:47'),(10,'zaid.sehto@gmail.com','2020-08-31 14:01:47'),(11,'zaid.sehto@gmail.com','2020-08-31 14:02:00'),(12,'shakeelahmedmemon38@gmail.com','2020-08-31 14:23:53'),(13,'musfira_nadeem@yahoo.com','2020-08-31 14:49:27'),(14,'husnainyasir90@gmail.com','2020-08-31 15:19:21'),(15,'ihsanbhayo@yahoo.com','2020-08-31 16:23:51'),(16,'engrbadarbashir.pk@hotmail.com','2020-08-31 17:01:30'),(17,'engrzia071@gmail.com','2020-08-31 17:03:30'),(18,'Zafarsoomro36@gmail.com','2020-08-31 17:16:17'),(19,'hafeezsoomro1994@gmail.com','2020-08-31 17:17:16'),(20,'griffins_arrows16@yahoo.com','2020-08-31 17:51:41'),(21,'nabeelaziz9@gmail.com','2020-08-31 18:06:22'),(22,'fayyazkh528@gmail.com','2020-08-31 18:20:06'),(23,'asfandmudassir@gmail.com','2020-08-31 18:40:45'),(24,'hassan176@msn.com','2020-08-31 19:44:20'),(25,'engrmajidhussain@gmail.com','2020-08-31 19:56:44'),(26,'hisshamkhan94@gmail.com','2020-08-31 20:08:41'),(27,'hisshamkhan94@gmail.com','2020-08-31 20:08:45'),(28,'maqboolkhan187@yahoo.com','2020-08-31 20:31:21'),(29,'syedaqeelraza89@gmail.com','2020-08-31 21:16:11'),(30,'syedaqeelraza89@gmail.com','2020-08-31 21:16:50'),(31,'syedaqeelraza89@gmail.com','2020-08-31 21:17:18'),(32,'jawadsandhu@gmail.com','2020-08-31 22:07:41'),(33,'Shakeelahmedmemon38@gmail.com','2020-08-31 22:14:18'),(34,'engrcivil70@gmail.com','2020-08-31 23:39:05'),(35,'engrcivil70@gmail.com','2020-08-31 23:39:11'),(36,'abidmehmood1992@gmail.com','2020-09-01 00:50:24'),(37,'engr.khurram22@gmail.com','2020-09-01 00:53:42'),(38,'khurram.shahzad22@ntdc.com.pk','2020-09-01 00:54:00'),(39,'13bnele0603@uetpeshawar.edu.pk','2020-09-01 04:22:45'),(40,'tnisar786@yahoo.com','2020-09-01 06:37:28'),(41,'waqas_sk002@hotmail.com','2020-09-01 10:33:40'),(42,'engrcivil70@gmail.com','2020-09-01 11:20:43'),(43,'engrcivil70@gmail.com','2020-09-01 11:32:04'),(44,'engrcivil70@gmail.com','2020-09-01 11:32:15'),(45,'engrcivil70@gmail.com','2020-09-01 11:32:15'),(46,'engrcivil70@gmail.com','2020-09-01 11:33:09'),(47,'engrcivil70@gmail.com','2020-09-01 11:33:09'),(48,'engrcivil70@gmail.com','2020-09-01 11:33:09'),(49,'engrcivil70@gmail.com','2020-09-01 11:33:17'),(50,'engineersadiq5@gmail.com','2020-09-01 11:37:28'),(51,'engrcivil70@gmail.com','2020-09-01 12:15:39'),(52,'m.ali_feroz@hotmail.com','2020-09-01 13:22:34'),(53,'m.ali_feroz@hotmail.com','2020-09-01 13:27:47'),(54,'m.ali_feroz@hotmail.com','2020-09-01 13:28:27'),(55,'zulfiwassan.110@gmail.com','2020-09-01 14:32:19'),(56,'alidilawar14@gmail.com','2020-09-01 16:20:59'),(57,'kamran13233@yahoo.com','2020-09-01 16:40:53'),(58,'kami13ce89@gmail.com','2020-09-01 19:16:26'),(59,'kami13ce89@gmail.com','2020-09-01 19:19:21'),(60,'shakirzaman03@gmail.com','2020-09-01 19:26:29'),(61,'murtazakhan.4438@gmail.com','2020-09-01 19:32:20'),(62,'Faizulhaqmandokhail@gmail.com','2020-09-01 19:34:53'),(63,'murtazakhan.4438@gmail.com','2020-09-01 19:39:24'),(64,'m.yasir.ibrahim@gmail.com','2020-09-01 22:24:22'),(65,'engrnadeem20@gmail.com','2020-09-02 02:13:18'),(66,'musharafkhan21@gmail.com','2020-09-02 02:37:09'),(67,'engrijazmohmand@gmail.com','2020-09-02 06:42:51'),(68,'engrmajidkhalil@gmail.com','2020-09-02 07:49:23'),(69,'pghulammurtazapitafi@gmail.com','2020-09-02 08:54:24'),(70,'aalam30005@gmail.com','2020-09-02 09:16:00'),(71,'aalam30005@gmail.com','2020-09-02 09:18:11'),(72,'aalam30005@gmail.com','2020-09-02 09:42:31'),(73,'aalam30005@gmail.com','2020-09-02 09:45:06'),(74,'shakeelzaman91@gmail.com','2020-09-02 10:41:20'),(75,'alipalijo10@gmail.com','2020-09-02 11:13:07'),(76,'Engr.ishtiaq777@gmail.com','2020-09-02 12:26:54'),(77,'sultanraza672@gmail.com','2020-09-02 13:00:26'),(78,'kamranaliranjha@yahoo.com','2020-09-02 13:00:27'),(79,'awaixi143@gmail.com','2020-09-02 14:00:10'),(80,'atifamin101@gmail.com','2020-09-02 14:14:43'),(81,'iamfahadqureshi@gmail.com','2020-09-02 14:44:22'),(82,'fidamuhammadfida453@gmail.com','2020-09-02 15:22:45'),(83,'umairkhan3445@gmail.com','2020-09-02 18:02:46'),(84,'zee3665@gmail.com','2020-09-02 21:54:23'),(85,'Engrzahidhafeez@hotmail.com','2020-09-03 00:01:48'),(86,'fasih943@gmail.com','2020-09-03 08:00:57'),(87,'fasih943@gmail.com','2020-09-03 08:01:26'),(88,'muhammadsohaibshahid@gmail.com','2020-09-03 08:07:28'),(89,'engr_essa65@hotmail.com','2020-09-03 10:27:51'),(90,'first2fi8@gmail.com','2020-09-03 10:30:26'),(91,'uzairjavaid433@gmail.com','2020-09-03 11:13:08'),(92,'satesh086@gmail.com','2020-09-03 13:43:44'),(93,'asif.k.domki167@gmail.com','2020-09-03 14:11:56'),(94,'iftikharhassan999@gmail.com','2020-09-03 15:52:17'),(95,'iazhararain@yahoo.com','2020-09-03 16:30:00'),(96,'griffins_arrows16@yahoo.com','2020-09-03 16:38:20'),(97,'zeeshan_anwar1@yahoo.com','2020-09-03 17:25:35'),(98,'mohsin.haseeb20@gmail.com','2020-09-03 18:35:36'),(99,'kqadir91@gmail.com','2020-09-03 19:38:38'),(100,'Raza29415@gmail.com','2020-09-03 19:45:53'),(101,'15mdtlc0733@uetpeshawar.edu.pk','2020-09-03 19:46:37'),(102,'bilalsaghir156@hotmail.com','2020-09-03 20:02:40'),(103,'engrmatloob313@gmail.com','2020-09-03 20:18:52'),(104,'hasan.riaz056@gmail.com','2020-09-03 20:29:44'),(105,'hasan.riaz056@gmail.com','2020-09-03 20:42:35'),(106,'Aseebishtiaq@yahoo.com','2020-09-03 21:54:50'),(107,'muhammadbelal9@gmail.com','2020-09-03 21:59:57'),(108,'naeemahmed1311@gmail.com','2020-09-04 00:57:28'),(109,'eng.haseebahsankhan@gmail.com','2020-09-04 09:27:13'),(110,'mudassirshahid@hotmail.com','2020-09-04 11:11:52'),(111,'engr.ag.mahar@gmail.com','2020-09-04 12:03:21'),(112,'taimorshehzad123@gmail.com','2020-09-04 12:09:12'),(113,'faiqbutt18@gmail.com','2020-09-04 13:12:28'),(114,'m.ali_feroz@hotmail.com','2020-09-04 15:46:57'),(115,'faheemjamalipk@gmail.com','2020-09-04 17:03:15'),(116,'Engr.shr@gmail.com','2020-09-04 17:28:12'),(117,'mak_69@ymail.com','2020-09-04 19:41:59'),(118,'samisahou51@gmail.com','2020-09-04 21:20:01'),(119,'ziaghafoor18@gmail.com','2020-09-04 21:28:09'),(120,'ziaghafoor18@gmail.com','2020-09-04 21:32:36'),(121,'ziaghafoor18@gmail.com','2020-09-04 21:32:36'),(122,'ziaghafoor18@gmail.com','2020-09-04 21:32:43'),(123,'fazalehaq036@gmail.com','2020-09-05 06:03:55'),(124,'mrsinghsodha@gmail.com','2020-09-05 10:28:37'),(125,'Kashif.alik8643@gmail.com','2020-09-05 11:27:47'),(126,'gulzar6155@gmail.com','2020-09-05 13:05:32'),(127,'adil3126000719@gmail.com','2020-09-05 15:02:43'),(128,'sherabbas809@gmail.com','2020-09-05 15:22:24'),(129,'zimbababy@outlook.com','2020-09-05 16:06:24'),(130,'zimbababy@outlook.com','2020-09-05 16:08:17'),(131,'abidaliuet20@gmail.com','2020-09-05 18:47:23'),(132,'abidaliuet20@gmail.com','2020-09-05 18:47:24'),(133,'engr.samomehboob@gmail.com','2020-09-05 22:31:57'),(134,'nadeemsandila1989@gmail.com','2020-09-06 02:04:42'),(135,'engr.musharib@gmail.com','2020-09-06 03:54:21'),(136,'Faizanahmad749@gmail.com','2020-09-06 08:45:28'),(137,'atharnaseer22@gmail.com','2020-09-06 11:42:15'),(138,'farhanghousphull@gmail.com','2020-09-06 11:58:36'),(139,'engrnazishansari@gmail.com','2020-09-06 12:01:11'),(140,'latifussama@yahoo.com','2020-09-06 14:01:15'),(141,'latifussama@yahoo.com','2020-09-06 14:01:26'),(142,'nazirlaghari@yahoo.com','2020-09-06 15:06:32'),(143,'mirzamanrahimoo66@gmail.com','2020-09-06 17:52:01'),(144,'s.muzzamil94@gmail.com','2020-09-06 20:36:43'),(145,'engr.sk3652@gmail.com','2020-09-06 22:32:22'),(146,'engrcivil70@gmail.com','2020-09-07 00:06:39'),(147,'iqrahmd007@gmail.com','2020-09-07 00:35:11'),(148,'aliahsan2k@gmail.com','2020-09-07 01:22:23'),(149,'aliahsan2k@gmail.com','2020-09-07 01:31:21'),(150,'sikandar.ali@iba-suk.edu.pk','2020-09-07 09:50:57'),(151,'engr.ehmad45@gmail.com','2020-09-07 10:23:14'),(152,'dkjhangi@gmail.com','2020-09-07 15:22:48'),(153,'Shahidjanan789@gmail.com','2020-09-07 22:04:53'),(154,'Shahidjanan789@gmail.com','2020-09-07 22:04:54'),(155,'Shahidjanan789@gmail.com','2020-09-07 22:04:54'),(156,'junaidmumtaz999@gmail.com','2020-09-07 23:56:51'),(157,'junaidmumtaz999@gmail.com','2020-09-07 23:58:38'),(158,'USMANS206@YAHOO.COM','2020-09-08 00:58:49'),(159,'azazckd@gmail.com','2020-09-08 02:49:19'),(160,'fakharsultan21@gmail.com','2020-09-08 11:10:27'),(161,'fakharsultan21@gmail.com','2020-09-08 11:11:12'),(162,'engr.m.shoaib100@gmail.com','2020-09-08 11:40:42'),(163,'sumerakhalid@fjwu.edu.pk','2020-09-08 11:52:10'),(164,'engr.hamdansaeed@gmail.com','2020-09-08 14:25:53'),(165,'asif.k.domki167@gmail.com','2020-09-08 17:16:03'),(166,'94sufyankhan@gmail.com','2020-09-08 18:05:49'),(167,'94sufyankhan@gmail.com','2020-09-08 18:06:19'),(168,'m.imran521@gmail.com','2020-09-08 20:39:34'),(169,'engr.masod@gmail.com','2020-09-08 21:21:39'),(170,'abdullahmusakhel@yahoo.com','2020-09-08 22:30:03'),(171,'m.sajawal00112@yahoo.com','2020-09-08 23:15:52'),(172,'assadalikunwar@gmail.com','2020-09-09 00:56:12'),(173,'rehanshakoor039@gmail.com','2020-09-09 02:52:18'),(174,'engr.fayyaz88@gmail.com','2020-09-09 07:14:22'),(175,'talhamustafa93@gmail.com','2020-09-09 08:57:59'),(176,'enggsulaman02@gmail.com','2020-09-09 12:40:06'),(177,'enggsulaman02@gmail.com','2020-09-09 12:40:22'),(178,'adnanalishah91@yahoo.com','2020-09-09 13:27:47'),(179,'adnanalishah91@yahoo.com','2020-09-09 13:28:22'),(180,'zeeshanhaidar.46@gmail.com','2020-09-09 14:29:09'),(181,'nasirawan379@gmail.com','2020-09-09 15:06:41'),(182,'mukhtiarahmad11@gmail.com','2020-09-09 16:47:37'),(183,'hamzaanwar144@gmail.com','2020-09-09 17:43:03'),(184,'umair.khurshid@hotmail.com','2020-09-09 18:48:48'),(185,'jawwad251@gmail.com','2020-09-09 21:27:48'),(186,'Ihson.j@gmail.com','2020-09-09 22:01:44'),(187,'ahmed.aliee@yahoo.com','2020-09-10 01:24:40'),(188,'khalidamin555@gmail.com','2020-09-10 01:25:32'),(189,'engineeradilshah999@gmail.com','2020-09-10 02:17:22'),(190,'ENGR.ADILNAWAZ@GMAIL.COM','2020-09-10 07:59:50'),(191,'usman_gill93@yahoo.com','2020-09-10 08:08:01'),(192,'nasirawan379@gmail.com','2020-09-10 09:42:50'),(193,'ehsan95pk@gmail.com','2020-09-10 09:53:21'),(194,'smustafajillani@hotmail.com','2020-09-10 10:54:29'),(195,'abdulqadirkhanmahar@gmail.com','2020-09-10 11:02:34'),(196,'ccivilian4@gmail.com','2020-09-10 11:35:22'),(197,'msartaj04@yahoo.com','2020-09-10 12:08:56'),(198,'adnanalishah91@yahoo.com','2020-09-10 12:29:30'),(199,'shafqatr26@gmail.com','2020-09-10 12:49:47'),(200,'engr.aboubakar@gmail.com','2020-09-10 13:11:07'),(201,'mumunir_ssuet@yahoo.com','2020-09-10 13:42:30'),(202,'ipatel.me@gmail.com','2020-09-10 14:25:57'),(203,'mannanaslam56@gmail.com','2020-09-10 15:24:24'),(204,'akhterkhan061@gmail.com','2020-09-10 16:10:05'),(205,'ikramkhan2288@gmail.com','2020-09-10 18:08:47'),(206,'usmanarshad477@gmail.com','2020-09-10 19:31:40'),(207,'aamirbhatti789@gmail.com','2020-09-10 20:04:23'),(208,'engr.masod@gmail.com','2020-09-11 06:58:02'),(209,'roheelbajwa@gmail.com','2020-09-11 09:17:46'),(210,'dr.s.irshad.sll@gmail.com','2020-09-11 10:41:16'),(211,'msavishamim@yahoo.com','2020-09-11 10:59:20'),(212,'mmab786@gmail.com','2020-09-11 11:25:36'),(213,'sohaibbb8@gmail.com','2020-09-11 15:31:25'),(214,'talhamustafa93@gmail.com','2020-09-11 15:55:38'),(215,'engrwisalbabakhel@gmail.com','2020-09-11 16:11:31'),(216,'engrwisalbabakhel@gmail.com','2020-09-11 16:11:37'),(217,'abuzaralmani12@gmail.com','2020-09-11 16:34:45'),(218,'inams5379@gmail.com','2020-09-11 19:26:28'),(219,'shoaibahmeduet@gmail.com','2020-09-11 20:15:00'),(220,'aimif2425@gmail.com','2020-09-11 20:15:16'),(221,'mumarfs@yahoo.com','2020-09-12 16:48:37'),(222,'zubairgmangi@gmail.com','2020-09-12 20:04:18'),(223,'syedaqeelraza89@gmail.com','2020-09-12 20:55:08'),(224,'gulzar_hussain32@hotmail.com','2020-09-12 22:18:02'),(225,'aseebishtiaq@yahoo.com','2020-09-12 22:35:08'),(226,'uhamayat@gmail.com','2020-09-13 03:11:36'),(227,'qqureshi56@yahoo.com','2020-09-13 15:05:57'),(228,'umair.khurshid@hotmail.com','2020-09-13 21:14:37'),(229,'amirmirza2010@gmail.com','2020-09-14 01:26:48'),(230,'engrwajahatkhan@gmail.com','2020-09-14 05:50:02'),(231,'khan.zemi@gmail.com','2020-09-14 07:47:39'),(232,'engrfayaz32@gmail.com','2020-09-14 09:13:19'),(233,'nasirawan379@gmail.com','2020-09-14 10:50:57'),(234,'nasirawan379@gmail.com','2020-09-14 10:50:58'),(235,'nasirawan379@gmail.com','2020-09-14 10:51:09'),(236,'mwasim2k10@gmail.com','2020-09-14 14:45:53'),(237,'Awaiskhanmemon@gmail.com','2020-09-14 17:10:25'),(238,'awais8421@gmail.com','2020-09-14 17:25:53'),(239,'mossi.khan.871@gmail.com','2020-09-14 23:09:30'),(240,'suhailahmedmemon92@gmail.com','2020-09-15 01:51:29'),(241,'muneerkhattak909@gmail.com','2020-09-15 02:02:09'),(242,'hassamee1@gmail.com','2020-09-15 08:00:39'),(243,'usmanriazmughal@hotmail.com','2020-09-15 11:03:32'),(244,'malikuashar94@gmail.com','2020-09-15 11:12:56'),(245,'rred1788@gmail.com','2020-09-15 21:13:06'),(246,'rred1788@gmail.com','2020-09-15 21:24:51'),(247,'assadalikunwar@gmail.com','2020-09-15 22:57:09'),(248,'zaryoon07@gmail.com','2020-09-16 08:27:06'),(249,'janbacha11kb@gmail.com','2020-09-16 11:06:13'),(250,'engr.rizwanyounas@gmail.com','2020-09-16 12:06:18'),(251,'engr.rizwanyounas@gmail.com','2020-09-16 12:09:19'),(252,'engr.tariq.pk@gmail.com','2020-09-16 12:52:20'),(253,'bilalsher007@gmail.com','2020-09-16 14:01:30'),(254,'altafayaz2161@gmail.com','2020-09-16 15:35:39'),(255,'nasirawan379@gmail.com','2020-09-16 18:38:40'),(256,'umair5531@gmail.com','2020-09-17 02:32:50'),(257,'KHANSHOAIB91@GMAIL.COM','2020-09-17 10:46:30'),(258,'syedbukhari0@gmail.com','2020-09-17 13:24:27'),(259,'ch.umar08@gmail.com','2020-09-23 02:10:37'),(260,'ranamuneebashraf@gmail.com','2020-09-23 04:13:44'),(261,'fahad.klair@gmail.com','2020-09-23 04:38:48'),(262,'sameen386@yahoo.com','2020-09-23 04:58:46'),(263,'aamirsaeed004@gmail.com','2020-09-23 06:03:02'),(264,'rizijoiya13@gmail.com','2020-09-23 14:05:52'),(265,'wahmad294@gmail.com','2020-09-23 14:17:04'),(266,'wahmad294@gmail.com','2020-09-23 14:17:19'),(267,'engriftikharjilani@gmail.com','2020-09-23 20:21:35'),(268,'Engrdawood86@gmail.com','2020-09-23 20:21:51'),(269,'mwasim2k10@gmail.com','2020-09-23 20:25:02'),(270,'khan.hamzazai@gmail.com','2020-09-24 08:13:25'),(271,'harisriaz008@gmail.com','2020-09-24 12:08:42'),(272,'ihtisif999@gmail.com','2020-09-24 15:55:42'),(273,'ibrarsaqib3s3@gmail.com','2020-09-24 16:03:23'),(274,'engrhaidarali@gmail.com','2020-09-24 16:06:00'),(275,'Irfanullah126@gmail.com','2020-09-24 18:20:55'),(276,'chmumair64@gmail.com','2020-09-24 18:25:32'),(277,'peralam@hotmail.com','2020-09-24 20:39:33'),(278,'salmanmemon9541@gmail.com','2020-09-24 21:35:34'),(279,'altafayaz2161@gmail.com','2020-09-24 21:37:54'),(280,'ahsanabbasii96@gmail.com','2020-09-25 01:05:15'),(281,'ajnaha@gmail.com','2020-09-25 01:57:06'),(282,'umarf4746@gmail.com','2020-09-25 02:02:38'),(283,'mukesh.rathore5045@gmail.com','2020-09-25 08:03:44'),(284,'engr.sohailarshad@gmail.com','2020-09-25 09:54:12'),(285,'naveed.ahmed.glw@gmail.com','2020-09-25 17:15:31'),(286,'sohailxohail1@gmail.com','2020-09-25 17:59:41'),(287,'engr.vikram2009@gmail.com','2020-09-25 18:50:12'),(288,'vikram_kumar2009@yahoo.com','2020-09-25 18:50:24'),(289,'fazalbugti123@gmail.com','2020-09-25 19:25:17'),(290,'raowaqas0786@gmail.com','2020-09-25 20:31:56'),(291,'abdullahqamar4@gmail.com','2020-09-25 20:45:20'),(292,'abdullahqamar4@gmail.com','2020-09-25 20:46:17'),(293,'abdullahqamar4@gmail.com','2020-09-25 20:47:39'),(294,'abdullahqamar4@gmail.com','2020-09-25 20:52:39'),(295,'abdullahqamar4@gmail.com','2020-09-25 20:55:32'),(296,'noman7486@gmail.com','2020-09-25 21:05:59'),(297,'mujahid.vogue@gmail.com','2020-09-25 21:14:28'),(298,'qamarzaman.gaho@gmail.com','2020-09-25 21:42:45'),(299,'Engryasir1418@gmail.com','2020-09-26 05:01:08'),(300,'piratiqurahman@gmail.com','2020-09-26 08:23:05'),(301,'nizamuddinmak@gmail.com','2020-09-26 17:23:18'),(302,'zubairanwar959@gmail.com','2020-09-26 22:01:41'),(303,'talhassst@gmail.com','2020-09-27 00:02:03'),(304,'usmanalikhan309@gmail.com','2020-09-27 02:08:28'),(305,'musman.bsce@gmail.com','2020-09-27 05:23:39'),(306,'khosowalimuhammad@yahoo.com','2020-09-27 06:24:57'),(307,'khosowalimuhammad@yahoo.com','2020-09-27 06:37:51'),(308,'atifkhankk@gmail.com','2020-09-27 14:54:11'),(309,'atifkhankk@gmail.com','2020-09-27 14:54:45'),(310,'bilalahmadtts7@gmail.com','2020-09-27 16:21:47'),(311,'engr.masod@gmail.com','2020-09-27 16:30:41'),(312,'engr.masroor793@gmail.com','2020-09-27 22:47:54'),(313,'aqayoum74@gmail.com','2020-09-28 01:43:20'),(314,'qammarrehman123@gmail.com','2020-09-28 02:32:53'),(315,'qammarrehman123@gmail.com','2020-09-28 02:33:23'),(316,'basitsaeed912005@gmail.com','2020-09-28 02:54:19'),(317,'safwannaeem11@gmail.com','2020-09-28 03:57:13'),(318,'afbajwa@gmail.com','2020-09-28 07:01:19'),(319,'ahsan.tariq316@gmail.com','2020-09-28 16:38:39'),(320,'ahsan.tariq316@gmail.com','2020-09-28 16:38:50'),(321,'hussnain.javaid94@gmail.com','2020-09-29 04:32:31'),(322,'qadirsaani44@gmail.com','2020-09-29 09:17:47'),(323,'qadirsaani44@gmail.com','2020-09-29 09:18:04'),(324,'engr.arshadmukhtar@gmail.com','2020-09-29 16:01:26'),(325,'fahimullah132@gmail.com','2020-09-29 16:33:48'),(326,'engineerafghan@yahoo.com','2020-09-29 16:36:24'),(327,'engr.raziq19018@gmail.com','2020-09-29 16:36:34'),(328,'Engineerzafar2006@gmail.com','2020-09-29 19:32:09'),(329,'Engineerzafar2006@gmail.com','2020-09-29 19:32:31'),(330,'m.yasir.ibrahim@gmail.com','2020-09-29 21:06:43'),(331,'syedbukhari0@gmail.com','2020-09-29 21:14:51'),(332,'engrilyasktk@gmail.com','2020-09-29 22:32:53'),(333,'Engr.idreesgul@gmail.com','2020-09-29 23:43:17'),(334,'arslanamin14@gmail.com','2020-09-30 19:01:27'),(335,'adnan.yasir111@gmail.com','2020-09-30 20:19:31'),(336,'sami08me09@gmail.com','2020-09-30 20:46:42'),(337,'Zafarsoomro36@gmail.com','2020-09-30 21:53:23'),(338,'engr.syedyasir@outlook.com','2020-10-01 00:46:28'),(339,'petarian1074@gmail.com','2020-10-01 03:37:02'),(340,'petarian1074@gmail.com','2020-10-01 03:39:21'),(341,'petarian1074@gmail.com','2020-10-01 03:40:02'),(342,'alidayo@gmail.com','2020-10-01 04:11:06'),(343,'engr.awaisali99@gmail.com','2020-10-01 05:32:31'),(344,'engr.awaisali99@gmail.com','2020-10-01 05:32:31'),(345,'engr.awaisali99@gmail.com','2020-10-01 05:32:31'),(346,'engr.awaisali99@gmail.com','2020-10-01 05:32:31'),(347,'engr.awaisali99@gmail.com','2020-10-01 05:32:31'),(348,'engr.awaisali99@gmail.com','2020-10-01 05:33:26'),(349,'engr.awaisali99@gmail.com','2020-10-01 05:33:26'),(350,'usmanarshad477@gmail.com','2020-10-01 06:08:46'),(351,'usama18elpower@gmail.com','2020-10-01 08:42:21'),(352,'usama18elpower@gmail.com','2020-10-01 08:42:44'),(353,'usama18elpower@gmail.com','2020-10-01 08:44:11'),(354,'aliabbaskhokhar27@gmail.com','2020-10-01 08:57:28'),(355,'bilalwaris024@gmail.com','2020-10-01 13:55:58'),(356,'syedbukhari0@gmail.com','2020-10-01 15:41:59'),(357,'noman2377@gmail.com','2020-10-01 17:49:31'),(358,'abdul.rehman.ab472@gmail.com','2020-10-01 18:56:04'),(359,'roheelbajwa@gmail.com','2020-10-01 23:55:39'),(360,'nawazsindhu786@gmail.com','2020-10-02 04:52:27'),(361,'atiqkhantareen@gmail.com','2020-10-02 05:18:04'),(362,'Hammadned@yahoo.com','2020-10-02 18:13:06'),(363,'hammad.mushtaq96@gmail.com','2020-10-02 18:50:15'),(364,'haroon_abdullah@outlook.com','2020-10-02 19:50:19'),(365,'sceconsult@gmail.com','2020-10-02 20:05:34'),(366,'muhammadnadeem1236@gmail.com','2020-10-02 22:54:51'),(367,'altafahmad296@gmail.com','2020-10-03 02:45:20'),(368,'altafahmad296@gmail.com','2020-10-03 02:45:30'),(369,'nayabmaqsoodkhattak@gmail.com','2020-10-03 03:12:24'),(370,'kashif4585@gmail.com','2020-10-03 03:52:43'),(371,'umarlateef85@gmail.com','2020-10-03 07:55:33'),(372,'m.latif.uw@gmail.com','2020-10-03 08:07:10'),(373,'engr.amjad567@gmail.com','2020-10-03 08:31:42'),(374,'mhr095zia@gmail.com','2020-10-03 10:11:51'),(375,'shafiq_ahmed2348@yahoo.com','2020-10-03 12:33:10'),(376,'shafiq_ahmed2348@yahoo.com','2020-10-03 12:33:21'),(377,'shafiq_ahmed2348@yahoo.com','2020-10-03 12:34:19'),(378,'shafiq_ahmed2348@yahoo.com','2020-10-03 12:34:43'),(379,'ali_raza_94@hotmail.com','2020-10-03 16:14:04'),(380,'ashfaqnazir080@gmail.com','2020-10-03 17:36:42'),(381,'aadikhan910@gmail.com','2020-10-03 23:07:39'),(382,'hasnainsh65@gmail.com','2020-10-04 00:29:31'),(383,'hasnainsh65@gmail.com','2020-10-04 00:30:42'),(384,'awaisdanish878@gmail.com','2020-10-04 05:57:45'),(385,'Awaisdanish878@gmail.com','2020-10-04 06:00:55'),(386,'awaisdanish878@gmail.com','2020-10-04 06:03:35'),(387,'awaisdanish878@gmail.com','2020-10-04 06:12:42'),(388,'princeadnan09@gmail.com','2020-10-04 06:13:02'),(389,'mwadoood7867@gmail.com','2020-10-04 08:06:53'),(390,'dawarihsanullah@gmail.com','2020-10-04 09:00:39'),(391,'ussamaromailkhan@gmail.com','2020-10-04 14:42:13'),(392,'hamzaromailkhan@gmail.com','2020-10-04 14:42:30'),(393,'mubashar033@yahoo.com','2020-10-04 16:56:10'),(394,'engrajdahri@gmail.com','2020-10-04 16:58:31'),(395,'sustainability@artisticgarment.com','2020-10-04 19:06:25'),(396,'waseem10el@gmail.com','2020-10-04 20:07:49'),(397,'waleedshoukat125@gmail.com','2020-10-04 20:35:24'),(398,'Engr.ishtiaq777@gmail.com','2020-10-04 22:14:36'),(399,'chaudryqasim@gmail.com','2020-10-05 05:43:44'),(400,'m.suleman7770@gmail.com','2020-10-05 12:36:51'),(401,'raonasir1042@gmail.com','2020-10-05 18:58:42'),(402,'kobaidullah604@gmail.com','2020-10-05 19:03:02'),(403,'kobaidullah604@gmail.com','2020-10-05 19:03:22'),(404,'abdulbais0005@gmail.com','2020-10-05 19:18:20'),(405,'engrshabbirr@gmail.com','2020-10-05 19:43:43'),(406,'zulqarnainali131@gmail.com','2020-10-06 00:32:25'),(407,'faheem4818@gmail.com','2020-10-06 04:11:34'),(408,'Khan_junaid10@yahoo.com','2020-10-06 04:49:29'),(409,'adnanalishah91@yahoo.com','2020-10-06 04:55:06'),(410,'Shafique12ce@hotmail.com','2020-10-06 09:17:32'),(411,'sohailjan363@gmail.com','2020-10-06 11:46:35'),(412,'mwasim2k10@gmail.com','2020-10-06 12:57:22'),(413,'mwasim2k10@gmail.com','2020-10-06 12:58:33'),(414,'bashir.pk@outlook.com','2020-10-06 15:58:17'),(415,'engr_irfan160@yahoo.com','2020-10-06 18:12:53'),(416,'noman7247@hotmail.com','2020-10-06 19:51:17'),(417,'engr.touseef09@gmail.com','2020-10-06 21:12:19'),(418,'naziraamir734@gmail.com','2020-10-06 22:10:14'),(419,'naziraamir734@gmail.com','2020-10-06 22:17:20'),(420,'noman45wasif@gmail.com','2020-10-06 22:40:07'),(421,'abdurrehmanayubia@gmail.com','2020-10-07 01:04:07'),(422,'awais14ce65@gmail.com','2020-10-07 08:10:12'),(423,'Subhan_m40@yahoo.com','2020-10-07 17:33:29'),(424,'sheharyarwec@gmail.com','2020-10-07 18:15:43'),(425,'moosa14ce42@yahoo.com','2020-10-07 18:41:05'),(426,'irfanullah126@gmail.com','2020-10-07 19:39:18'),(427,'irfanullah126@gmail.com','2020-10-07 19:40:05'),(428,'farooqghumro@hotmail.com','2020-10-08 05:08:39'),(429,'er.junaid1283@gmail.com','2020-10-08 06:00:26'),(430,'er.junaid1283@gmail.com','2020-10-08 06:01:29'),(431,'shahablodhi281@gmail.com','2020-10-08 10:06:17'),(432,'shahablodhi281@gmail.com','2020-10-08 10:06:24'),(433,'engrwaseemakhter@gmail.com','2020-10-08 12:51:11'),(434,'irfanokz068@gmail.com','2020-10-08 16:21:44'),(435,'muhammad.saraan19@gmail.com','2020-10-08 17:09:17'),(436,'engineer.usman@hotmail.com','2020-10-08 17:12:07'),(437,'engrwaqarulmulk01@gmail.com','2020-10-08 18:05:05'),(438,'ali1.salman@yahoo.com','2020-10-08 18:48:30'),(439,'salmanaliraja5@gmail.com','2020-10-08 18:48:51'),(440,'bilalkhann723@gmail.com','2020-10-08 19:05:51'),(441,'bilalkhann723@gmail.com','2020-10-08 19:06:47'),(442,'bilalkhann723@gmail.com','2020-10-08 19:08:21'),(443,'bilalkhann723@gmail.com','2020-10-08 19:08:28'),(444,'shabirjan89@gmail.com','2020-10-08 20:32:32'),(445,'shabirjan89@gmail.com','2020-10-08 20:36:16'),(446,'engrmajidhussain@gmail.com','2020-10-09 00:09:16'),(447,'asadzia657@gmail.com','2020-10-09 01:53:01'),(448,'asadzia657@gmail.com','2020-10-09 01:53:17'),(449,'asadzia657@gmail.com','2020-10-09 01:54:14'),(450,'rizwan_shoukat@live.com','2020-10-09 02:00:18'),(451,'inayatjokhio702@gmail.com','2020-10-09 02:47:15'),(452,'daudpotaamanullah@gmail.com','2020-10-09 04:10:32'),(453,'zubairalimemon98@yahoo.com','2020-10-09 05:18:33'),(454,'zubairalimemon98@gmail.com','2020-10-09 05:23:09'),(455,'asifdomki167@yahoo.com','2020-10-09 05:27:30'),(456,'tahirsattar1470@gmail.com','2020-10-09 05:39:12'),(457,'rehmankhalid042@gmail.com','2020-10-09 05:39:33'),(458,'hassanejaz22@gmail.com','2020-10-09 05:39:49'),(459,'engineerhashim62@gmail.com','2020-10-09 06:19:43'),(460,'Aishaznb@gmail.com','2020-10-09 18:45:51'),(461,'javediqbal416@gmail.com','2020-10-09 18:47:01'),(462,'muhammad.arslansiddiqi@gmail.com','2020-10-09 22:59:42'),(463,'qaim363@gmail.com','2020-10-10 04:11:19'),(464,'bilalisrar@yahoo.com','2020-10-10 05:26:54'),(465,'engrkhalil813@gamil.com','2020-10-10 13:14:12'),(466,'engrkhalil813@gamil.com','2020-10-10 13:22:44'),(467,'adnan_376@hotmail.com','2020-10-10 18:05:36'),(468,'mubashir_ikram36@yahoo.com','2020-10-10 20:47:03'),(469,'mubashir_ikram36@yahoo.com','2020-10-10 20:47:31'),(470,'mubashir_ikram36@yahoo.com','2020-10-10 20:48:42'),(471,'mubashir_ikram36@yahoo.com','2020-10-10 21:01:32'),(472,'mubashir_ikram36@yahoo.com','2020-10-10 21:01:48'),(473,'zubairshah0321@gmail.com','2020-10-10 21:12:52');
/*!40000 ALTER TABLE `subscription` ENABLE KEYS */;
UNLOCK TABLES;

--
-- Table structure for table `tblcpdlogins`
--

DROP TABLE IF EXISTS `tblcpdlogins`;
/*!40101 SET @saved_cs_client     = @@character_set_client */;
/*!40101 SET character_set_client = utf8 */;
CREATE TABLE `tblcpdlogins` (
  `id` int(11) NOT NULL AUTO_INCREMENT,
  `UserName` varchar(255) DEFAULT NULL,
  `UserPassword` varchar(255) DEFAULT NULL,
  `email` varchar(255) DEFAULT NULL,
  `engid` varchar(255) DEFAULT NULL,
  `number` varchar(255) DEFAULT NULL,
  `createdAt` datetime NOT NULL,
  `updatedAt` datetime NOT NULL,
  PRIMARY KEY (`id`)
) ENGINE=InnoDB AUTO_INCREMENT=11 DEFAULT CHARSET=latin1;
/*!40101 SET character_set_client = @saved_cs_client */;

--
-- Dumping data for table `tblcpdlogins`
--

LOCK TABLES `tblcpdlogins` WRITE;
/*!40000 ALTER TABLE `tblcpdlogins` DISABLE KEYS */;
INSERT INTO `tblcpdlogins` VALUES (10,'MUBASHIR HASAN AWAN',NULL,'mubashirmalik3636@gmail.com','407324',NULL,'2020-02-01 13:51:55','2020-02-01 13:51:55');
/*!40000 ALTER TABLE `tblcpdlogins` ENABLE KEYS */;
UNLOCK TABLES;

--
-- Table structure for table `user_claims`
--

DROP TABLE IF EXISTS `user_claims`;
/*!40101 SET @saved_cs_client     = @@character_set_client */;
/*!40101 SET character_set_client = utf8 */;
CREATE TABLE `user_claims` (
  `submission_id` int(11) NOT NULL DEFAULT '1',
  `field_id` int(11) DEFAULT NULL,
  `field_value` varchar(200) DEFAULT NULL,
  `date` datetime DEFAULT CURRENT_TIMESTAMP,
  `id` int(11) NOT NULL AUTO_INCREMENT,
  PRIMARY KEY (`id`),
  KEY `fk-submmii_idx` (`submission_id`),
  CONSTRAINT `fk-submmii` FOREIGN KEY (`submission_id`) REFERENCES `cpd_form_submission` (`submission_id`) ON UPDATE CASCADE
) ENGINE=InnoDB AUTO_INCREMENT=2829 DEFAULT CHARSET=latin1;
/*!40101 SET character_set_client = @saved_cs_client */;

--
-- Dumping data for table `user_claims`
--

LOCK TABLES `user_claims` WRITE;
/*!40000 ALTER TABLE `user_claims` DISABLE KEYS */;
INSERT INTO `user_claims` VALUES (130,11,'12','2020-09-24 21:56:31',1546),(130,12,'12','2020-09-24 21:56:31',1547),(130,5,'2016-07-11T19:00:00.000Z','2020-09-24 21:56:31',1548),(130,22,'PHD in Telecom','2020-09-24 21:56:31',1549),(130,3,'Comsats','2020-09-24 21:56:31',1550),(130,6,'Test','2020-09-24 21:56:31',1551),(130,9,'2020-09-08T19:00:00.000Z','2020-09-24 21:56:31',1552),(130,8,'2019-12-31T19:00:00.000Z','2020-09-24 21:56:31',1553),(130,1,'Formal Education','2020-09-24 21:56:31',1554),(130,2,'Award of Doctorate (Ph.D) in Engg','2020-09-24 21:56:31',1555),(130,10,'08','2020-09-24 21:56:31',1556),(130,13,'logitech-g302-daedalus-prime-moba-gaming-mouse-eitstore-1804-20-eitstore@27.jpg','2020-09-24 21:56:31',1557),(131,2,'Post Graduate Diploma (PGD)','2020-09-24 23:20:22',1558),(131,12,'2','2020-09-24 23:20:22',1559),(131,5,'2019-09-30T19:00:00.000Z','2020-09-24 23:20:22',1560),(131,51,'Test Diploma','2020-09-24 23:20:22',1561),(131,2,'Post Graduate Diploma (PGD)','2020-09-24 23:20:22',1562),(131,10,'04','2020-09-24 23:20:22',1563),(131,13,'obs video.png','2020-09-24 23:20:22',1564),(131,3,'Test Intitution','2020-09-24 23:20:22',1565),(131,6,'PGD','2020-09-24 23:20:22',1566),(131,9,'2020-04-30T19:00:00.000Z','2020-09-24 23:20:22',1567),(131,8,'2019-12-31T19:00:00.000Z','2020-09-24 23:20:22',1568),(131,1,'Formal Education','2020-09-24 23:20:22',1569),(131,1,'Formal Education','2020-09-24 23:20:22',1570),(132,13,'As Built 3D Documentation Process and 3D Intelligent Modeling with tracking Sensors CPD.pdf','2020-09-24 23:23:02',1571),(132,12,'0.5','2020-09-24 23:23:02',1572),(132,45,' Quality Solutions','2020-09-24 23:23:02',1573),(132,60,'As Built 3D Documentation Process and 3D Intelligent Modeling with tracking Sensors','2020-09-24 23:23:02',1574),(132,9,'2020-04-06T19:00:00.000Z','2020-09-24 23:23:02',1575),(132,8,'2020-04-06T19:00:00.000Z','2020-09-24 23:23:02',1576),(132,1,'Developmental Activities','2020-09-24 23:23:02',1577),(132,2,'Participation in Lectures','2020-09-24 23:23:02',1578),(132,11,'0.5','2020-09-24 23:23:02',1579),(132,10,'00','2020-09-24 23:23:02',1580),(133,12,'0.5','2020-09-25 04:13:42',1581),(133,45,'Create Your Destiny-Success Lies within YOU!','2020-09-25 04:13:42',1582),(133,60,'How Emotional Intelligence plays a vital role in your work & personal life?','2020-09-25 04:13:42',1583),(133,9,'2020-08-11T19:00:00.000Z','2020-09-25 04:13:42',1584),(133,8,'2020-08-11T19:00:00.000Z','2020-09-25 04:13:42',1585),(133,1,'Developmental Activities','2020-09-25 04:13:42',1586),(133,2,'Participation in Lectures','2020-09-25 04:13:42',1587),(133,10,'00','2020-09-25 04:13:42',1588),(133,13,'Hoe emotional intelligence plays vital role.jpg','2020-09-25 04:13:42',1589),(134,12,'1','2020-09-25 04:13:51',1590),(134,45,'the institution of engineers Pakistan','2020-09-25 04:13:51',1591),(134,61,'Innovation Entrepreneurship Post Lockdown Startup','2020-09-25 04:13:51',1592),(134,9,'2020-05-20T19:00:00.000Z','2020-09-25 04:13:51',1593),(134,8,'2020-05-10T19:00:00.000Z','2020-09-25 04:13:51',1594),(134,1,'Developmental Activities','2020-09-25 04:13:51',1595),(134,2,'Participation in Workshop','2020-09-25 04:13:51',1596),(134,10,'00','2020-09-25 04:13:51',1597),(134,13,'CPD CERTIFICATE.png','2020-09-25 04:13:51',1598),(135,12,'1','2020-09-25 04:15:58',1599),(135,45,'BUITEMS, QUETTA','2020-09-25 04:15:58',1600),(135,61,'Introduction to FDTD Simulation Method for Electromagnetism and Photonics','2020-09-25 04:15:58',1601),(135,9,'2018-11-12T19:00:00.000Z','2020-09-25 04:15:58',1602),(135,8,'2018-11-12T19:00:00.000Z','2020-09-25 04:15:58',1603),(135,1,'Developmental Activities','2020-09-25 04:15:58',1604),(135,2,'Participation in Workshop','2020-09-25 04:15:58',1605),(135,10,'00','2020-09-25 04:15:58',1606),(135,13,'20200417-223644_p0.jpg','2020-09-25 04:15:58',1607),(136,12,'1','2020-09-25 04:17:38',1608),(136,45,'the institution of engineers Pakistan','2020-09-25 04:17:38',1609),(136,61,'Lockdown Business Continutiy and Recovery','2020-09-25 04:17:38',1610),(136,9,'2020-04-23T19:00:00.000Z','2020-09-25 04:17:38',1611),(136,8,'2020-04-19T19:00:00.000Z','2020-09-25 04:17:38',1612),(136,1,'Developmental Activities','2020-09-25 04:17:38',1613),(136,2,'Participation in Workshop','2020-09-25 04:17:38',1614),(136,10,'00','2020-09-25 04:17:38',1615),(136,13,'image.png.pdf','2020-09-25 04:17:38',1616),(137,12,'2.5','2020-09-25 08:08:15',1617),(137,45,'THE INSTITUTION OF ENGINEERS PAKISTAN','2020-09-25 08:08:15',1618),(137,61,'POST LOCK DOWN INNOVATION AND ENTERPRENEURSHIP','2020-09-25 08:08:15',1619),(137,9,'2020-05-20T19:00:00.000Z','2020-09-25 08:08:15',1620),(137,8,'2020-05-10T19:00:00.000Z','2020-09-25 08:08:15',1621),(137,1,'Developmental Activities','2020-09-25 08:08:15',1622),(137,2,'Participation in Workshop','2020-09-25 08:08:15',1623),(137,10,'00','2020-09-25 08:08:15',1624),(137,13,'image (1).png','2020-09-25 08:08:15',1625),(138,12,'0.5','2020-09-25 08:13:04',1626),(138,45,'DHA SUFFA UNIVERSITY KARACHI','2020-09-25 08:13:04',1627),(138,60,'MODERN ENERGY TRADING PRACTICE','2020-09-25 08:13:04',1628),(138,9,'2020-06-26T19:00:00.000Z','2020-09-25 08:13:04',1629),(138,8,'2020-06-26T19:00:00.000Z','2020-09-25 08:13:04',1630),(138,1,'Developmental Activities','2020-09-25 08:13:04',1631),(138,2,'Participation in Seminar','2020-09-25 08:13:04',1632),(138,10,'00','2020-09-25 08:13:04',1633),(138,13,'Syed-Moosa-Raza__1600980634_39.34.179.138.jpg','2020-09-25 08:13:04',1634),(139,12,'2.5','2020-09-25 08:15:03',1635),(139,45,'THE INSTITUTION OF ENGINEERS PAKISTAN','2020-09-25 08:15:03',1636),(139,29,'LOCKDOWN BUSINESS CONTINUITY AND RECOVERY','2020-09-25 08:15:03',1637),(139,9,'2020-04-23T19:00:00.000Z','2020-09-25 08:15:03',1638),(139,8,'2020-04-19T19:00:00.000Z','2020-09-25 08:15:03',1639),(139,1,'Developmental Activities','2020-09-25 08:15:03',1640),(139,2,'Participation in  Conference','2020-09-25 08:15:03',1641),(139,10,'00','2020-09-25 08:15:03',1642),(139,13,'image (2).png','2020-09-25 08:15:03',1643),(140,12,'1','2020-09-25 08:17:30',1644),(140,45,'IEEEP','2020-09-25 08:17:30',1645),(140,60,'AN INTRO TO COGNITIVE LEARNING','2020-09-25 08:17:30',1646),(140,9,'2020-04-22T19:00:00.000Z','2020-09-25 08:17:30',1647),(140,8,'2020-04-22T19:00:00.000Z','2020-09-25 08:17:30',1648),(140,1,'Developmental Activities','2020-09-25 08:17:30',1649),(140,2,'Participation in Seminar','2020-09-25 08:17:30',1650),(140,10,'00','2020-09-25 08:17:30',1651),(140,13,'webinar certificates final-page-088.jpg','2020-09-25 08:17:30',1652),(141,12,'0.5','2020-09-25 08:20:37',1653),(141,45,'DAWOOD UNIVERSITY OF ENGINEERING AND TECHNOLOGY KARACHI','2020-09-25 08:20:37',1654),(141,60,'WASTE WATER TREATMENT','2020-09-25 08:20:37',1655),(141,9,'2020-06-05T19:00:00.000Z','2020-09-25 08:20:37',1656),(141,8,'2020-06-05T19:00:00.000Z','2020-09-25 08:20:37',1657),(141,1,'Developmental Activities','2020-09-25 08:20:37',1658),(141,2,'Participation in Seminar','2020-09-25 08:20:37',1659),(141,10,'00','2020-09-25 08:20:37',1660),(141,13,'WWT-E1472.pdf','2020-09-25 08:20:37',1661),(142,12,'0.5','2020-09-25 08:22:23',1662),(142,45,'DAWOOD UNIVERSITY OF ENGINEERING AND TECHNOLOGY KARACHI','2020-09-25 08:22:23',1663),(142,60,'RESERACH TOOLS (PHASE-1)','2020-09-25 08:22:23',1664),(142,9,'2020-06-13T19:00:00.000Z','2020-09-25 08:22:23',1665),(142,8,'2020-06-13T19:00:00.000Z','2020-09-25 08:22:23',1666),(142,1,'Developmental Activities','2020-09-25 08:22:23',1667),(142,2,'Participation in Seminar','2020-09-25 08:22:23',1668),(142,10,'00','2020-09-25 08:22:23',1669),(142,13,'CPD-RT1507.pdf','2020-09-25 08:22:23',1670),(143,12,'0.5','2020-09-25 08:23:42',1671),(143,45,'DAWOOD UNIVERSITY OF ENGINEERING AND TECHNOLOGY KARACHI','2020-09-25 08:23:42',1672),(143,60,'How to Run Business with Minimum Risk of COVID-19','2020-09-25 08:23:42',1673),(143,9,'2020-06-26T19:00:00.000Z','2020-09-25 08:23:42',1674),(143,8,'2020-06-26T19:00:00.000Z','2020-09-25 08:23:42',1675),(143,1,'Developmental Activities','2020-09-25 08:23:42',1676),(143,2,'Participation in Seminar','2020-09-25 08:23:42',1677),(143,10,'00','2020-09-25 08:23:42',1678),(143,13,'COVID-14815.pdf','2020-09-25 08:23:42',1679),(144,1,'Developmental Activities','2020-09-25 08:25:14',1680),(144,2,'Participation in Workshop','2020-09-25 08:25:14',1681),(144,8,'2020-06-21T19:00:00.000Z','2020-09-25 08:25:14',1682),(144,9,'2020-06-22T19:00:00.000Z','2020-09-25 08:25:14',1683),(144,10,'00','2020-09-25 08:25:14',1684),(144,45,'HAMDARD UNIVERSITY KARACHI','2020-09-25 08:25:14',1685),(144,13,'Engineers Certificates updated June, 2020.pdf','2020-09-25 08:25:14',1686),(144,61,'Automation with PLC and HMI in modern trends','2020-09-25 08:25:14',1687),(145,12,'0.5','2020-09-25 08:26:57',1688),(145,45,'Techno Legal Consultants (Pvt) Ltd.','2020-09-25 08:26:57',1689),(145,61,'Application of Price Adjustment Formula in DAM Project','2020-09-25 08:26:57',1690),(145,9,'2020-06-19T19:00:00.000Z','2020-09-25 08:26:57',1691),(145,8,'2020-06-19T19:00:00.000Z','2020-09-25 08:26:57',1692),(145,1,'Developmental Activities','2020-09-25 08:26:57',1693),(145,2,'Participation in Workshop','2020-09-25 08:26:57',1694),(145,10,'00','2020-09-25 08:26:57',1695),(145,13,'Syed Mosa Raza.pdf','2020-09-25 08:26:57',1696),(146,24,'course work only','2020-09-25 13:33:11',1697),(146,12,'4','2020-09-25 13:33:11',1698),(146,5,'2018-10-17T19:00:00.000Z','2020-09-25 13:33:11',1699),(146,22,'MSc Transportation Engineering','2020-09-25 13:33:11',1700),(146,3,'University of Engineering and Technology Taxila','2020-09-25 13:33:11',1701),(146,6,'MSc Transportation Engineering Full Time/Evening','2020-09-25 13:33:11',1702),(146,9,'2020-04-17T19:00:00.000Z','2020-09-25 13:33:11',1703),(146,8,'2018-10-17T19:00:00.000Z','2020-09-25 13:33:11',1704),(146,1,'Formal Education','2020-09-25 13:33:11',1705),(146,2,'Award of Post Graduate Degree (Engg, IT, Finance,Management, Law, Economics etc.)','2020-09-25 13:33:11',1706),(146,11,'4','2020-09-25 13:33:11',1707),(146,10,'18','2020-09-25 13:33:11',1708),(146,13,'MSc  (FALL SEMESTER–2019) EXAMINATIONS IN CIVIL ENGINEERING-FINAL RESULT .pdf','2020-09-25 13:33:11',1709),(147,12,'4','2020-09-25 14:54:06',1710),(147,15,'Project Manager','2020-09-25 14:54:06',1711),(147,53,'Aalam Construction','2020-09-25 14:54:06',1712),(147,9,'2020-06-29T19:00:00.000Z','2020-09-25 14:54:06',1713),(147,8,'2018-12-28T19:00:00.000Z','2020-09-25 14:54:06',1714),(147,1,'Work Based Activities','2020-09-25 14:54:06',1715),(147,2,'Work Experience (Engineering related work including relevant aspects of Management)','2020-09-25 14:54:06',1716),(147,10,'18','2020-09-25 14:54:06',1717),(147,13,'combinepdf.pdf','2020-09-25 14:54:06',1718),(148,12,'0.5','2020-09-25 15:00:52',1719),(148,45,'Quality Solution Technologies PVT LTD Islamabad','2020-09-25 15:00:52',1720),(148,60,'CAM for Designers:A path to better Designs','2020-09-25 15:00:52',1721),(148,9,'2020-07-26T19:00:00.000Z','2020-09-25 15:00:52',1722),(148,8,'2020-07-26T19:00:00.000Z','2020-09-25 15:00:52',1723),(148,1,'Developmental Activities','2020-09-25 15:00:52',1724),(148,2,'Participation in Seminar','2020-09-25 15:00:52',1725),(148,10,'00','2020-09-25 15:00:52',1726),(148,13,'Mr.Muhammad Maad Raza.pdf','2020-09-25 15:00:52',1727),(149,12,'0.5','2020-09-25 15:14:43',1728),(149,45,'The Department of Civil Engineering University of Engineering and Technology Taxila','2020-09-25 15:14:43',1729),(149,60,'Assessment of Structural Response of RC Frames Through the use of Hybrid ANN-FEA Model','2020-09-25 15:14:43',1730),(149,9,'2019-12-11T19:00:00.000Z','2020-09-25 15:14:43',1731),(149,8,'2019-12-11T19:00:00.000Z','2020-09-25 15:14:43',1732),(149,1,'Developmental Activities','2020-09-25 15:14:43',1733),(149,2,'Participation in Seminar','2020-09-25 15:14:43',1734),(149,10,'00','2020-09-25 15:14:43',1735),(149,13,'WhatsApp Image 2020-09-25 at 8.49.02 AM.jpeg','2020-09-25 15:14:43',1736),(150,13,'Ajk Engineers Job.jpeg','2020-09-25 15:56:47',1737),(150,12,'2','2020-09-25 15:56:47',1738),(150,15,'Assistant Project Manager','2020-09-25 15:56:47',1739),(150,53,'AJK Engineers Pvt. Ltd.','2020-09-25 15:56:47',1740),(150,9,'2019-07-30T19:00:00.000Z','2020-09-25 15:56:47',1741),(150,8,'2018-07-24T19:00:00.000Z','2020-09-25 15:56:47',1742),(150,1,'Work Based Activities','2020-09-25 15:56:47',1743),(150,2,'Work Experience (Engineering related work including relevant aspects of Management)','2020-09-25 15:56:47',1744),(150,11,'1','2020-09-25 15:56:47',1745),(150,10,'12','2020-09-25 15:56:47',1746),(151,10,'36','2020-09-25 16:08:52',1747),(151,12,'12','2020-09-25 16:08:52',1748),(151,5,'2017-02-14T19:00:00.000Z','2020-09-25 16:08:52',1749),(151,22,'DOCTOR OF PHILOSOPHY','2020-09-25 16:08:52',1750),(151,3,'Griffith University Australia','2020-09-25 16:08:52',1751),(151,6,'Regular / On Campus','2020-09-25 16:08:52',1752),(151,9,'2020-02-14T19:00:00.000Z','2020-09-25 16:08:52',1753),(151,8,'2017-02-14T19:00:00.000Z','2020-09-25 16:08:52',1754),(151,1,'Formal Education','2020-09-25 16:08:52',1755),(151,2,'Award of Doctorate (Ph.D) in Engg','2020-09-25 16:08:52',1756),(151,13,'Sahar-PhD.jpg','2020-09-25 16:08:52',1757),(152,2,'Post Graduate Diploma (PGD)','2020-09-25 17:18:04',1758),(152,12,'2','2020-09-25 17:18:04',1759),(152,5,'2010-12-31T19:00:00.000Z','2020-09-25 17:18:04',1760),(152,51,'INDUSTRIAL ENGINEERING & MANAGEMENT','2020-09-25 17:18:04',1761),(152,3,'MEHRAN UNVERSITY OF ENGINEERING AND TECHNOLOGY JAMSHORO','2020-09-25 17:18:04',1762),(152,6,'INDUSTRIAL ENGINEERING & MANAGEMENT','2020-09-25 17:18:04',1763),(152,9,'2012-12-30T19:00:00.000Z','2020-09-25 17:18:04',1764),(152,8,'2011-01-06T19:00:00.000Z','2020-09-25 17:18:04',1765),(152,1,'Formal Education','2020-09-25 17:18:04',1766),(152,1,'Formal Education','2020-09-25 17:18:04',1767),(152,2,'Post Graduate Diploma (PGD)','2020-09-25 17:18:04',1768),(152,10,'24','2020-09-25 17:18:04',1769),(152,13,'Post gratudae degree.JPG','2020-09-25 17:18:04',1770),(153,12,'1','2020-09-25 17:24:42',1771),(153,15,'QUALITY INCHARGE','2020-09-25 17:24:42',1772),(153,53,'MUHAMMAD SHAFI TANNERIES PVT LIMITED','2020-09-25 17:24:42',1773),(153,9,'2014-09-10T19:00:00.000Z','2020-09-25 17:24:42',1774),(153,8,'2013-03-31T19:00:00.000Z','2020-09-25 17:24:42',1775),(153,1,'Work Based Activities','2020-09-25 17:24:42',1776),(153,2,'Work Experience (Engineering related work including relevant aspects of Management)','2020-09-25 17:24:42',1777),(153,10,'17','2020-09-25 17:24:42',1778),(153,13,'Post gratudae degree.JPG','2020-09-25 17:24:42',1779),(154,12,'2','2020-09-25 17:27:56',1780),(154,15,'QUALTY INSPECTOR','2020-09-25 17:27:56',1781),(154,53,'ENGRO POWERGEN PVT LIMITED','2020-09-25 17:27:56',1782),(154,9,'2016-10-29T19:00:00.000Z','2020-09-25 17:27:56',1783),(154,8,'2015-04-30T19:00:00.000Z','2020-09-25 17:27:56',1784),(154,1,'Work Based Activities','2020-09-25 17:27:56',1785),(154,2,'Work Experience (Engineering related work including relevant aspects of Management)','2020-09-25 17:27:56',1786),(154,10,'18','2020-09-25 17:27:56',1787),(154,13,'Sudheer Experience Letter.pdf','2020-09-25 17:27:56',1788),(155,12,'3','2020-09-25 17:29:57',1789),(155,15,'QUALTY INSPECTOR','2020-09-25 17:29:57',1790),(155,53,'SINDH ENGRO COAL MINING COMPANY','2020-09-25 17:29:57',1791),(155,9,'2019-06-29T19:00:00.000Z','2020-09-25 17:29:57',1792),(155,8,'2016-12-31T19:00:00.000Z','2020-09-25 17:29:57',1793),(155,1,'Work Based Activities','2020-09-25 17:29:57',1794),(155,2,'Work Experience (Engineering related work including relevant aspects of Management)','2020-09-25 17:29:57',1795),(155,10,'30','2020-09-25 17:29:57',1796),(155,13,'sudheer engro experience letter.40_2','2020-09-25 17:29:57',1797),(156,12,'0.5','2020-09-25 18:07:00',1798),(156,45,'GULF INSTITUTE OF MODERN TECHNOLOGY','2020-09-25 18:07:00',1799),(156,21,'AUTOCAD','2020-09-25 18:07:00',1800),(156,9,'2015-01-30T19:00:00.000Z','2020-09-25 18:07:00',1801),(156,8,'2014-07-31T19:00:00.000Z','2020-09-25 18:07:00',1802),(156,1,'Developmental Activities','2020-09-25 18:07:00',1803),(156,2,'Participation in  Training & Development programmes','2020-09-25 18:07:00',1804),(156,10,'06','2020-09-25 18:07:00',1805),(156,13,'auto cad certificate.jpg','2020-09-25 18:07:00',1806),(157,12,'0.5','2020-09-25 18:13:30',1807),(157,45,'GULF INSTITUTE OF MODERN TECHNOLOGY','2020-09-25 18:13:30',1808),(157,21,'CERTIFICATE IN COMPUTER SCIENCE','2020-09-25 18:13:30',1809),(157,9,'2015-07-30T19:00:00.000Z','2020-09-25 18:13:30',1810),(157,8,'2015-01-31T19:00:00.000Z','2020-09-25 18:13:30',1811),(157,1,'Developmental Activities','2020-09-25 18:13:30',1812),(157,2,'Participation in  Training & Development programmes','2020-09-25 18:13:30',1813),(157,10,'06','2020-09-25 18:13:30',1814),(157,13,'computer certificate.jpg','2020-09-25 18:13:30',1815),(158,12,'0.5','2020-09-25 18:24:06',1816),(158,45,'GULF INSTITUTE OF MODERN TECHNOLOGY','2020-09-25 18:24:06',1817),(158,21,'PRIMVERA P6','2020-09-25 18:24:06',1818),(158,9,'2015-09-29T19:00:00.000Z','2020-09-25 18:24:06',1819),(158,8,'2015-06-30T19:00:00.000Z','2020-09-25 18:24:06',1820),(158,1,'Developmental Activities','2020-09-25 18:24:06',1821),(158,2,'Participation in  Training & Development programmes','2020-09-25 18:24:06',1822),(158,10,'03','2020-09-25 18:24:06',1823),(158,13,'primvera p6 certificate.jpg','2020-09-25 18:24:06',1824),(159,13,'A_1.jpg','2020-09-25 19:56:43',1825),(159,12,'2.5','2020-09-25 19:56:43',1826),(159,15,'Site Engineer','2020-09-25 19:56:43',1827),(159,53,'Evershine Contructors C1/006','2020-09-25 19:56:43',1828),(159,9,'2019-06-29T19:00:00.000Z','2020-09-25 19:56:43',1829),(159,8,'2018-11-12T19:00:00.000Z','2020-09-25 19:56:43',1830),(159,1,'Work Based Activities','2020-09-25 19:56:43',1831),(159,2,'Work Experience (Engineering related work including relevant aspects of Management)','2020-09-25 19:56:43',1832),(159,11,'1','2020-09-25 19:56:43',1833),(159,10,'08','2020-09-25 19:56:43',1834),(160,13,'Welding.pdf','2020-09-25 20:32:36',1835),(160,12,'16','2020-09-25 20:32:36',1836),(160,45,'Pakistan Welding Institute (Pakistan Atomic Energy Commission)','2020-09-25 20:32:36',1837),(160,61,'Welding Inspector Level-1','2020-09-25 20:32:36',1838),(160,9,'2008-04-29T19:00:00.000Z','2020-09-25 20:32:36',1839),(160,8,'2008-04-13T19:00:00.000Z','2020-09-25 20:32:36',1840),(160,1,'Developmental Activities','2020-09-25 20:32:36',1841),(160,2,'Participation in Workshop','2020-09-25 20:32:36',1842),(160,11,'1','2020-09-25 20:32:36',1843),(160,10,'01','2020-09-25 20:32:36',1844),(161,13,'Dawlance.pdf','2020-09-25 20:38:48',1845),(161,12,'1','2020-09-25 20:38:48',1846),(161,45,'Dawlance','2020-09-25 20:38:48',1847),(161,21,'Reliability in Action Workshop part -1','2020-09-25 20:38:48',1848),(161,9,'2006-09-20T19:00:00.000Z','2020-09-25 20:38:48',1849),(161,8,'2006-09-20T19:00:00.000Z','2020-09-25 20:38:48',1850),(161,1,'Developmental Activities','2020-09-25 20:38:48',1851),(161,2,'Participation in  Training & Development programmes','2020-09-25 20:38:48',1852),(161,11,'1','2020-09-25 20:38:48',1853),(161,10,'00','2020-09-25 20:38:48',1854),(162,24,'course work plus research','2020-09-25 20:54:39',1855),(162,12,'6','2020-09-25 20:54:39',1856),(162,5,'2011-12-27T19:00:00.000Z','2020-09-25 20:54:39',1857),(162,22,'Master of Science in Electrical Engineering','2020-09-25 20:54:39',1858),(162,3,'University of Engineering and Technology Lahore','2020-09-25 20:54:39',1859),(162,6,'Formal','2020-09-25 20:54:39',1860),(162,9,'2016-05-09T19:00:00.000Z','2020-09-25 20:54:39',1861),(162,8,'2012-01-11T19:00:00.000Z','2020-09-25 20:54:39',1862),(162,1,'Formal Education','2020-09-25 20:54:39',1863),(162,2,'Award of Post Graduate Degree (Engg, IT, Finance,Management, Law, Economics etc.)','2020-09-25 20:54:39',1864),(162,11,'6','2020-09-25 20:54:39',1865),(162,10,'52','2020-09-25 20:54:39',1866),(162,13,'4.MSc. Degree.pdf','2020-09-25 20:54:39',1867),(163,13,'Jaffer.pdf','2020-09-25 20:56:41',1868),(163,12,'1','2020-09-25 20:56:41',1869),(163,45,'Jaffer Brothers (Pvt) Ltd','2020-09-25 20:56:41',1870),(163,21,'Training course on operation & maintenance of the Komatsu & other Construction Machines','2020-09-25 20:56:41',1871),(163,9,'2009-06-09T18:00:00.000Z','2020-09-25 20:56:41',1872),(163,8,'2009-06-08T18:00:00.000Z','2020-09-25 20:56:41',1873),(163,1,'Developmental Activities','2020-09-25 20:56:41',1874),(163,2,'Participation in  Training & Development programmes','2020-09-25 20:56:41',1875),(163,11,'1','2020-09-25 20:56:41',1876),(163,10,'00','2020-09-25 20:56:41',1877),(164,12,'15','2020-09-25 21:04:18',1878),(164,45,'Pakistan Welding Institute (Pakistan Atomic Energy Commission)','2020-09-25 21:04:18',1879),(164,21,'Level-1 Liquid Penetrant Testing','2020-09-25 21:04:18',1880),(164,9,'2009-01-25T19:00:00.000Z','2020-09-25 21:04:18',1881),(164,8,'2009-01-11T19:00:00.000Z','2020-09-25 21:04:18',1882),(164,1,'Developmental Activities','2020-09-25 21:04:18',1883),(164,2,'Participation in  Training & Development programmes','2020-09-25 21:04:18',1884),(164,10,'00','2020-09-25 21:04:18',1885),(164,13,'NTD 1.pdf','2020-09-25 21:04:18',1886),(165,12,'15','2020-09-25 21:08:23',1887),(165,45,'Pakistan Welding Institute (Pakistan Atomic Energy Commission)','2020-09-25 21:08:23',1888),(165,21,'Level-1 Ultrasonic  Testing','2020-09-25 21:08:23',1889),(165,9,'2009-02-15T19:00:00.000Z','2020-09-25 21:08:23',1890),(165,8,'2009-02-01T19:00:00.000Z','2020-09-25 21:08:23',1891),(165,1,'Developmental Activities','2020-09-25 21:08:23',1892),(165,2,'Participation in  Training & Development programmes','2020-09-25 21:08:23',1893),(165,10,'00','2020-09-25 21:08:23',1894),(165,13,'NDT.pdf','2020-09-25 21:08:23',1895),(166,24,'course work plus research','2020-09-26 01:12:48',1896),(166,12,'6','2020-09-26 01:12:48',1897),(166,5,'2014-08-11T19:00:00.000Z','2020-09-26 01:12:48',1898),(166,22,'MSc Structural Engineering','2020-09-26 01:12:48',1899),(166,3,'NUST','2020-09-26 01:12:48',1900),(166,6,'Structural Engineering from NUST','2020-09-26 01:12:48',1901),(166,9,'2017-02-13T19:00:00.000Z','2020-09-26 01:12:48',1902),(166,8,'2014-09-07T19:00:00.000Z','2020-09-26 01:12:48',1903),(166,1,'Formal Education','2020-09-26 01:12:48',1904),(166,2,'Award of Post Graduate Degree (Engg, IT, Finance,Management, Law, Economics etc.)','2020-09-26 01:12:48',1905),(166,11,'6','2020-09-26 01:12:48',1906),(166,10,'29','2020-09-26 01:12:48',1907),(166,13,'Degree.jpg','2020-09-26 01:12:48',1908),(167,12,'1','2020-09-26 01:19:34',1909),(167,45,'Pakistan Engineering Council','2020-09-26 01:19:34',1910),(167,21,'Entrepreneurship and basic supervision of construction projects ','2020-09-26 01:19:34',1911),(167,9,'2016-04-18T19:00:00.000Z','2020-09-26 01:19:34',1912),(167,8,'2016-04-18T19:00:00.000Z','2020-09-26 01:19:34',1913),(167,1,'Developmental Activities','2020-09-26 01:19:34',1914),(167,2,'Participation in  Training & Development programmes','2020-09-26 01:19:34',1915),(167,10,'00','2020-09-26 01:19:34',1916),(167,13,'5. Supervision of construction projects.jpg','2020-09-26 01:19:34',1917),(168,12,'1','2020-09-26 01:21:45',1918),(168,45,'Pakistan Engineering Council','2020-09-26 01:21:45',1919),(168,21,'Entrepreneurship and basic supervision of construction projects ','2020-09-26 01:21:45',1920),(168,9,'2016-04-18T19:00:00.000Z','2020-09-26 01:21:45',1921),(168,8,'2016-04-18T19:00:00.000Z','2020-09-26 01:21:45',1922),(168,1,'Developmental Activities','2020-09-26 01:21:45',1923),(168,2,'Participation in  Training & Development programmes','2020-09-26 01:21:45',1924),(168,10,'00','2020-09-26 01:21:45',1925),(168,13,'5. Supervision of construction projects.jpg','2020-09-26 01:21:45',1926),(169,12,'1','2020-09-26 01:52:57',1927),(169,45,'UET Lahore','2020-09-26 01:52:57',1928),(169,61,'Highway Bridge Design for Beginers','2020-09-26 01:52:57',1929),(169,9,'2016-05-09T19:00:00.000Z','2020-09-26 01:52:57',1930),(169,8,'2016-05-09T19:00:00.000Z','2020-09-26 01:52:57',1931),(169,1,'Developmental Activities','2020-09-26 01:52:57',1932),(169,2,'Participation in Workshop','2020-09-26 01:52:57',1933),(169,10,'00','2020-09-26 01:52:57',1934),(169,13,'6. Bridge Design.jpg','2020-09-26 01:52:57',1935),(170,13,'Experience Certificate.jpg','2020-09-26 03:33:14',1936),(170,12,'8','2020-09-26 03:33:14',1937),(170,15,'Trainee Engineer','2020-09-26 03:33:14',1938),(170,53,'Kot Addu Power Company ( KAPCO)','2020-09-26 03:33:14',1939),(170,9,'2019-05-01T19:00:00.000Z','2020-09-26 03:33:14',1940),(170,8,'2018-05-01T19:00:00.000Z','2020-09-26 03:33:14',1941),(170,1,'Work Based Activities','2020-09-26 03:33:14',1942),(170,2,'Work Experience (Engineering related work including relevant aspects of Management)','2020-09-26 03:33:14',1943),(170,11,'1','2020-09-26 03:33:14',1944),(170,10,'12','2020-09-26 03:33:14',1945),(171,12,'0.5','2020-09-26 04:15:03',1946),(171,45,'Continuing Professional Development Programe','2020-09-26 04:15:03',1947),(171,60,'Post Lock down innovation and Entrepreneurship','2020-09-26 04:15:03',1948),(171,9,'2020-05-20T19:00:00.000Z','2020-09-26 04:15:03',1949),(171,8,'2020-05-10T19:00:00.000Z','2020-09-26 04:15:03',1950),(171,1,'Developmental Activities','2020-09-26 04:15:03',1951),(171,2,'Participation in Seminar','2020-09-26 04:15:03',1952),(171,10,'00','2020-09-26 04:15:03',1953),(171,13,'cpd certificate.png','2020-09-26 04:15:03',1954),(172,12,'1','2020-09-26 04:27:33',1955),(172,45,'Continuing Professional Development Programe','2020-09-26 04:27:33',1956),(172,61,'Lock Down Business Continuity and Recovery','2020-09-26 04:27:33',1957),(172,9,'2020-04-23T19:00:00.000Z','2020-09-26 04:27:33',1958),(172,8,'2020-04-19T19:00:00.000Z','2020-09-26 04:27:33',1959),(172,1,'Developmental Activities','2020-09-26 04:27:33',1960),(172,2,'Participation in Workshop','2020-09-26 04:27:33',1961),(172,10,'00','2020-09-26 04:27:33',1962),(172,13,'CPD Certificate..png','2020-09-26 04:27:33',1963),(173,12,'0.5','2020-09-26 04:42:38',1964),(173,45,'Pakistan Engineering Council','2020-09-26 04:42:38',1965),(173,60,'Session-2 Covid-19 Alternative Entitlements to force Majeure','2020-09-26 04:42:38',1966),(173,9,'2020-06-17T19:00:00.000Z','2020-09-26 04:42:38',1967),(173,8,'2020-06-17T19:00:00.000Z','2020-09-26 04:42:38',1968),(173,1,'Developmental Activities','2020-09-26 04:42:38',1969),(173,2,'Participation in Seminar','2020-09-26 04:42:38',1970),(173,10,'00','2020-09-26 04:42:38',1971),(173,13,'20200925_221603 (1).jpg','2020-09-26 04:42:38',1972),(174,12,'1','2020-09-26 20:28:11',1973),(174,45,'Pakistan Engineering Council','2020-09-26 20:28:11',1974),(174,21,'Entrepreneurship and Basic Supervision of Construction Projects','2020-09-26 20:28:11',1975),(174,9,'2016-02-07T19:00:00.000Z','2020-09-26 20:28:11',1976),(174,8,'2016-02-07T19:00:00.000Z','2020-09-26 20:28:11',1977),(174,1,'Developmental Activities','2020-09-26 20:28:11',1978),(174,2,'Participation in  Training & Development programmes','2020-09-26 20:28:11',1979),(174,10,'00','2020-09-26 20:28:11',1980),(174,13,'PEC 2016.jpg','2020-09-26 20:28:11',1981),(175,13,'IMG_20200926_140440.jpg','2020-09-26 20:33:51',1982),(175,12,'0.5','2020-09-26 20:33:51',1983),(175,45,'Pakistan engineering council','2020-09-26 20:33:51',1984),(175,60,'process safety management','2020-09-26 20:33:51',1985),(175,9,'2020-09-09T19:00:00.000Z','2020-09-26 20:33:51',1986),(175,8,'2020-09-09T19:00:00.000Z','2020-09-26 20:33:51',1987),(175,1,'Developmental Activities','2020-09-26 20:33:51',1988),(175,2,'Participation in Seminar','2020-09-26 20:33:51',1989),(175,11,'0.5','2020-09-26 20:33:51',1990),(175,10,'00','2020-09-26 20:33:51',1991),(176,12,'1','2020-09-26 20:38:00',1992),(176,45,'Sarhad University ','2020-09-26 20:38:00',1993),(176,60,'Solid Waste Management','2020-09-26 20:38:00',1994),(176,9,'2019-01-23T19:00:00.000Z','2020-09-26 20:38:00',1995),(176,8,'2019-01-23T19:00:00.000Z','2020-09-26 20:38:00',1996),(176,1,'Developmental Activities','2020-09-26 20:38:00',1997),(176,2,'Participation in Seminar','2020-09-26 20:38:00',1998),(176,10,'00','2020-09-26 20:38:00',1999),(176,13,'2019 Sarhad.jpg','2020-09-26 20:38:00',2000),(177,12,'1','2020-09-26 20:39:08',2001),(177,45,'Pakistan engineering council','2020-09-26 20:39:08',2002),(177,60,'Dispute and conflict management in contracts','2020-09-26 20:39:08',2003),(177,9,'2019-06-24T19:00:00.000Z','2020-09-26 20:39:08',2004),(177,8,'2019-06-24T19:00:00.000Z','2020-09-26 20:39:08',2005),(177,1,'Developmental Activities','2020-09-26 20:39:08',2006),(177,2,'Participation in Seminar','2020-09-26 20:39:08',2007),(177,10,'00','2020-09-26 20:39:08',2008),(177,13,'IMG_20200926_141039 (1).jpg','2020-09-26 20:39:08',2009),(178,12,'1','2020-09-26 20:44:20',2010),(178,45,'SCOPO','2020-09-26 20:44:20',2011),(178,61,'The Art of Public Speaking and Self Confidence ','2020-09-26 20:44:20',2012),(178,9,'2018-09-28T19:00:00.000Z','2020-09-26 20:44:20',2013),(178,8,'2018-09-28T19:00:00.000Z','2020-09-26 20:44:20',2014),(178,1,'Developmental Activities','2020-09-26 20:44:20',2015),(178,2,'Participation in Workshop','2020-09-26 20:44:20',2016),(178,10,'00','2020-09-26 20:44:20',2017),(178,13,'2018 Scopo Public Sp.jpg','2020-09-26 20:44:20',2018),(179,12,'1','2020-09-26 20:49:03',2019),(179,45,'SCOPO','2020-09-26 20:49:03',2020),(179,61,'WATER CRISES AND THE NEED OF WATER RESERVOIRS IN PAKISTAN','2020-09-26 20:49:03',2021),(179,9,'2018-10-19T19:00:00.000Z','2020-09-26 20:49:03',2022),(179,8,'2018-10-19T19:00:00.000Z','2020-09-26 20:49:03',2023),(179,1,'Developmental Activities','2020-09-26 20:49:03',2024),(179,2,'Participation in Workshop','2020-09-26 20:49:03',2025),(179,10,'00','2020-09-26 20:49:03',2026),(179,13,'2018 Scopo Water .jpg','2020-09-26 20:49:03',2027),(180,12,'1','2020-09-26 23:17:43',2028),(180,45,'Dawood university of engineering & technology karachi','2020-09-26 23:17:43',2029),(180,61,'Advance Laboratory Instruments for research & industries','2020-09-26 23:17:43',2030),(180,9,'2018-10-20T19:00:00.000Z','2020-09-26 23:17:43',2031),(180,8,'2018-10-19T19:00:00.000Z','2020-09-26 23:17:43',2032),(180,1,'Developmental Activities','2020-09-26 23:17:43',2033),(180,2,'Participation in Workshop','2020-09-26 23:17:43',2034),(180,10,'00','2020-09-26 23:17:43',2035),(180,13,'CPD CFT 1.jpg','2020-09-26 23:17:43',2036),(181,12,'1','2020-09-27 02:12:48',2037),(181,45,'PRENAC','2020-09-27 02:12:48',2038),(181,21,'Solar PV System Design, Installation, Performance & Business','2020-09-27 02:12:48',2039),(181,9,'2019-11-25T19:00:00.000Z','2020-09-27 02:12:48',2040),(181,8,'2019-11-25T19:00:00.000Z','2020-09-27 02:12:48',2041),(181,1,'Developmental Activities','2020-09-27 02:12:48',2042),(181,2,'Participation in  Training & Development programmes','2020-09-27 02:12:48',2043),(181,10,'00','2020-09-27 02:12:48',2044),(181,13,'cer.4.jpg','2020-09-27 02:12:48',2045),(182,12,'0.5','2020-09-27 02:59:48',2046),(182,15,'CREATIVE WRITING','2020-09-27 02:59:48',2047),(182,53,'DIGISKILLS','2020-09-27 02:59:48',2048),(182,9,'2020-08-30T19:00:00.000Z','2020-09-27 02:59:48',2049),(182,8,'2020-04-30T19:00:00.000Z','2020-09-27 02:59:48',2050),(182,1,'Work Based Activities','2020-09-27 02:59:48',2051),(182,2,'Work Experience (Engineering related work including relevant aspects of Management)','2020-09-27 02:59:48',2052),(182,10,'04','2020-09-27 02:59:48',2053),(182,13,'DSTP_Certificate_ 9YAERJYPQ.pdf','2020-09-27 02:59:48',2054),(183,12,'0.5','2020-09-27 03:01:37',2055),(183,15,'GRAPHIC DESIGNER','2020-09-27 03:01:37',2056),(183,53,'DIGISKILLS','2020-09-27 03:01:37',2057),(183,9,'2020-08-30T19:00:00.000Z','2020-09-27 03:01:37',2058),(183,8,'2020-04-30T19:00:00.000Z','2020-09-27 03:01:37',2059),(183,1,'Work Based Activities','2020-09-27 03:01:37',2060),(183,2,'Work Experience (Engineering related work including relevant aspects of Management)','2020-09-27 03:01:37',2061),(183,10,'04','2020-09-27 03:01:37',2062),(183,13,'DSTP_Certificate_ MUT8JQPQ5.pdf','2020-09-27 03:01:37',2063),(184,12,'1','2020-09-27 03:04:21',2064),(184,15,'SAFETY','2020-09-27 03:04:21',2065),(184,53,'IOSH','2020-09-27 03:04:21',2066),(184,9,'2015-09-28T19:00:00.000Z','2020-09-27 03:04:21',2067),(184,8,'2015-09-28T19:00:00.000Z','2020-09-27 03:04:21',2068),(184,1,'Work Based Activities','2020-09-27 03:04:21',2069),(184,2,'Work Experience (Engineering related work including relevant aspects of Management)','2020-09-27 03:04:21',2070),(184,10,'00','2020-09-27 03:04:21',2071),(184,13,'IOSH certificate.jpg','2020-09-27 03:04:21',2072),(185,12,'0.5','2020-09-27 03:07:10',2073),(185,15,'PROCESS SAFETY MANAGEMENT','2020-09-27 03:07:10',2074),(185,53,'PAKISTAN ENGINEERING COUNCIL CPD PORTAL','2020-09-27 03:07:10',2075),(185,9,'2020-09-09T19:00:00.000Z','2020-09-27 03:07:10',2076),(185,8,'2020-09-09T19:00:00.000Z','2020-09-27 03:07:10',2077),(185,1,'Work Based Activities','2020-09-27 03:07:10',2078),(185,2,'Work Experience (Engineering related work including relevant aspects of Management)','2020-09-27 03:07:10',2079),(185,10,'00','2020-09-27 03:07:10',2080),(185,13,'IMG_20200926_184448.jpg','2020-09-27 03:07:10',2081),(186,12,'1','2020-09-27 06:32:23',2082),(186,45,'QUEST CAMPUS LARKANA','2020-09-27 06:32:23',2083),(186,61,'Personality Development','2020-09-27 06:32:23',2084),(186,9,'2020-01-27T19:00:00.000Z','2020-09-27 06:32:23',2085),(186,8,'2020-01-27T19:00:00.000Z','2020-09-27 06:32:23',2086),(186,1,'Developmental Activities','2020-09-27 06:32:23',2087),(186,2,'Participation in Workshop','2020-09-27 06:32:23',2088),(186,10,'00','2020-09-27 06:32:23',2089),(186,13,'16011472872679016030463895747062.jpg','2020-09-27 06:32:23',2090),(187,2,'Post Graduate Diploma (PGD)','2020-09-27 18:37:06',2091),(187,12,'4','2020-09-27 18:37:06',2092),(187,5,'2013-09-25T19:00:00.000Z','2020-09-27 18:37:06',2093),(187,51,'Engineering Management','2020-09-27 18:37:06',2094),(187,3,'Sarhad University of Information Sciences and Technology, Peshawar','2020-09-27 18:37:06',2095),(187,6,'Master of Science','2020-09-27 18:37:06',2096),(187,9,'2016-02-29T19:00:00.000Z','2020-09-27 18:37:06',2097),(187,8,'2013-10-05T19:00:00.000Z','2020-09-27 18:37:06',2098),(187,1,'Formal Education','2020-09-27 18:37:06',2099),(187,1,'Formal Education','2020-09-27 18:37:06',2100),(187,2,'Post Graduate Diploma (PGD)','2020-09-27 18:37:06',2101),(187,10,'29','2020-09-27 18:37:06',2102),(187,13,'MS Degree.jpg','2020-09-27 18:37:06',2103),(188,2,'Post Graduate Diploma (PGD)','2020-09-27 18:37:11',2104),(188,12,'4','2020-09-27 18:37:11',2105),(188,5,'2013-09-25T19:00:00.000Z','2020-09-27 18:37:11',2106),(188,51,'Engineering Management','2020-09-27 18:37:11',2107),(188,3,'Sarhad University of Information Sciences and Technology, Peshawar','2020-09-27 18:37:11',2108),(188,6,'Master of Science','2020-09-27 18:37:11',2109),(188,9,'2016-02-29T19:00:00.000Z','2020-09-27 18:37:11',2110),(188,8,'2013-10-05T19:00:00.000Z','2020-09-27 18:37:11',2111),(188,1,'Formal Education','2020-09-27 18:37:11',2112),(188,1,'Formal Education','2020-09-27 18:37:11',2113),(188,2,'Post Graduate Diploma (PGD)','2020-09-27 18:37:11',2114),(188,10,'29','2020-09-27 18:37:11',2115),(188,13,'MS Degree.jpg','2020-09-27 18:37:11',2116),(189,12,'8','2020-09-27 18:42:45',2117),(189,15,'Maintenance Engineer','2020-09-27 18:42:45',2118),(189,53,'MOL Pakistan Oil & Gas Co.B.V.','2020-09-27 18:42:45',2119),(189,9,'2020-09-26T19:00:00.000Z','2020-09-27 18:42:45',2120),(189,8,'2012-09-02T19:00:00.000Z','2020-09-27 18:42:45',2121),(189,1,'Work Based Activities','2020-09-27 18:42:45',2122),(189,2,'Work Experience (Engineering related work including relevant aspects of Management)','2020-09-27 18:42:45',2123),(189,10,'97','2020-09-27 18:42:45',2124),(189,13,'OFFER LETTER.pdf','2020-09-27 18:42:45',2125),(190,12,'11.5','2020-09-27 21:23:55',2126),(190,15,'Asist Manager Office Of Rector','2020-09-27 21:23:55',2127),(190,53,'University Of Management & Technology Lahore','2020-09-27 21:23:55',2128),(190,9,'2020-09-26T19:00:00.000Z','2020-09-27 21:23:55',2129),(190,8,'2016-05-28T19:00:00.000Z','2020-09-27 21:23:55',2130),(190,1,'Work Based Activities','2020-09-27 21:23:55',2131),(190,2,'Work Experience (Engineering related work including relevant aspects of Management)','2020-09-27 21:23:55',2132),(190,10,'52','2020-09-27 21:23:55',2133),(190,13,'CamScanner 09-27-2020 14.58.43.pdf','2020-09-27 21:23:55',2134),(191,13,'IMG_20200926_142437.jpg','2020-09-28 16:20:56',2135),(191,12,'1','2020-09-28 16:20:56',2136),(191,45,'Scopo PEB-scopo-k-0131','2020-09-28 16:20:56',2137),(191,21,'Environmental impact assessment (EIA)','2020-09-28 16:20:56',2138),(191,9,'2018-04-25T19:00:00.000Z','2020-09-28 16:20:56',2139),(191,8,'2018-04-25T19:00:00.000Z','2020-09-28 16:20:56',2140),(191,1,'Developmental Activities','2020-09-28 16:20:56',2141),(191,2,'Participation in  Training & Development programmes','2020-09-28 16:20:56',2142),(191,11,'1','2020-09-28 16:20:56',2143),(191,10,'00','2020-09-28 16:20:56',2144),(192,13,'How to get amazing results by coaching your staff.pdf','2020-09-28 16:23:50',2145),(192,12,'0.5','2020-09-28 16:23:50',2146),(192,45,'JOHN HARDWICK-LEADERSHIP COACH ,MOREFROM COACHING LIMITED','2020-09-28 16:23:50',2147),(192,60,'HOW TO GET AMAZING RESULTS BY COACHING YOUR STAFF','2020-09-28 16:23:50',2148),(192,9,'2020-06-18T19:00:00.000Z','2020-09-28 16:23:50',2149),(192,8,'2020-06-18T19:00:00.000Z','2020-09-28 16:23:50',2150),(192,1,'Developmental Activities','2020-09-28 16:23:50',2151),(192,2,'Participation in Seminar','2020-09-28 16:23:50',2152),(192,11,'0.5','2020-09-28 16:23:50',2153),(192,10,'00','2020-09-28 16:23:50',2154),(193,12,'0.5','2020-09-28 16:25:07',2155),(193,45,'SPEAKER | DIANE CRAIG. PRESIDENT ,CORPORATE CLASS INC','2020-09-28 16:25:07',2156),(193,60,'HOW TO BECOME IT - HOW TO ACHIEVE IT - INTRODUCTION TO EXECUTIVE PRESENCE','2020-09-28 16:25:07',2157),(193,9,'2020-06-18T19:00:00.000Z','2020-09-28 16:25:07',2158),(193,8,'2020-06-18T19:00:00.000Z','2020-09-28 16:25:07',2159),(193,1,'Developmental Activities','2020-09-28 16:25:07',2160),(193,2,'Participation in Seminar','2020-09-28 16:25:07',2161),(193,10,'00','2020-09-28 16:25:07',2162),(193,13,'how to become it how to achive it.pdf','2020-09-28 16:25:07',2163),(194,12,'0.5','2020-09-28 16:26:28',2164),(194,45,'SPEAKER | DR. IANNA F. CONTARDO, PROFESSOR OF BUSINESS STRATEGY & NEUROMARKETING FINANCIAL TIMES ,FT | IE CORPORATE LEARNING ALLIANCE','2020-09-28 16:26:28',2165),(194,60,'WHAT DIGITAL MARKETING AND BIG DATA CANNOT TELL YOU - THE ROLE OF METAPHORS IN BUYING DECISIONS','2020-09-28 16:26:28',2166),(194,9,'2020-06-19T19:00:00.000Z','2020-09-28 16:26:28',2167),(194,8,'2020-06-19T19:00:00.000Z','2020-09-28 16:26:28',2168),(194,1,'Developmental Activities','2020-09-28 16:26:28',2169),(194,2,'Participation in Seminar','2020-09-28 16:26:28',2170),(194,10,'00','2020-09-28 16:26:28',2171),(194,13,'metaphors used in the marketing.pdf','2020-09-28 16:26:28',2172),(195,12,'0.5','2020-09-28 16:26:32',2173),(195,45,'SPEAKER | DR. IANNA F. CONTARDO, PROFESSOR OF BUSINESS STRATEGY & NEUROMARKETING FINANCIAL TIMES ,FT | IE CORPORATE LEARNING ALLIANCE','2020-09-28 16:26:32',2174),(195,60,'WHAT DIGITAL MARKETING AND BIG DATA CANNOT TELL YOU - THE ROLE OF METAPHORS IN BUYING DECISIONS','2020-09-28 16:26:32',2175),(195,9,'2020-06-19T19:00:00.000Z','2020-09-28 16:26:32',2176),(195,8,'2020-06-19T19:00:00.000Z','2020-09-28 16:26:32',2177),(195,1,'Developmental Activities','2020-09-28 16:26:32',2178),(195,2,'Participation in Seminar','2020-09-28 16:26:32',2179),(195,10,'00','2020-09-28 16:26:32',2180),(195,13,'metaphors used in the marketing.pdf','2020-09-28 16:26:32',2181),(196,13,'IMG_20200926_142413.jpg','2020-09-28 16:26:33',2182),(196,12,'1','2020-09-28 16:26:33',2183),(196,45,'Scopo PEB-scopo-k-0131','2020-09-28 16:26:33',2184),(196,21,'SEISMIC DESIGN AND DETAILING IN BUILDING','2020-09-28 16:26:33',2185),(196,9,'2018-05-07T19:00:00.000Z','2020-09-28 16:26:33',2186),(196,8,'2018-05-07T19:00:00.000Z','2020-09-28 16:26:33',2187),(196,1,'Developmental Activities','2020-09-28 16:26:33',2188),(196,2,'Participation in  Training & Development programmes','2020-09-28 16:26:33',2189),(196,11,'1','2020-09-28 16:26:33',2190),(196,10,'00','2020-09-28 16:26:33',2191),(197,13,'IMG_20200926_142413.jpg','2020-09-28 16:26:51',2192),(197,12,'1','2020-09-28 16:26:51',2193),(197,45,'Scopo PEB-scopo-k-0131','2020-09-28 16:26:51',2194),(197,21,'SEISMIC DESIGN AND DETAILING IN BUILDING','2020-09-28 16:26:51',2195),(197,9,'2018-05-07T19:00:00.000Z','2020-09-28 16:26:51',2196),(197,8,'2018-05-07T19:00:00.000Z','2020-09-28 16:26:51',2197),(197,1,'Developmental Activities','2020-09-28 16:26:51',2198),(197,2,'Participation in  Training & Development programmes','2020-09-28 16:26:51',2199),(197,11,'1','2020-09-28 16:26:51',2200),(197,10,'00','2020-09-28 16:26:51',2201),(198,12,'0.5','2020-09-28 16:28:10',2202),(198,45,'SPEAKER | GREG JAMESON PRESIDENT ,WEBSTORES LTD','2020-09-28 16:28:10',2203),(198,60,'THE MAGIC T-SHIRT: HOW TO GET OTHERS TO PROMOTE YOUR PRODUCTS AND SERVICES','2020-09-28 16:28:10',2204),(198,9,'2020-06-19T19:00:00.000Z','2020-09-28 16:28:10',2205),(198,8,'2020-06-19T19:00:00.000Z','2020-09-28 16:28:10',2206),(198,1,'Developmental Activities','2020-09-28 16:28:10',2207),(198,2,'Participation in Seminar','2020-09-28 16:28:10',2208),(198,10,'00','2020-09-28 16:28:10',2209),(198,13,'how to get others to promote your products.pdf','2020-09-28 16:28:10',2210),(199,12,'0.5','2020-09-28 16:29:11',2211),(199,45,'SPEAKER | ANDY LOPATA, NETWORKING STRATEGIST ,H & A LOPATA LTD','2020-09-28 16:29:11',2212),(199,60,'THE NETWORKING MINDSET','2020-09-28 16:29:11',2213),(199,9,'2020-06-19T19:00:00.000Z','2020-09-28 16:29:11',2214),(199,8,'2020-06-19T19:00:00.000Z','2020-09-28 16:29:11',2215),(199,1,'Developmental Activities','2020-09-28 16:29:11',2216),(199,2,'Participation in Seminar','2020-09-28 16:29:11',2217),(199,10,'00','2020-09-28 16:29:11',2218),(199,13,'the networking mindset.pdf','2020-09-28 16:29:11',2219),(200,12,'0.5','2020-09-28 16:30:07',2220),(200,45,'SPEAKER | BURKE TURNER, DIGITAL WORKPLACE CONSULTANT ,ATMOSPHERE','2020-09-28 16:30:07',2221),(200,60,'WHY A SYSTEMIC THINKING APPROACH TO PROBLEM SOLVING MATTERS FOR YOUR BUSINESS','2020-09-28 16:30:07',2222),(200,9,'2020-06-19T19:00:00.000Z','2020-09-28 16:30:07',2223),(200,8,'2020-06-19T19:00:00.000Z','2020-09-28 16:30:07',2224),(200,1,'Developmental Activities','2020-09-28 16:30:07',2225),(200,2,'Participation in Seminar','2020-09-28 16:30:07',2226),(200,10,'00','2020-09-28 16:30:07',2227),(200,13,'systemetic thinking approach to problem solving for bussiness.pdf','2020-09-28 16:30:07',2228),(201,12,'0.5','2020-09-28 16:30:07',2229),(201,45,'SPEAKER | BURKE TURNER, DIGITAL WORKPLACE CONSULTANT ,ATMOSPHERE','2020-09-28 16:30:07',2230),(201,60,'WHY A SYSTEMIC THINKING APPROACH TO PROBLEM SOLVING MATTERS FOR YOUR BUSINESS','2020-09-28 16:30:07',2231),(201,9,'2020-06-19T19:00:00.000Z','2020-09-28 16:30:07',2232),(201,8,'2020-06-19T19:00:00.000Z','2020-09-28 16:30:07',2233),(201,1,'Developmental Activities','2020-09-28 16:30:07',2234),(201,2,'Participation in Seminar','2020-09-28 16:30:07',2235),(201,10,'00','2020-09-28 16:30:07',2236),(201,13,'systemetic thinking approach to problem solving for bussiness.pdf','2020-09-28 16:30:07',2237),(202,13,'Experience Letter.jpeg','2020-09-28 16:46:07',2238),(202,12,'2','2020-09-28 16:46:07',2239),(202,15,'Site Engineer','2020-09-28 16:46:07',2240),(202,53,'Al Khalil Construction Company Islamabad','2020-09-28 16:46:07',2241),(202,9,'2019-06-28T19:00:00.000Z','2020-09-28 16:46:07',2242),(202,8,'2018-10-25T19:00:00.000Z','2020-09-28 16:46:07',2243),(202,1,'Work Based Activities','2020-09-28 16:46:07',2244),(202,2,'Work Experience (Engineering related work including relevant aspects of Management)','2020-09-28 16:46:07',2245),(202,11,'1','2020-09-28 16:46:07',2246),(202,10,'08','2020-09-28 16:46:07',2247),(203,12,'3','2020-09-28 17:23:06',2248),(203,28,'2020-03-20T19:00:00.000Z','2020-09-28 17:23:06',2249),(203,27,'Energy Sources, Part A: Recovery, Utilization, and Environmental Effects','2020-09-28 17:23:06',2250),(203,26,'Electricity generation from the high-speed wind of the spillway in a hydroelectric power station','2020-09-28 17:23:06',2251),(203,1,'Individual  Activities','2020-09-28 17:23:06',2252),(203,2,'Writing and publishing a research article in Journals/Technical report','2020-09-28 17:23:06',2253),(203,11,'3','2020-09-28 17:23:06',2254),(203,13,'10.1080@15567036.2020.1739784.pdf','2020-09-28 17:23:06',2255),(204,12,'8','2020-09-29 20:01:18',2256),(204,15,'Project Engineer','2020-09-29 20:01:18',2257),(204,53,'Coating Construction and Mechanical ontractor','2020-09-29 20:01:18',2258),(204,9,'2020-09-28T19:00:00.000Z','2020-09-29 20:01:18',2259),(204,8,'2017-09-30T19:00:00.000Z','2020-09-29 20:01:18',2260),(204,1,'Work Based Activities','2020-09-29 20:01:18',2261),(204,2,'Work Experience (Engineering related work including relevant aspects of Management)','2020-09-29 20:01:18',2262),(204,10,'36','2020-09-29 20:01:18',2263),(204,13,'total executive.png','2020-09-29 20:01:18',2264),(205,24,'course work plus research','2020-09-29 20:38:00',2265),(205,12,'6','2020-09-29 20:38:00',2266),(205,5,'2016-01-24T19:00:00.000Z','2020-09-29 20:38:00',2267),(205,22,'MS Nuclear Engineering','2020-09-29 20:38:00',2268),(205,3,'Pakistan Institute of Engineering and Applied Sciences (PIEAS), Islamabad','2020-09-29 20:38:00',2269),(205,6,'Regular','2020-09-29 20:38:00',2270),(205,9,'2017-10-31T19:00:00.000Z','2020-09-29 20:38:00',2271),(205,8,'2016-01-24T19:00:00.000Z','2020-09-29 20:38:00',2272),(205,1,'Formal Education','2020-09-29 20:38:00',2273),(205,2,'Award of Post Graduate Degree (Engg, IT, Finance,Management, Law, Economics etc.)','2020-09-29 20:38:00',2274),(205,11,'6','2020-09-29 20:38:00',2275),(205,10,'21','2020-09-29 20:38:00',2276),(205,13,'MS Cirtificate.pdf','2020-09-29 20:38:00',2277),(206,24,'course work plus research','2020-09-29 21:18:17',2278),(206,12,'6.5','2020-09-29 21:18:17',2279),(206,5,'2013-01-18T19:00:00.000Z','2020-09-29 21:18:17',2280),(206,22,'Transportation Engineering','2020-09-29 21:18:17',2281),(206,3,'University of Engineering and Technology Lahore','2020-09-29 21:18:17',2282),(206,6,'Pavement Design','2020-09-29 21:18:17',2283),(206,9,'2019-01-18T19:00:00.000Z','2020-09-29 21:18:17',2284),(206,8,'2013-09-18T19:00:00.000Z','2020-09-29 21:18:17',2285),(206,1,'Formal Education','2020-09-29 21:18:17',2286),(206,2,'Award of Post Graduate Degree (Engg, IT, Finance,Management, Law, Economics etc.)','2020-09-29 21:18:17',2287),(206,10,'64','2020-09-29 21:18:17',2288),(206,13,'M.Sc.jpeg','2020-09-29 21:18:17',2289),(207,24,'course work plus research','2020-09-29 21:26:54',2290),(207,12,'6','2020-09-29 21:26:54',2291),(207,5,'2013-01-18T19:00:00.000Z','2020-09-29 21:26:54',2292),(207,22,'Transportation Engineering','2020-09-29 21:26:54',2293),(207,3,'University of Engineering and Technology Lahore','2020-09-29 21:26:54',2294),(207,6,'Development of Correlations between Flexible Pavement Conditions and Crash Types','2020-09-29 21:26:54',2295),(207,9,'2019-01-18T19:00:00.000Z','2020-09-29 21:26:54',2296),(207,8,'2013-09-18T19:00:00.000Z','2020-09-29 21:26:54',2297),(207,1,'Formal Education','2020-09-29 21:26:54',2298),(207,2,'Award of Post Graduate Degree (Engg, IT, Finance,Management, Law, Economics etc.)','2020-09-29 21:26:54',2299),(207,11,'6','2020-09-29 21:26:54',2300),(207,10,'64','2020-09-29 21:26:54',2301),(207,13,'M.Sc.jpeg','2020-09-29 21:26:54',2302),(208,12,'6','2020-09-29 21:36:45',2303),(208,15,'Planning Engineer','2020-09-29 21:36:45',2304),(208,53,'Habib Construction Services (Pvt.) Ltd','2020-09-29 21:36:45',2305),(208,9,'2015-09-08T19:00:00.000Z','2020-09-29 21:36:45',2306),(208,8,'2012-11-30T19:00:00.000Z','2020-09-29 21:36:45',2307),(208,1,'Work Based Activities','2020-09-29 21:36:45',2308),(208,2,'Work Experience (Engineering related work including relevant aspects of Management)','2020-09-29 21:36:45',2309),(208,10,'33','2020-09-29 21:36:45',2310),(208,13,'WhatsApp Image 2019-03-25 at 3.36.27 PM.jpeg','2020-09-29 21:36:45',2311),(209,12,'4','2020-09-29 21:39:12',2312),(209,15,'Planning Engineer','2020-09-29 21:39:12',2313),(209,53,'Saudi Arabian BAYTUR Construction Co.','2020-09-29 21:39:12',2314),(209,9,'2017-08-30T19:00:00.000Z','2020-09-29 21:39:12',2315),(209,8,'2015-09-10T19:00:00.000Z','2020-09-29 21:39:12',2316),(209,1,'Work Based Activities','2020-09-29 21:39:12',2317),(209,2,'Work Experience (Engineering related work including relevant aspects of Management)','2020-09-29 21:39:12',2318),(209,10,'24','2020-09-29 21:39:12',2319),(209,13,'S. A. Baytur Co. Experience Letter.pdf','2020-09-29 21:39:12',2320),(210,12,'1','2020-09-30 19:24:01',2321),(210,45,'Pakistan Engineering Council at NED (UET) Karachi','2020-09-30 19:24:01',2322),(210,21,'Leader ship for engineers and Technical Manager','2020-09-30 19:24:01',2323),(210,9,'2018-03-26T19:00:00.000Z','2020-09-30 19:24:02',2324),(210,8,'2018-03-26T19:00:00.000Z','2020-09-30 19:24:02',2325),(210,1,'Developmental Activities','2020-09-30 19:24:02',2326),(210,2,'Participation in  Training & Development programmes','2020-09-30 19:24:02',2327),(210,10,'00','2020-09-30 19:24:02',2328),(210,13,'B612_20180712_123644.jpg','2020-09-30 19:24:02',2329),(211,12,'1','2020-09-30 19:26:09',2330),(211,19,'2021-12-29T19:00:00.000Z','2020-09-30 19:26:09',2331),(211,18,'2018-02-25T19:00:00.000Z','2020-09-30 19:26:09',2332),(211,17,'Pakistan Engineering Congress ','2020-09-30 19:26:09',2333),(211,1,'Developmental Activities','2020-09-30 19:26:09',2334),(211,2,'Membership of a recognized professional  association/ body','2020-09-30 19:26:09',2335),(211,11,'1','2020-09-30 19:26:09',2336),(211,49,'National','2020-09-30 19:26:09',2337),(211,13,'B612_20180712_123612.jpg','2020-09-30 19:26:09',2338),(212,13,'Primavera.pdf','2020-09-30 23:05:02',2339),(212,12,'1','2020-09-30 23:05:02',2340),(212,45,'Pakistan Engineering Congress ','2020-09-30 23:05:02',2341),(212,61,'Project Planning and Scheduling Primavera P6','2020-09-30 23:05:02',2342),(212,9,'2014-12-01T19:00:00.000Z','2020-09-30 23:05:02',2343),(212,8,'2014-11-09T19:00:00.000Z','2020-09-30 23:05:02',2344),(212,1,'Developmental Activities','2020-09-30 23:05:02',2345),(212,2,'Participation in Workshop','2020-09-30 23:05:02',2346),(212,11,'1','2020-09-30 23:05:02',2347),(212,10,'01','2020-09-30 23:05:02',2348),(213,12,'10','2020-09-30 23:41:09',2349),(213,15,'IT/STATISTICAL OFFICER','2020-09-30 23:41:09',2350),(213,53,'DHQ HOSPITAL CHAKWAL','2020-09-30 23:41:09',2351),(213,9,'2020-09-29T19:00:00.000Z','2020-09-30 23:41:09',2352),(213,8,'2018-03-22T19:00:00.000Z','2020-09-30 23:41:09',2353),(213,1,'Work Based Activities','2020-09-30 23:41:09',2354),(213,2,'Work Experience (Engineering related work including relevant aspects of Management)','2020-09-30 23:41:09',2355),(213,10,'30','2020-09-30 23:41:09',2356),(213,13,'IT LECTURER 2019-10-22_2.pdf','2020-09-30 23:41:09',2357),(214,24,'course work only','2020-09-30 23:49:32',2358),(214,12,'4','2020-09-30 23:49:32',2359),(214,5,'2018-09-23T19:00:00.000Z','2020-09-30 23:49:32',2360),(214,22,'MASTERS IN PROJECT MANAGEMENT','2020-09-30 23:49:32',2361),(214,3,'RIPHAH UNIVERSITY  ISLAMABAD','2020-09-30 23:49:32',2362),(214,6,'MASTERS IN PROJECT MANAGEMENT','2020-09-30 23:49:32',2363),(214,9,'2020-09-29T19:00:00.000Z','2020-09-30 23:49:32',2364),(214,8,'2018-09-23T19:00:00.000Z','2020-09-30 23:49:32',2365),(214,1,'Formal Education','2020-09-30 23:49:32',2366),(214,2,'Award of Post Graduate Degree (Engg, IT, Finance,Management, Law, Economics etc.)','2020-09-30 23:49:32',2367),(214,11,'4','2020-09-30 23:49:32',2368),(214,10,'24','2020-09-30 23:49:32',2369),(214,13,'CamScanner 09-30-2020 17.27.15_1.pdf','2020-09-30 23:49:32',2370),(215,12,'1','2020-10-01 03:38:59',2371),(215,45,'University College of Engineering Sciences and Technology Lahore Leads University. ','2020-10-01 03:38:59',2372),(215,61,'Design and Construction aspects of Mangla Dam Raising Project. ','2020-10-01 03:38:59',2373),(215,9,'2018-03-26T19:00:00.000Z','2020-10-01 03:38:59',2374),(215,8,'2018-03-26T19:00:00.000Z','2020-10-01 03:38:59',2375),(215,1,'Developmental Activities','2020-10-01 03:38:59',2376),(215,2,'Participation in Workshop','2020-10-01 03:38:59',2377),(215,10,'00','2020-10-01 03:38:59',2378),(215,13,'CamScanner 09-27-2020 21.10.43_2(3).jpg','2020-10-01 03:38:59',2379),(216,13,'14 july.jpg','2020-10-01 15:50:05',2380),(216,12,'0.5','2020-10-01 15:50:05',2381),(216,45,'Pakistan Engineering Council ','2020-10-01 15:50:05',2382),(216,60,'Managing Stress for Enhanced Performance','2020-10-01 15:50:05',2383),(216,9,'2020-07-13T19:00:00.000Z','2020-10-01 15:50:05',2384),(216,8,'2020-07-13T19:00:00.000Z','2020-10-01 15:50:05',2385),(216,1,'Developmental Activities','2020-10-01 15:50:05',2386),(216,2,'Participation in Seminar','2020-10-01 15:50:05',2387),(216,11,'0.5','2020-10-01 15:50:05',2388),(216,10,'00','2020-10-01 15:50:05',2389),(217,13,'28 july.jpg','2020-10-01 15:59:02',2390),(217,12,'0.5','2020-10-01 15:59:02',2391),(217,45,'Pakistan Engineering Council ','2020-10-01 15:59:02',2392),(217,60,'Project Procurement & Contract Management','2020-10-01 15:59:02',2393),(217,9,'2020-08-27T19:00:00.000Z','2020-10-01 15:59:02',2394),(217,8,'2020-07-27T19:00:00.000Z','2020-10-01 15:59:02',2395),(217,1,'Developmental Activities','2020-10-01 15:59:02',2396),(217,2,'Participation in Seminar','2020-10-01 15:59:02',2397),(217,11,'0.5','2020-10-01 15:59:02',2398),(217,10,'01','2020-10-01 15:59:02',2399),(218,13,'13 Aug.jpg','2020-10-01 16:02:04',2400),(218,12,'0.5','2020-10-01 16:02:04',2401),(218,45,'Pakistan Engineering Council ','2020-10-01 16:02:04',2402),(218,60,'Engineering Approach During Pandemic to Cater Emerging Needs','2020-10-01 16:02:04',2403),(218,9,'2020-08-12T19:00:00.000Z','2020-10-01 16:02:04',2404),(218,8,'2020-08-12T19:00:00.000Z','2020-10-01 16:02:04',2405),(218,1,'Developmental Activities','2020-10-01 16:02:04',2406),(218,2,'Participation in Seminar','2020-10-01 16:02:04',2407),(218,11,'0.5','2020-10-01 16:02:04',2408),(218,10,'00','2020-10-01 16:02:04',2409),(219,13,'25 aug.jpg','2020-10-01 16:05:19',2410),(219,12,'0.5','2020-10-01 16:05:19',2411),(219,45,'Pakistan Engineering Council ','2020-10-01 16:05:19',2412),(219,60,'Factor Affecting The Performance  of R.O (Reverse Osmosis] Plant','2020-10-01 16:05:19',2413),(219,9,'2020-08-24T19:00:00.000Z','2020-10-01 16:05:19',2414),(219,8,'2020-08-24T19:00:00.000Z','2020-10-01 16:05:19',2415),(219,1,'Developmental Activities','2020-10-01 16:05:19',2416),(219,2,'Participation in Seminar','2020-10-01 16:05:19',2417),(219,11,'0.5','2020-10-01 16:05:19',2418),(219,10,'00','2020-10-01 16:05:19',2419),(220,13,'10 Sep.jpg','2020-10-01 16:08:46',2420),(220,12,'0.5','2020-10-01 16:08:46',2421),(220,45,'Pakistan Engineering Council ','2020-10-01 16:08:46',2422),(220,60,'Process Safety Management','2020-10-01 16:08:46',2423),(220,9,'2020-09-09T19:00:00.000Z','2020-10-01 16:08:46',2424),(220,8,'2020-09-09T19:00:00.000Z','2020-10-01 16:08:46',2425),(220,1,'Developmental Activities','2020-10-01 16:08:46',2426),(220,2,'Participation in Seminar','2020-10-01 16:08:46',2427),(220,11,'0.5','2020-10-01 16:08:46',2428),(220,10,'00','2020-10-01 16:08:46',2429),(221,12,'1.5','2020-10-01 21:19:15',2430),(221,15,'Electrical Engineer','2020-10-01 21:19:15',2431),(221,53,'Alpine Enterprises','2020-10-01 21:19:15',2432),(221,9,'2020-09-30T19:00:00.000Z','2020-10-01 21:19:15',2433),(221,8,'2017-11-26T19:00:00.000Z','2020-10-01 21:19:15',2434),(221,1,'Work Based Activities','2020-10-01 21:19:15',2435),(221,2,'Work Experience (Engineering related work including relevant aspects of Management)','2020-10-01 21:19:15',2436),(221,10,'34','2020-10-01 21:19:15',2437),(221,13,'Alpine Experience.jpg','2020-10-01 21:19:15',2438),(222,24,'course work plus research','2020-10-02 06:03:58',2439),(222,12,'6','2020-10-02 06:03:58',2440),(222,5,'2017-10-15T19:00:00.000Z','2020-10-02 06:03:58',2441),(222,22,'Master of Science in Electrical Engineering','2020-10-02 06:03:58',2442),(222,11,'6','2020-10-02 06:03:58',2443),(222,10,'19','2020-10-02 06:03:58',2444),(222,13,'1. MS Degree.jpg','2020-10-02 06:03:58',2445),(222,3,'University of Engineering & Technology Peshawar','2020-10-02 06:03:58',2446),(222,6,'Regular','2020-10-02 06:03:58',2447),(222,9,'2019-05-06T19:00:00.000Z','2020-10-02 06:03:58',2448),(222,8,'2017-10-15T19:00:00.000Z','2020-10-02 06:03:58',2449),(222,1,'Formal Education','2020-10-02 06:03:58',2450),(222,2,'Award of Post Graduate Degree (Engg, IT, Finance,Management, Law, Economics etc.)','2020-10-02 06:03:58',2451),(223,12,'3','2020-10-02 17:16:17',2452),(223,28,'2020-03-20T19:00:00.000Z','2020-10-02 17:16:17',2453),(223,27,'Energy Sources, Part A: Recovery, Utilization, and Environmental Effects','2020-10-02 17:16:17',2454),(223,26,'Electricity generation from the high-speed wind of the spillway in a hydroelectric power station','2020-10-02 17:16:17',2455),(223,1,'Individual  Activities','2020-10-02 17:16:17',2456),(223,2,'Writing and publishing a research article in Journals/Technical report','2020-10-02 17:16:17',2457),(223,11,'3','2020-10-02 17:16:17',2458),(223,13,'Electricity generation from the high speed wind of the spillway in a hydroelectric power station-compressed.pdf','2020-10-02 17:16:17',2459),(224,12,'0.5','2020-10-02 18:34:13',2460),(224,15,'MANAGEMENT TRAINEE OFFICER (MTO)','2020-10-02 18:34:13',2461),(224,53,'SERVICE INDUSTRIES LIMITED','2020-10-02 18:34:13',2462),(224,9,'2001-01-31T19:00:00.000Z','2020-10-02 18:34:13',2463),(224,8,'2000-12-31T19:00:00.000Z','2020-10-02 18:34:13',2464),(224,1,'Work Based Activities','2020-10-02 18:34:13',2465),(224,2,'Work Experience (Engineering related work including relevant aspects of Management)','2020-10-02 18:34:13',2466),(224,10,'01','2020-10-02 18:34:13',2467),(224,13,'Service_Work Experience.pdf','2020-10-02 18:34:13',2468),(225,12,'12','2020-10-03 02:01:25',2469),(225,19,'2020-12-29T19:00:00.000Z','2020-10-03 02:01:25',2470),(225,18,'2015-02-08T19:00:00.000Z','2020-10-03 02:01:25',2471),(225,17,'International Association of Engineers (IAENG)','2020-10-03 02:01:25',2472),(225,1,'Developmental Activities','2020-10-03 02:01:25',2473),(225,2,'Membership of a recognized professional  association/ body','2020-10-03 02:01:25',2474),(225,11,'2','2020-10-03 02:01:25',2475),(225,49,'International','2020-10-03 02:01:25',2476),(225,13,'IAENG 2020.pdf','2020-10-03 02:01:25',2477),(226,24,'course work plus research','2020-10-03 02:34:54',2478),(226,12,'6','2020-10-03 02:34:54',2479),(226,5,'2013-02-20T19:00:00.000Z','2020-10-03 02:34:54',2480),(226,22,'M.Sc. in Energy Engineering','2020-10-03 02:34:54',2481),(226,3,'University of Engineering & Technology, Lahore','2020-10-03 02:34:54',2482),(226,6,'Regular','2020-10-03 02:34:54',2483),(226,9,'2016-08-31T19:00:00.000Z','2020-10-03 02:34:54',2484),(226,8,'2013-02-20T19:00:00.000Z','2020-10-03 02:34:54',2485),(226,1,'Formal Education','2020-10-03 02:34:54',2486),(226,2,'Award of Post Graduate Degree (Engg, IT, Finance,Management, Law, Economics etc.)','2020-10-03 02:34:54',2487),(226,11,'6','2020-10-03 02:34:54',2488),(226,10,'42','2020-10-03 02:34:54',2489),(226,13,'Degree M.jpg','2020-10-03 02:34:54',2490),(227,12,'1','2020-10-03 15:16:16',2491),(227,45,'International Islamic University Islamabad ','2020-10-03 15:16:16',2492),(227,61,'Applications of Primavera','2020-10-03 15:16:16',2493),(227,9,'2017-01-01T19:00:00.000Z','2020-10-03 15:16:16',2494),(227,8,'2017-01-01T19:00:00.000Z','2020-10-03 15:16:16',2495),(227,1,'Developmental Activities','2020-10-03 15:16:16',2496),(227,2,'Participation in Workshop','2020-10-03 15:16:16',2497),(227,10,'00','2020-10-03 15:16:16',2498),(227,13,'IMG-20201003-WA0000.jpg','2020-10-03 15:16:16',2499),(228,2,'Post Graduate Diploma (PGD)','2020-10-04 06:01:02',2500),(228,12,'1','2020-10-04 06:01:02',2501),(228,5,'2019-03-10T19:00:00.000Z','2020-10-04 06:01:02',2502),(228,51,'Post graduate Diploma','2020-10-04 06:01:02',2503),(228,3,'Virtual University ','2020-10-04 06:01:02',2504),(228,6,'PGD information Technology ','2020-10-04 06:01:02',2505),(228,9,'2020-04-30T18:39:17.343Z','2020-10-04 06:01:02',2506),(228,8,'2019-03-11T00:00:00.000Z','2020-10-04 06:01:02',2507),(228,1,'Formal Education','2020-10-04 06:01:02',2508),(228,1,'Formal Education','2020-10-04 06:01:02',2509),(228,2,'Post Graduate Diploma (PGD)','2020-10-04 06:01:02',2510),(228,10,'14','2020-10-04 06:01:02',2511),(228,13,'Degree Diploma-1.png','2020-10-04 06:01:02',2512),(229,12,'2','2020-10-05 15:19:05',2513),(229,19,'2021-08-07T19:00:00.000Z','2020-10-05 15:19:05',2514),(229,18,'2020-08-09T19:00:00.000Z','2020-10-05 15:19:05',2515),(229,17,'International Association of Engineers','2020-10-05 15:19:05',2516),(229,1,'Developmental Activities','2020-10-05 15:19:05',2517),(229,2,'Membership of a recognized professional  association/ body','2020-10-05 15:19:05',2518),(229,11,'2','2020-10-05 15:19:05',2519),(229,49,'International','2020-10-05 15:19:05',2520),(229,13,'1.JPG','2020-10-05 15:19:05',2521),(230,12,'2','2020-10-05 15:21:47',2522),(230,19,'2021-07-27T19:00:00.000Z','2020-10-05 15:21:47',2523),(230,18,'2020-07-27T19:00:00.000Z','2020-10-05 15:21:47',2524),(230,17,'International Association of Online Engineering','2020-10-05 15:21:47',2525),(230,1,'Developmental Activities','2020-10-05 15:21:47',2526),(230,2,'Membership of a recognized professional  association/ body','2020-10-05 15:21:47',2527),(230,11,'2','2020-10-05 15:21:47',2528),(230,49,'International','2020-10-05 15:21:47',2529),(230,13,'2.JPG','2020-10-05 15:21:47',2530),(231,12,'12','2020-10-05 20:54:57',2531),(231,15,'Civil Engineer','2020-10-05 20:54:57',2532),(231,53,'Al Arif Contracting Dubai','2020-10-05 20:54:57',2533),(231,9,'2018-03-05T19:00:00.000Z','2020-10-05 20:54:57',2534),(231,8,'2014-08-03T19:00:00.000Z','2020-10-05 20:54:57',2535),(231,1,'Work Based Activities','2020-10-05 20:54:57',2536),(231,2,'Work Experience (Engineering related work including relevant aspects of Management)','2020-10-05 20:54:57',2537),(231,10,'43','2020-10-05 20:54:57',2538),(231,13,'al arif experienc.pdf','2020-10-05 20:54:57',2539),(232,12,'5.7','2020-10-06 17:33:53',2540),(232,15,'ASSISTANT SITE ENGINEER','2020-10-06 17:33:53',2541),(232,53,'HABIB RAFIQ LIMITED','2020-10-06 17:33:53',2542),(232,9,'2017-12-18T19:00:00.000Z','2020-10-06 17:33:53',2543),(232,8,'2015-07-31T19:00:00.000Z','2020-10-06 17:33:53',2544),(232,1,'Work Based Activities','2020-10-06 17:33:53',2545),(232,2,'Work Experience (Engineering related work including relevant aspects of Management)','2020-10-06 17:33:53',2546),(232,10,'29','2020-10-06 17:33:53',2547),(232,13,'experience certificate.jpg','2020-10-06 17:33:53',2548),(233,12,'6.1','2020-10-06 18:40:34',2549),(233,15,'ASSISTANT REGIONAL MANAGER','2020-10-06 18:40:34',2550),(233,53,'GOVERNMENT OF PUNJAB','2020-10-06 18:40:34',2551),(233,9,'2020-10-05T19:00:00.000Z','2020-10-06 18:40:34',2552),(233,8,'2017-12-19T19:00:00.000Z','2020-10-06 18:40:34',2553),(233,1,'Work Based Activities','2020-10-06 18:40:34',2554),(233,2,'Work Experience (Engineering related work including relevant aspects of Management)','2020-10-06 18:40:34',2555),(233,10,'34','2020-10-06 18:40:34',2556),(233,13,'2017-18 A-converted.pdf','2020-10-06 18:40:34',2557),(234,12,'1','2020-10-06 22:34:01',2558),(234,15,'Planning Engineer','2020-10-06 22:34:01',2559),(234,53,'Al Faal Arabia General Contracting','2020-10-06 22:34:01',2560),(234,9,'2020-10-04T21:00:00.000Z','2020-10-06 22:34:01',2561),(234,8,'2017-10-21T21:00:00.000Z','2020-10-06 22:34:01',2562),(234,1,'Work Based Activities','2020-10-06 22:34:01',2563),(234,2,'Work Experience (Engineering related work including relevant aspects of Management)','2020-10-06 22:34:01',2564),(234,10,'35','2020-10-06 22:34:01',2565),(234,13,'2350-8154-MBP-067 Proposed Planning   Engineer Acceptable.pdf','2020-10-06 22:34:01',2566),(235,12,'2','2020-10-06 22:42:08',2567),(235,19,'2021-01-01T00:00:00.000Z','2020-10-06 22:42:08',2568),(235,18,'2020-01-01T00:00:00.000Z','2020-10-06 22:42:08',2569),(235,17,'Project Management Institute ','2020-10-06 22:42:08',2570),(235,1,'Developmental Activities','2020-10-06 22:42:08',2571),(235,2,'Membership of a recognized professional  association/ body','2020-10-06 22:42:08',2572),(235,11,'2','2020-10-06 22:42:08',2573),(235,49,'International','2020-10-06 22:42:08',2574),(235,13,'Certificate.pdf','2020-10-06 22:42:08',2575),(236,12,'2','2020-10-06 22:48:11',2576),(236,19,'2021-05-16T00:00:00.000Z','2020-10-06 22:48:11',2577),(236,18,'2019-05-16T00:00:00.000Z','2020-10-06 22:48:11',2578),(236,17,'Saudi Council of Engineers','2020-10-06 22:48:11',2579),(236,1,'Developmental Activities','2020-10-06 22:48:11',2580),(236,2,'Membership of a recognized professional  association/ body','2020-10-06 22:48:11',2581),(236,11,'2','2020-10-06 22:48:11',2582),(236,49,'International','2020-10-06 22:48:11',2583),(236,13,'SCE.pdf','2020-10-06 22:48:11',2584),(237,12,'0.5','2020-10-07 02:12:14',2585),(237,45,'Knowledge know','2020-10-07 02:12:14',2586),(237,21,'Do great sales people really exist?','2020-10-07 02:12:14',2587),(237,9,'2020-07-29T19:00:00.000Z','2020-10-07 02:12:14',2588),(237,8,'2020-07-25T19:00:00.000Z','2020-10-07 02:12:14',2589),(237,1,'Developmental Activities','2020-10-07 02:12:14',2590),(237,2,'Participation in  Training & Development programmes','2020-10-07 02:12:14',2591),(237,10,'00','2020-10-07 02:12:14',2592),(237,13,'Knowledge Now | Webinar','2020-10-07 02:12:14',2593),(238,24,'course work plus research','2020-10-07 17:05:41',2594),(238,12,'6','2020-10-07 17:05:41',2595),(238,5,'2016-08-31T19:00:00.000Z','2020-10-07 17:05:41',2596),(238,22,'MS in Mechanical Engineering','2020-10-07 17:05:41',2597),(238,3,'International Islamic University Islamabad ','2020-10-07 17:05:41',2598),(238,6,'Regular','2020-10-07 17:05:41',2599),(238,9,'2020-08-10T19:00:00.000Z','2020-10-07 17:05:41',2600),(238,8,'2016-08-31T19:00:00.000Z','2020-10-07 17:05:41',2601),(238,1,'Formal Education','2020-10-07 17:05:41',2602),(238,2,'Award of Post Graduate Degree (Engg, IT, Finance,Management, Law, Economics etc.)','2020-10-07 17:05:41',2603),(238,11,'6','2020-10-07 17:05:41',2604),(238,10,'47','2020-10-07 17:05:41',2605),(238,13,'IMG-20201006-WA0048.jpg','2020-10-07 17:05:41',2606),(239,12,'1','2020-10-07 18:03:27',2607),(239,45,'ASME QUEST Chapter With Collaboration of EIPS Professional Studies  Hyderabad','2020-10-07 18:03:27',2608),(239,61,'Piping Engineering','2020-10-07 18:03:27',2609),(239,9,'2018-03-19T19:00:00.000Z','2020-10-07 18:03:27',2610),(239,8,'2018-03-19T19:00:00.000Z','2020-10-07 18:03:27',2611),(239,1,'Developmental Activities','2020-10-07 18:03:27',2612),(239,2,'Participation in Workshop','2020-10-07 18:03:27',2613),(239,10,'00','2020-10-07 18:03:27',2614),(239,13,'CamScanner 10-07-2020 08.43.31_4.jpg','2020-10-07 18:03:27',2615),(240,12,'1','2020-10-07 18:07:47',2616),(240,45,'ASME QUEST Chapter','2020-10-07 18:07:47',2617),(240,61,'Industrial Automation and Robotics','2020-10-07 18:07:47',2618),(240,9,'2019-04-29T19:00:00.000Z','2020-10-07 18:07:47',2619),(240,8,'2019-04-29T19:00:00.000Z','2020-10-07 18:07:47',2620),(240,1,'Developmental Activities','2020-10-07 18:07:47',2621),(240,2,'Participation in Workshop','2020-10-07 18:07:47',2622),(240,10,'00','2020-10-07 18:07:47',2623),(240,13,'CamScanner 10-07-2020 08.43.31_2.jpg','2020-10-07 18:07:47',2624),(241,12,'1','2020-10-07 18:11:40',2625),(241,45,'ASME Quest Chapter','2020-10-07 18:11:40',2626),(241,61,'Engine Overhauling','2020-10-07 18:11:40',2627),(241,9,'2019-04-26T19:00:00.000Z','2020-10-07 18:11:40',2628),(241,8,'2019-04-24T19:00:00.000Z','2020-10-07 18:11:40',2629),(241,1,'Developmental Activities','2020-10-07 18:11:40',2630),(241,2,'Participation in Workshop','2020-10-07 18:11:40',2631),(241,10,'00','2020-10-07 18:11:40',2632),(241,13,'CamScanner 10-07-2020 08.43.31_1.jpg','2020-10-07 18:11:40',2633),(242,12,'1','2020-10-07 18:11:42',2634),(242,45,'ASME Quest Chapter','2020-10-07 18:11:42',2635),(242,61,'Engine Overhauling','2020-10-07 18:11:42',2636),(242,9,'2019-04-26T19:00:00.000Z','2020-10-07 18:11:42',2637),(242,8,'2019-04-24T19:00:00.000Z','2020-10-07 18:11:42',2638),(242,1,'Developmental Activities','2020-10-07 18:11:42',2639),(242,2,'Participation in Workshop','2020-10-07 18:11:42',2640),(242,10,'00','2020-10-07 18:11:42',2641),(242,13,'CamScanner 10-07-2020 08.43.31_1.jpg','2020-10-07 18:11:42',2642),(243,12,'1','2020-10-07 18:17:53',2643),(243,45,'Engineering Social Student Association (ESSA)','2020-10-07 18:17:53',2644),(243,60,'Thesis & Writing Skill','2020-10-07 18:17:53',2645),(243,9,'2019-02-18T19:00:00.000Z','2020-10-07 18:17:53',2646),(243,8,'2019-02-18T19:00:00.000Z','2020-10-07 18:17:53',2647),(243,1,'Developmental Activities','2020-10-07 18:17:53',2648),(243,2,'Participation in Seminar','2020-10-07 18:17:53',2649),(243,10,'00','2020-10-07 18:17:53',2650),(243,13,'CamScanner 10-07-2020 08.43.31_5.jpg','2020-10-07 18:17:53',2651),(244,12,'1','2020-10-07 18:21:16',2652),(244,45,'ASME QUEST Chapter','2020-10-07 18:21:16',2653),(244,60,'Technical & Thesis Writing Skills','2020-10-07 18:21:16',2654),(244,9,'2017-10-03T19:00:00.000Z','2020-10-07 18:21:16',2655),(244,8,'2017-10-03T19:00:00.000Z','2020-10-07 18:21:16',2656),(244,1,'Developmental Activities','2020-10-07 18:21:16',2657),(244,2,'Participation in Seminar','2020-10-07 18:21:16',2658),(244,10,'00','2020-10-07 18:21:16',2659),(244,13,'CamScanner 10-07-2020 08.43.31_6.jpg','2020-10-07 18:21:16',2660),(245,12,'0.5','2020-10-08 00:56:50',2661),(245,19,'2022-09-29T16:00:00.000Z','2020-10-08 00:56:50',2662),(245,18,'2017-12-03T16:00:00.000Z','2020-10-08 00:56:50',2663),(245,17,'FEDERICA ROSENHAIN','2020-10-08 00:56:50',2664),(245,1,'Developmental Activities','2020-10-08 00:56:50',2665),(245,2,'Membership of a recognized professional  association/ body','2020-10-08 00:56:50',2666),(245,11,'2','2020-10-08 00:56:50',2667),(245,49,'International','2020-10-08 00:56:50',2668),(245,13,'certificate 1.png','2020-10-08 00:56:50',2669),(246,12,'0.5','2020-10-08 03:01:49',2670),(246,19,'2022-09-29T16:00:00.000Z','2020-10-08 03:01:49',2671),(246,18,'2017-12-03T16:00:00.000Z','2020-10-08 03:01:49',2672),(246,17,'FEDERICA ROSENHAIN','2020-10-08 03:01:49',2673),(246,1,'Developmental Activities','2020-10-08 03:01:49',2674),(246,2,'Membership of a recognized professional  association/ body','2020-10-08 03:01:49',2675),(246,11,'2','2020-10-08 03:01:49',2676),(246,49,'International','2020-10-08 03:01:49',2677),(246,13,'certificate 2.png','2020-10-08 03:01:49',2678),(247,12,'0.5','2020-10-08 03:03:32',2679),(247,19,'2022-09-29T16:00:00.000Z','2020-10-08 03:03:32',2680),(247,18,'2017-12-03T16:00:00.000Z','2020-10-08 03:03:32',2681),(247,17,'JOHN HARDWICK','2020-10-08 03:03:32',2682),(247,1,'Developmental Activities','2020-10-08 03:03:32',2683),(247,2,'Membership of a recognized professional  association/ body','2020-10-08 03:03:32',2684),(247,11,'2','2020-10-08 03:03:32',2685),(247,49,'International','2020-10-08 03:03:32',2686),(247,13,'certificate 3.png','2020-10-08 03:03:32',2687),(248,12,'0.5','2020-10-08 03:05:29',2688),(248,19,'2022-09-29T16:00:00.000Z','2020-10-08 03:05:29',2689),(248,18,'2017-12-03T16:00:00.000Z','2020-10-08 03:05:29',2690),(248,17,'DIANE CRAIG','2020-10-08 03:05:29',2691),(248,1,'Developmental Activities','2020-10-08 03:05:29',2692),(248,2,'Membership of a recognized professional  association/ body','2020-10-08 03:05:29',2693),(248,11,'2','2020-10-08 03:05:29',2694),(248,49,'International','2020-10-08 03:05:29',2695),(248,13,'certificate 4.png','2020-10-08 03:05:29',2696),(249,12,'0.5','2020-10-08 03:07:44',2697),(249,19,'2022-09-29T16:00:00.000Z','2020-10-08 03:07:44',2698),(249,18,'2017-12-03T16:00:00.000Z','2020-10-08 03:07:44',2699),(249,17,'DR.IANNA F.CONTARDO','2020-10-08 03:07:44',2700),(249,1,'Developmental Activities','2020-10-08 03:07:44',2701),(249,2,'Membership of a recognized professional  association/ body','2020-10-08 03:07:44',2702),(249,11,'2','2020-10-08 03:07:44',2703),(249,49,'International','2020-10-08 03:07:44',2704),(249,13,'certificate 5.png','2020-10-08 03:07:44',2705),(250,12,'0.5','2020-10-08 03:09:58',2706),(250,19,'2022-09-29T16:00:00.000Z','2020-10-08 03:09:58',2707),(250,18,'2017-12-03T16:00:00.000Z','2020-10-08 03:09:58',2708),(250,17,'ANDY LOPATA','2020-10-08 03:09:58',2709),(250,1,'Developmental Activities','2020-10-08 03:09:58',2710),(250,2,'Membership of a recognized professional  association/ body','2020-10-08 03:09:58',2711),(250,11,'2','2020-10-08 03:09:58',2712),(250,49,'International','2020-10-08 03:09:58',2713),(250,13,'certificate 6.png','2020-10-08 03:09:58',2714),(251,12,'0.5','2020-10-08 03:12:36',2715),(251,19,'2022-09-29T16:00:00.000Z','2020-10-08 03:12:36',2716),(251,18,'2017-12-03T16:00:00.000Z','2020-10-08 03:12:36',2717),(251,17,'GREG JAMESON','2020-10-08 03:12:36',2718),(251,1,'Developmental Activities','2020-10-08 03:12:36',2719),(251,2,'Membership of a recognized professional  association/ body','2020-10-08 03:12:36',2720),(251,11,'2','2020-10-08 03:12:36',2721),(251,49,'International','2020-10-08 03:12:36',2722),(251,13,'certificate 7.png','2020-10-08 03:12:36',2723),(252,12,'0.5','2020-10-08 03:12:39',2724),(252,19,'2022-09-29T16:00:00.000Z','2020-10-08 03:12:39',2725),(252,18,'2017-12-03T16:00:00.000Z','2020-10-08 03:12:39',2726),(252,17,'GREG JAMESON','2020-10-08 03:12:39',2727),(252,1,'Developmental Activities','2020-10-08 03:12:39',2728),(252,2,'Membership of a recognized professional  association/ body','2020-10-08 03:12:39',2729),(252,11,'2','2020-10-08 03:12:39',2730),(252,49,'International','2020-10-08 03:12:39',2731),(252,13,'certificate 7.png','2020-10-08 03:12:39',2732),(253,12,'0.5','2020-10-08 03:15:11',2733),(253,19,'2022-09-29T16:00:00.000Z','2020-10-08 03:15:11',2734),(253,18,'2017-12-03T16:00:00.000Z','2020-10-08 03:15:11',2735),(253,17,'BURKE TURNER','2020-10-08 03:15:11',2736),(253,1,'Developmental Activities','2020-10-08 03:15:11',2737),(253,2,'Membership of a recognized professional  association/ body','2020-10-08 03:15:11',2738),(253,11,'2','2020-10-08 03:15:11',2739),(253,49,'International','2020-10-08 03:15:11',2740),(253,13,'certificate 8.png','2020-10-08 03:15:11',2741),(254,12,'0.5','2020-10-08 03:16:55',2742),(254,19,'2022-09-29T16:00:00.000Z','2020-10-08 03:16:55',2743),(254,18,'2017-12-03T16:00:00.000Z','2020-10-08 03:16:55',2744),(254,17,'NEVILLA GAUNT','2020-10-08 03:16:55',2745),(254,1,'Developmental Activities','2020-10-08 03:16:55',2746),(254,2,'Membership of a recognized professional  association/ body','2020-10-08 03:16:55',2747),(254,11,'2','2020-10-08 03:16:55',2748),(254,49,'International','2020-10-08 03:16:55',2749),(254,13,'certificate 9.png','2020-10-08 03:16:55',2750),(255,12,'0.5','2020-10-08 03:18:47',2751),(255,19,'2022-09-29T16:00:00.000Z','2020-10-08 03:18:47',2752),(255,18,'2017-12-03T16:00:00.000Z','2020-10-08 03:18:47',2753),(255,17,'TRACY REPCHUK','2020-10-08 03:18:47',2754),(255,1,'Developmental Activities','2020-10-08 03:18:47',2755),(255,2,'Membership of a recognized professional  association/ body','2020-10-08 03:18:47',2756),(255,11,'2','2020-10-08 03:18:47',2757),(255,49,'International','2020-10-08 03:18:47',2758),(255,13,'certificate 10.png','2020-10-08 03:18:47',2759),(256,12,'1','2020-10-08 17:09:48',2760),(256,45,'ENI','2020-10-08 17:09:48',2761),(256,61,'Senior Management HSE Workshop','2020-10-08 17:09:48',2762),(256,9,'2020-03-10T19:00:00.000Z','2020-10-08 17:09:48',2763),(256,8,'2020-03-09T19:00:00.000Z','2020-10-08 17:09:48',2764),(256,1,'Work Based Activities','2020-10-08 17:09:48',2765),(256,2,'Participation in Workshop','2020-10-08 17:09:48',2766),(256,10,'00','2020-10-08 17:09:48',2767),(256,13,'HSE WORKSHOP ENI.pdf','2020-10-08 17:09:48',2768),(257,12,'1','2020-10-08 17:09:52',2769),(257,45,'ENI','2020-10-08 17:09:52',2770),(257,61,'Senior Management HSE Workshop','2020-10-08 17:09:52',2771),(257,9,'2020-03-10T19:00:00.000Z','2020-10-08 17:09:52',2772),(257,8,'2020-03-09T19:00:00.000Z','2020-10-08 17:09:52',2773),(257,1,'Work Based Activities','2020-10-08 17:09:52',2774),(257,2,'Participation in Workshop','2020-10-08 17:09:52',2775),(257,10,'00','2020-10-08 17:09:52',2776),(257,13,'HSE WORKSHOP ENI.pdf','2020-10-08 17:09:52',2777),(258,12,'8','2020-10-08 18:18:28',2778),(258,15,'Operation Supervisor','2020-10-08 18:18:28',2779),(258,53,'Punjab Mass-transit Authority Lahore','2020-10-08 18:18:28',2780),(258,9,'2020-10-07T19:00:00.000Z','2020-10-08 18:18:28',2781),(258,8,'2017-05-16T19:00:00.000Z','2020-10-08 18:18:28',2782),(258,1,'Work Based Activities','2020-10-08 18:18:28',2783),(258,2,'Work Experience (Engineering related work including relevant aspects of Management)','2020-10-08 18:18:28',2784),(258,10,'41','2020-10-08 18:18:28',2785),(258,13,'PMA Experience Letter.pdf','2020-10-08 18:18:28',2786),(259,24,'course work only','2020-10-09 07:07:47',2787),(259,12,'4','2020-10-09 07:07:47',2788),(259,5,'2018-04-11T19:00:00.000Z','2020-10-09 07:07:47',2789),(259,22,'Master of Busineess Administration -Executive (2 year program)','2020-10-09 07:07:47',2790),(259,3,'Virtual university of Pakistan','2020-10-09 07:07:47',2791),(259,6,'Vitual learning','2020-10-09 07:07:47',2792),(259,9,'2020-04-04T19:00:00.000Z','2020-10-09 07:07:47',2793),(259,8,'2018-04-11T19:00:00.000Z','2020-10-09 07:07:47',2794),(259,1,'Formal Education','2020-10-09 07:07:47',2795),(259,2,'Award of Post Graduate Degree (Engg, IT, Finance,Management, Law, Economics etc.)','2020-10-09 07:07:47',2796),(259,11,'4','2020-10-09 07:07:47',2797),(259,10,'24','2020-10-09 07:07:47',2798),(259,13,'MBA tanscript.jpg','2020-10-09 07:07:47',2799),(260,1,'Work Based Activities','2020-10-09 07:15:22',2800),(260,2,'Work Experience (Engineering related work including relevant aspects of Management)','2020-10-09 07:15:22',2801),(260,8,'2015-09-17T19:00:00.000Z','2020-10-09 07:15:22',2802),(260,9,'2020-10-08T19:00:00.000Z','2020-10-09 07:15:22',2803),(260,10,'61','2020-10-09 07:15:22',2804),(260,53,'Lahore Electric Supply Company (LESCO)','2020-10-09 07:15:22',2805),(260,15,'Assistant Manager Operation (BPS-17)','2020-10-09 07:15:22',2806),(260,13,'job letter.jpg','2020-10-09 07:15:22',2807),(261,1,'Work Based Activities','2020-10-09 07:15:23',2808),(261,2,'Work Experience (Engineering related work including relevant aspects of Management)','2020-10-09 07:15:23',2809),(261,8,'2015-09-17T19:00:00.000Z','2020-10-09 07:15:23',2810),(261,9,'2020-10-08T19:00:00.000Z','2020-10-09 07:15:23',2811),(261,10,'61','2020-10-09 07:15:23',2812),(261,53,'Lahore Electric Supply Company (LESCO)','2020-10-09 07:15:23',2813),(261,15,'Assistant Manager Operation (BPS-17)','2020-10-09 07:15:23',2814),(261,13,'job letter.jpg','2020-10-09 07:15:23',2815),(262,24,'course work only','2020-10-09 07:22:59',2816),(262,12,'4','2020-10-09 07:22:59',2817),(262,5,'2018-04-11T19:00:00.000Z','2020-10-09 07:22:59',2818),(262,22,'Master of Busineess Administration -Executive (2 year program)','2020-10-09 07:22:59',2819),(262,3,'Virtual university of Pakistan','2020-10-09 07:22:59',2820),(262,6,'Vitual learning','2020-10-09 07:22:59',2821),(262,9,'2020-04-04T19:00:00.000Z','2020-10-09 07:22:59',2822),(262,8,'2018-04-11T19:00:00.000Z','2020-10-09 07:22:59',2823),(262,1,'Formal Education','2020-10-09 07:22:59',2824),(262,2,'Award of Post Graduate Degree (Engg, IT, Finance,Management, Law, Economics etc.)','2020-10-09 07:22:59',2825),(262,11,'4','2020-10-09 07:22:59',2826),(262,10,'24','2020-10-09 07:22:59',2827),(262,13,'MBA tanscript.jpg','2020-10-09 07:22:59',2828);
/*!40000 ALTER TABLE `user_claims` ENABLE KEYS */;
UNLOCK TABLES;

--
-- Table structure for table `user_qualification`
--

DROP TABLE IF EXISTS `user_qualification`;
/*!40101 SET @saved_cs_client     = @@character_set_client */;
/*!40101 SET character_set_client = utf8 */;
CREATE TABLE `user_qualification` (
  `id` int(11) NOT NULL,
  `User Qualification` varchar(45) NOT NULL,
  `Percentage` decimal(4,2) NOT NULL,
  `Year` year(4) NOT NULL,
  `Experience` varchar(45) NOT NULL,
  `user_id` int(11) NOT NULL,
  PRIMARY KEY (`id`),
  UNIQUE KEY `id_UNIQUE` (`id`),
  KEY `fk-usersec_idx` (`user_id`),
  CONSTRAINT `fk-usersec` FOREIGN KEY (`user_id`) REFERENCES `userinfo` (`UserID`) ON UPDATE CASCADE
) ENGINE=InnoDB DEFAULT CHARSET=latin1 COMMENT='Qualification Information for users, year experience etc';
/*!40101 SET character_set_client = @saved_cs_client */;

--
-- Dumping data for table `user_qualification`
--

LOCK TABLES `user_qualification` WRITE;
/*!40000 ALTER TABLE `user_qualification` DISABLE KEYS */;
/*!40000 ALTER TABLE `user_qualification` ENABLE KEYS */;
UNLOCK TABLES;

--
-- Table structure for table `user_secondary_data`
--

DROP TABLE IF EXISTS `user_secondary_data`;
/*!40101 SET @saved_cs_client     = @@character_set_client */;
/*!40101 SET character_set_client = utf8 */;
CREATE TABLE `user_secondary_data` (
  `id` int(11) NOT NULL,
  `Secondary_Address` varchar(45) DEFAULT NULL,
  `Secondary_Email` varchar(45) DEFAULT NULL,
  `Secondary_Contact_No` varchar(45) DEFAULT NULL,
  `Date_Created` datetime DEFAULT NULL,
  `Date_Updated` datetime DEFAULT NULL,
  PRIMARY KEY (`id`),
  UNIQUE KEY `id_UNIQUE` (`id`)
) ENGINE=InnoDB DEFAULT CHARSET=latin1 COMMENT='Secondary Email, Address, Phone Number';
/*!40101 SET character_set_client = @saved_cs_client */;

--
-- Dumping data for table `user_secondary_data`
--

LOCK TABLES `user_secondary_data` WRITE;
/*!40000 ALTER TABLE `user_secondary_data` DISABLE KEYS */;
/*!40000 ALTER TABLE `user_secondary_data` ENABLE KEYS */;
UNLOCK TABLES;

--
-- Table structure for table `userinfo`
--

DROP TABLE IF EXISTS `userinfo`;
/*!40101 SET @saved_cs_client     = @@character_set_client */;
/*!40101 SET character_set_client = utf8 */;
CREATE TABLE `userinfo` (
  `UserID` int(11) NOT NULL AUTO_INCREMENT,
  `engineer_id` varchar(45) DEFAULT NULL,
  `PEC_REG_NO` varchar(45) DEFAULT NULL,
  `RoleID` int(11) NOT NULL DEFAULT '1',
  `FullName` varchar(45) NOT NULL,
  `PrimaryEmail` varchar(45) NOT NULL,
  `Primary_Address` varchar(200) DEFAULT NULL,
  `Primary_Contact_No` varchar(15) DEFAULT NULL,
  `DOB` date DEFAULT NULL,
  `ProfileImageURL` varchar(50) DEFAULT NULL,
  `CNIC` varchar(45) DEFAULT NULL,
  `Current_Organisation` varchar(45) DEFAULT NULL,
  `CPD_Points` decimal(4,1) DEFAULT '0.0',
  `PEC_REG_DATE` date DEFAULT NULL,
  `Date_Updated` datetime DEFAULT NULL,
  `password` varchar(45) DEFAULT NULL,
  `about` varchar(3000) DEFAULT NULL,
  `province` varchar(45) DEFAULT NULL,
  `Institute` varchar(200) DEFAULT NULL,
  `discipline` varchar(45) DEFAULT NULL,
  `City` varchar(45) DEFAULT NULL,
  `Status` varchar(10) DEFAULT 'Inactive',
  `postal_address` varchar(200) DEFAULT NULL,
  PRIMARY KEY (`UserID`),
  UNIQUE KEY `UserID_UNIQUE` (`UserID`),
  KEY `fk_role_idx` (`RoleID`),
  CONSTRAINT `fk_role` FOREIGN KEY (`RoleID`) REFERENCES `roles` (`Role_ID`) ON UPDATE CASCADE
) ENGINE=InnoDB AUTO_INCREMENT=254482 DEFAULT CHARSET=latin1 COMMENT='Table for UserInfo, User can be a super admin, admin, resource person, or a simple end user.';
/*!40101 SET character_set_client = @saved_cs_client */;

--
-- Dumping data for table `userinfo`
--

LOCK TABLES `userinfo` WRITE;
/*!40000 ALTER TABLE `userinfo` DISABLE KEYS */;
INSERT INTO `userinfo` VALUES (1,NULL,'123',3,'Tayyab Naveed','tayyabnaveedrajput@gmail.com','xyz','051-5589323','1993-02-01',NULL,'12345','Codistan',0.0,'2011-10-10',NULL,'example','Developer',NULL,NULL,NULL,NULL,'Active',NULL),(2,NULL,'123',2,'Christiaan Grosskopf','xyz.com','xyz','090078601','1980-01-01',NULL,'12312123','PEC',0.0,'2005-01-01',NULL,'123','Reknowned Engineer',NULL,NULL,NULL,NULL,'Active',NULL),(3,NULL,'123',2,'Engr. Dr. Asad Arfeen','abc.com','xyz','051-1111111','1980-01-01',NULL,'121212','PEC',0.0,'2005-01-01',NULL,'15','Engr. Dr. Asad Arfeen is an Assistant Professor at the Department of Computer and Information Systems Engineering of NED University of Engineering \\& Technology, Karachi Pakistan and Director of National Center for Cyber Security. He completed his PhD from University of Canterbury New Zealand in 2015. He has been holder of REANNZ PlanetLab New Zealand scholarship and Battersby Trimble award for advancement of computing in New Zealand. As Principal Investigator Dr. Asad has won various competitive research grants from Higher Education Commission of Pakistan. He has also won 118 million PKR competitive research grant for establishing National Research Centre for Cyber Security in Pakistan. He is also currently heading IT department and Network Operations Centre of NED University of Engineering \\& Technology, Karachi, Pakistan. Dr. Asad has extensive research collaborations with WAND research group of University of Waikato, New Zealand and DFKI German research centre for Artificial Intelligence. He has also served as the Advisor to the IGP Sindh. ',NULL,NULL,NULL,NULL,'Active',NULL),(4,NULL,'12',2,'Engr. Dr. Naveed Ramzan','zzz.com','xyz','051-3333333','1980-01-01','userphotos/naveedramazan.png','12121','PEC',0.0,'2005-01-01',NULL,'1234','Dean Faculty of Chemical, Polymer, and Metallurgical Engineering, UET Lahore\nChairman Dept of Chemical Engineering (2016-2019)\nCampus Coordinator of UET Faisalabad Campus (2013-2016)\nConvener Procurement Cell UET Lahore \n PhD in Process System Engineering Modelling (BTU Germany)\nNEBOSH IGC Uk, IOSH Approved Tutor \n Resource Person CPD Trainer PEC\nResource Person PDC, UET Lahore \nResource Person SBS \nVisiting Faculty PIRT \nResearch Publications 115\nIF>65  Total Citations > 1065 H-Index = 24 MSc Thesis Supervised > 95 PhD =7 \nBook Contributions 4 \nProfessional Trainings Conducted > 500\n',NULL,NULL,NULL,NULL,'Active',NULL),(5,NULL,'151',2,'Engr. Dr. Attaullah Shah','sdf.com','xyz','051-2323232','1980-01-01','userphotos/attaullahshah.png','15151','PEC',0.0,'2005-01-01',NULL,'987','PhD Civil Engineering, M Phil Eco, MS Civil Engg, MS Envir Design, MBA, MA Eco, BS Civil Engg. (Gold Medal), Post Grad Diploma Comp Sc.(Gold Medal) \nApproved PhD Supervisor (Civil Engineering) Fellow Institute of Engineers Pakistan Life Member Pakistan Engineering Council Member editorial board of International journals of Engineering and Management   Dr. Attaullah Shah is a leading researcher, educator and practitioner with 32 year senior/executive     level diverse experience in the fields of academic leadership, project design and management, teaching and research, public connectivity and high performance team in higher education across public and private sectors. He has been involved in connectivity with first grade think-tanks and policy makers nationally and internationally to frame dynamic strategies for implementing result  driven policies across Pakistan and several other countries. Besides PhD in Civil Engineering, Dr. Shah, has also done MPhil in Eco, MBA and MS Environmental design, PGD Computer Science. Dr. Shah is the author of more than 100 research publications in international refereed journal and conferences. He authored 6 books. His current research is focused on Academic  and Research Leadership, project risk management, sustainability in Built Environment.  He is Life Member of Pakistan Engineering Council, Consulting Engineer, Vice Chairman Institution of Engineers Pakistan-Islamabad. Dr.Shah also member of editorial boards of international journals of Civil Engineering and Construction Management, Environmental Sciences and Natural Resource management. He has been Director Projects and Planning for 25 years and has been associated with project procurement of large infrastructure and developmental projects, IT projects and other social sector projects at Allama Iqbal Open University. Earlier he was Vice Chancellor City University of Science and IT Peshawar before joining as Vice Chancellor Karakorum International University. He is a motivational Speakers as well.\n',NULL,NULL,NULL,NULL,'Active',NULL),(6,NULL,'181',2,'Engr. Dr. Navid Jamil Malik','123.com','xyz','051-1231231','1980-01-01',NULL,'15151','PEC',0.0,'2000-01-01',NULL,'123','Reknowned Engineer',NULL,NULL,NULL,NULL,'Active',NULL),(7,NULL,'123',3,'Super Admin','peccpd@gmail.com','xyz','051-1111111','1980-01-01',NULL,'1231233123','PEC',0.0,'2000-02-02',NULL,'waseem1234.1','Admin ID',NULL,NULL,NULL,NULL,'Active',NULL),(8,'253893','27052',1,'BINTE ZAHRA','ZAHRA@PEC.ORG.PK','House 7, Block 26E, CAT III, AGPR Officers Colonoy, G-9/2, Islamabad','03325756640',NULL,NULL,'6110169557130',NULL,0.0,NULL,NULL,NULL,NULL,'Federal','CASE, ISLAMABAD (UET TAXILA)','ELECT','ISLAMABAD','Inactive',NULL),(9,NULL,NULL,2,'Engr. Malik Saleem Ullah Saeed','aaa@gmail.com','xyz','051-3333333','1980-01-01',NULL,'123123132123','PEC',0.0,'2000-02-02',NULL,'1122','COO – Water Engineering & Management Services (Pvt.) Ltd.Member Governing Body – Pakistan Engineering Council.Secretary General – The Engineers Pakistan.Ex-Joint Secretary, Pakistan Institute of Chemical Engineers. Member Industrial Advisory Board COMSATS, Lahore CampusMember Industrial Advisory Board COMSATS, Lahore Campus.Member Industrial Advisory Board COMSATS, Lahore Campus.Member Institution of Engineer Pakistan.Speaker is a Water Treatment Specialist having 30 year experience in the process design, engineering, manufacturing, installation and commissioning of water and wastewater treatment plants.Introduced Water & Wastewater Treatment Technologies in Pakistan successfully in Pakistan. ',NULL,NULL,NULL,NULL,'Active',NULL),(10,NULL,NULL,2,'Fahad Naseer','xyz1@live.com','syz','0513333333','1980-01-01',NULL,'123123123','PEC',0.0,'2000-02-02',NULL,'1122','',NULL,NULL,NULL,NULL,'Inactive',NULL),(11,NULL,NULL,2,'Ahmer Esiyok','xyz2@live.com','xyz','051333333','1980-01-01',NULL,'123123','PEC',0.0,'2000-02-02',NULL,'1122','',NULL,'',NULL,NULL,'Inactive',NULL),(12,NULL,NULL,2,'Mr. Jeffrey Ma','xyz3@live.com','xyz','051-3333333','1980-01-01',NULL,'123123','PEC',0.0,'2000-02-02',NULL,'1122',NULL,NULL,NULL,NULL,NULL,'Inactive',NULL),(13,NULL,NULL,2,'Muhammad Osama Siddiqiui','123@gmail.com','abc','051-3333333','1980-01-01',NULL,'213146','PEC',0.0,'2000-02-02',NULL,'321',NULL,NULL,NULL,NULL,NULL,'Inactive',NULL),(253895,'588968','47279',1,'Hamad Ali','hamadaliengr@gmail.com','House # 83, Street # 5, Sheenqamar Mor, Rahatabad, Peshawar.','03339217353',NULL,NULL,'1730173175505',NULL,0.0,NULL,NULL,NULL,NULL,'KPK','IQRA NATIONAL UNIVERSITY, PESHAWAR','CIVIL','PESHAWAR','Inactive',NULL),(253896,'1180436','38827',1,'MUHAMMAD BILAL TAHIR','bilalbasrani@hotmail.com','HOUSE NO. 27-G/167, GADWAL, WAH CANTT.\nPOSTAL CODE','03004548461',NULL,NULL,'3740693868379',NULL,0.0,NULL,NULL,NULL,NULL,'Punjab','International Islamic University, Islamabad','MECH','RAWALPINDI','Inactive',NULL),(253897,'337613','20900',1,' LAAL BACHA','laal.bsee1402@iiu.edu.pk','MOH','03319241125',NULL,NULL,'1560218808897',NULL,0.0,NULL,NULL,NULL,NULL,'KPK','IIU ISLAMABAD','ELECTRO','SWAT','Inactive',NULL),(253898,'245940','37482',1,' ASAD SHAMS','asad6181@gmail.com','H.NO.485, ST.NO.5 SECTOR F-9 PHASE-6 HAYATABAD ','03159464118',NULL,NULL,'1420319521283',NULL,0.0,NULL,NULL,NULL,NULL,'KPK','NWFP-UET, PESHAWAR.','CIVIL','PESHAWAR','Inactive',NULL),(253899,'747160','64322',1,'Muhammad Noman Khan','noman7247@hotmail.com','Khan Manzil Street No.46, Inside Dar Street Sanda Kalan, Lahore','03334710928',NULL,NULL,'3520070956801',NULL,0.0,NULL,NULL,NULL,NULL,'Punjab','UNIVERSITY OF SOUTH ASIA, LAHORE','ELECT','LAHORE','Inactive',NULL),(253900,'1070309','72888',1,'Yasir Zulfiqar','yasirzulfiqar141@gmail.com','Chak No. 369 JB Jodha Naghri, Tehsil Gojra, District Toba Tek Singh','03217899091',NULL,NULL,'3330189152753',NULL,0.0,NULL,NULL,NULL,NULL,'Punjab','COMSATS University Islamabad (Sahiwal Campus)','ELECT','TOBA TEK SINGH','Inactive',NULL),(253901,'387240','00465',1,' MUHAMMAD AZEEM','azeemshafiq@hotmail.com','151-K 1, WAPDA TOWN, LAHORE','03008182815',NULL,NULL,'3520289633127',NULL,0.0,NULL,NULL,NULL,NULL,'Punjab','NTU, FAISALABAD','TEXTILE','LAHORE','Inactive',NULL),(253902,'239137','32299',1,'SHAKEEL AHMED MEMON','shakeelahmedmemon38@gmail.com','WARD# 12, NEW BAKHRI MOHALLAH OLD WAPDA OFFICE P.O KANDIARO, DISTT','03334585164',NULL,NULL,'4530104045735',NULL,0.0,NULL,NULL,NULL,NULL,'Sindh','QUEST NAWABSHAH','CIVIL','NAUSHAHRO FEROZE','Inactive',NULL),(253903,'283931','36818',1,' TAUSIF AHMAD','tausifawan@yahoo.com','MUJAHID HUSSAIN AWAN 741-2-D-1 TOWNSHIP Lahore','03338890718',NULL,NULL,'3460271978229',NULL,0.0,NULL,NULL,NULL,NULL,'Punjab','NFC-IEFR, FAISALABAD (UET LAHORE)','ELECT','LAHORE','Inactive',NULL),(253904,'576384','43440',1,'Nausher Ali','nausher.ali727@gmail.com','House # 54, Hadayat Ullah Block. Mustafa Town, Wahdat Road, Lahore.','03336168727',NULL,NULL,'3610209269655',NULL,0.0,NULL,NULL,NULL,NULL,'Punjab','UET, LAHORE','CIVIL','KHANEWAL','Inactive',NULL),(253905,'238204','29520',1,' MUHAMMAD HASSAN MUNIR','hassansanga@gmail.com','House #465 Street # 12 Sector AA Phase IV DHA Lahore Cantt','03006355544',NULL,NULL,'3520287162503',NULL,0.0,NULL,NULL,NULL,NULL,'Punjab','UCET MULTAN (BZU).','CIVIL','LAHORE','Inactive',NULL),(253906,'668829','00617',1,'Kaleem Saifullah','engrkaleem011@gmail.com','H # 336, Str # 12, Ghauri Town 4-B, Islamabad.','03233111439',NULL,NULL,'3210169957749',NULL,0.0,NULL,NULL,NULL,NULL,'Federal','UCET MULTAN (BZU).','ARCH.ENGG','ISLAMABAD','Inactive',NULL),(253907,'910953','27527',1,'Muhammad Asad Javed','ajaved_1992@hotmail.com','R-1429 Dastagir Society Block-14, F.B Area Karachi 75950','03122176567',NULL,NULL,'4210101306363',NULL,0.0,NULL,NULL,NULL,NULL,'Sindh','HIET, KARACHI( HAMDARD UNIVERSITY, KARACHI)','ELECTRO','KARACHI CENTRAL','Inactive',NULL),(253908,'288139','42198',1,' TAHA ALI AZAM','tahaalee32@gmail.com','H#1012, BLOCK Q JOHAR TOWN  ','03324804134',NULL,NULL,'3520237947093',NULL,0.0,NULL,NULL,NULL,NULL,'Punjab','CEET, THE UNIVERSITY OF THE PUNJAB, LAHORE','ELECT','LAHORE','Inactive',NULL),(253909,'836345','00919',1,'TANVEER HUSSAIN','tanveerashraf02@gmail.com','CHAK NO. 20/V, POST OFFICE SHAM KOT  TEHSIL & DISTRICT KHANEWAL','03457389520',NULL,NULL,'3610344314899',NULL,0.0,NULL,NULL,NULL,NULL,'Punjab','UNIVERSITY OF AGRICULTURE, FAISALABAD','ENVIRO','KHANEWAL','Inactive',NULL),(253910,'1200672','18771',1,'Faraz Elahi','griffins_arrows16@yahoo.com','House No 28 Ground Floor Street 01 Javed Bahria Co-Operative Housing Society Mauripur Hawks Bay Road Karachi.','03132232847',NULL,NULL,'4240189778617',NULL,0.0,NULL,NULL,NULL,NULL,'Sindh','Bahria University, Islamabad (Karachi Campus)','COMP','KARACHI WEST','Inactive','House No-28 Ground Floor Street-01 Javed Bahria Co-Operative Housing Society Mauripur Hawks Bay Road Karachi'),(253911,'576907','59969',1,'Moiz Raza','moizee316@gmail.com','Punjab group of school system Adda Bootipaal ,Chak No 100-A/6-R Tehsil and District Sahiwal (punjab)','03143636653',NULL,NULL,'3650244338249',NULL,0.0,NULL,NULL,NULL,NULL,'Punjab','UET LAHORE (KALA SHAH KAKU CAMPUS)','ELECT','SAHIWAL','Inactive',NULL),(253912,'287426','41709',1,' ABDUL BASIT GHAFOOR','BASITGHAFOOR69@GMAIL.COM','REHMAT HOUSE 8 MASJID E QUBA ROAD ALLAMA IQBAL TOWN RAHIM YAR KHAN','03337467169',NULL,NULL,'3130353301469',NULL,0.0,NULL,NULL,NULL,NULL,'Punjab','CEET, THE UNIVERSITY OF THE PUNJAB, LAHORE','ELECT','RAHIM YAR KHAN','Inactive',NULL),(253913,'590378','02505',1,'AREEB AHMED','areebahmed.nust@gmail.com','H/NO-32, SECTOR-B, ASKARI-10, LAHORE CANTT','03454118957',NULL,NULL,'3630277904343',NULL,0.0,NULL,NULL,NULL,NULL,'Punjab','CEME, RAWALPINDI (NUST)','MECHATRO','LAHORE','Inactive',NULL),(253914,'308421','03780',1,' FAISAL KAMRAN','kamranfaisal@live.com','House No 480,Street No 98,Sector G-9/4,Islamabad,44000.','03445290110',NULL,NULL,'6110175145961',NULL,0.0,NULL,NULL,NULL,NULL,'Federal','UET, LAHORE','CHEM','ISLAMABAD','Inactive',NULL),(253915,'909735','48640',1,'Eatesam Shah','eatesam@outlook.com','Muslim House Street No8 Cia chowki Kohat Cantt','03434553544',NULL,NULL,'1430105714333',NULL,0.0,NULL,NULL,NULL,NULL,'KPK','COMSATS-IIT ISLAMABAD (WAH CAMPUS)','CIVIL','KOHAT','Inactive',NULL),(253916,'226484','39647',1,' SAID WAHID','syedwahidjan@gmail.com','VILLAGE THAL P/O MANIAL  LAL QILLA DIR LOWER KPK ','03068049947',NULL,NULL,'1530594093421',NULL,0.0,NULL,NULL,NULL,NULL,'KPK','BUITEMS, QUETTA (TAKATOO CAMPUS)','CIVIL','TIMARGARH','Inactive',NULL),(253917,'602436','33479',1,'Muhammad Abubakar','muhammadabubaker@hotmail.com','26c pmc staff colony sargodha road faisalabad','03080085555',NULL,NULL,'3310008618497',NULL,0.0,NULL,NULL,NULL,NULL,'Punjab','NFC-IEFR, FAISALABAD (UET LAHORE)','MECH','FAISALABAD','Inactive',NULL),(253918,'333894','06166',1,' MUHAMMAD IMRAN','IMRAN_4211@YAHOO.COM','NIAZ NUMBERDAR, CHAK NO. 471 GB,  TEHSIL  SAMUNDRI,  DIST. FAISALABAD','03006641771',NULL,NULL,'3310503635871',NULL,0.0,NULL,NULL,NULL,NULL,'Punjab','NFC-IEFR, FAISALABAD (UET LAHORE)','CHEM','FAISALABAD','Inactive',NULL),(253919,'746644','63275',1,'Abdur Rehman Hassan','ab.rehman.hassan@gmail.com','Apartment no. 0014, Safa Heights 2, Street 73, F11-1, Islamabad','03223011112',NULL,NULL,'3120271930701',NULL,0.0,NULL,NULL,NULL,NULL,'Federal','COMSATS-IIT, ISLAMABAD','ELECT','ISLAMABAD','Inactive',NULL),(253920,'398188','09768',1,' MUHAMMAD TASKEEN ASIF','taskeen_asif@yahoo.com','MCB 9/784, ST#2A MOH. SARGOJRA GHARBI CHAKWAL ','923347322419',NULL,NULL,'3720106546775',NULL,0.0,NULL,NULL,NULL,NULL,'Punjab','UET, TAXILA.','COMP','CHAKWAL','Inactive',NULL),(253921,'288915','42467',1,' MUHAMMAD UMAIR KHALID','u_umairk@yahoo.com','H#158-C, ST#73 G-9/3, ISLAMABAD  ','03245277648',NULL,NULL,'6110177644501',NULL,0.0,NULL,NULL,NULL,NULL,'Federal','SEECS, ISLAMABAD(NUST)','ELECT','ISLAMABAD','Inactive',NULL),(253922,'238614','30622',1,' IRFAN ULLAH','irnu2016@gmail.com','75 Jehlum Road, Rawalpindi','03348818772',NULL,NULL,'1420397578935',NULL,0.0,NULL,NULL,NULL,NULL,'KPK','NWFP-UET, PESHAWAR (BANNU CAMPUS)','CIVIL','KARAK','Inactive',NULL),(253923,'857146','67978',1,'Riaz Ahmad','13bnele0603@uetpeshawar.edu.pk','Barama, muhallah Akbar abad, mingora , Tehsil Babuzai, District Swat','03485418378',NULL,NULL,'1560703430973',NULL,0.0,NULL,NULL,NULL,NULL,'KPK','NWFP-UET, PESHAWAR (BANNU CAMPUS)','ELECT','SWAT','Inactive',NULL),(253924,'338764','10817',1,' SHAHERYAR ASIF','shery_chemical@live.com','House no 407 sector EE Street 14 Phase 4 DHA Lahore','923016213309',NULL,NULL,'3520266737917',NULL,0.0,NULL,NULL,NULL,NULL,'Punjab','UET, LAHORE','CHEM','LAHORE','Inactive',NULL),(253925,'363336','01150',1,' MUHAMMAD NADEEM IQBAL','nadeem_ceme786@yahoo.com','H#125, ST#9, AL MINHAJ TOWN 49 TAIL SARGODHA ','008613530103402',NULL,NULL,'3840347375711',NULL,0.0,NULL,NULL,NULL,NULL,'Punjab','CEME, RAWALPINDI (NUST)','MECHATRO','SARGODHA','Inactive',NULL),(253926,'239747','31294',1,' ATIF ISLAM','ATIFISLAM@ENGINEER.COM','House # D-56, GBHP WAPDA Power Channel Colony Hattian, Attock','03129383923',NULL,NULL,'3710172003397',NULL,0.0,NULL,NULL,NULL,NULL,'Punjab','UET, TAXILA.','CIVIL','ATTOCK','Inactive',NULL),(253927,'679648','35784',1,'Muhammad Asif','ranaasif9815@gmail.com','House C#68 Kapco Colony Kot addu District Muzaffargarh','03027731196',NULL,NULL,'3230333768523',NULL,0.0,NULL,NULL,NULL,NULL,'Punjab','UNIVERSITY OF WAH, WAH CANTT','MECH','KOT ADDU','Inactive','House C68 Kapco Colony Kot Addu District Muzaffargarh'),(253928,'229825','22585',1,' MUHAMMAD AHSAN JAMAL','ahsan.jamal79@hotmail.com','3-F, 15/11 NAZIMABAD KARACHI-74600 ','03223539109',NULL,NULL,'4210132886489',NULL,0.0,NULL,NULL,NULL,NULL,'Sindh','NED-UET, KARACHI.','CIVIL','KARACHI','Inactive',NULL),(253929,'400645','00106',1,' MUHAMMAD USMAN LATIF','usmanlatif08@yahoo.com','H#26, ST#E, BLOCK-W NEW SATELLITE TOWN  SARGODHA','03447503302',NULL,NULL,'3840350386517',NULL,0.0,NULL,NULL,NULL,NULL,'Punjab','UET, LAHORE','TRANSPORT','SARGODHA','Inactive',NULL),(253930,'1223120','56736',1,'Jalal ahmad','engrjalalahmad580@gmail.com','faqirabad no 2 zaryab colony near ittehad pull road , post office city railway station peshawar','03349480721',NULL,NULL,'1730170607187',NULL,0.0,NULL,NULL,NULL,NULL,'KPK','Abasyn University, Peshawar','CIVIL','PESHAWAR','Inactive',NULL),(253931,'1206476','79264',1,'Mukhtar Hussain','mukhtar1042@gmail.com','House no. A-8 Jamia Masjid street near Raju Painter, Attock City.','03348926379',NULL,NULL,'1730179107537',NULL,0.0,NULL,NULL,NULL,NULL,'Punjab','COMSATS University Islamabad (Attock Campus)','ELECT','ATTOCK','Inactive',NULL),(253932,'5500','42644',1,'ZULQARNAIN IQBAL','zulqarnain.iqbal@ymail.com','OPPOSITE COMSATS UNIVERSITY WAH, GT ROAD, STREET # 20, WAH CANTT','03465405339',NULL,NULL,'3740599954443',NULL,0.0,NULL,NULL,NULL,NULL,'Punjab','International Islamic University, Islamabad','MECH','RAWALPINDI','Inactive',NULL),(253933,'262710','33446',1,' MUHAMMAD ADNAN KHAN','adnan_376@hotmail.com','House#1188, Street#18, G-15/1, Khayan-e-Kashmir, Islamabad','03325755345',NULL,NULL,'6110169438817',NULL,0.0,NULL,NULL,NULL,NULL,'Federal','HITEC UNIVERSITY, TAXILA','ELECT','ISLAMABAD','Inactive',NULL),(253934,'238165','31665',1,'MUHAMMAD ZAHID HAFEEZ','engrzahidhafeez@hotmail.com','C/O Hafeez Ullah F/A Agri Office (EXT) Jatoi, P/O & Tehsile Jatoi. Muzaffar Garh','03457018264',NULL,NULL,'3230290971331',NULL,0.0,NULL,NULL,NULL,NULL,'Punjab','UCET MULTAN (BZU).','CIVIL','MUZAFFAR GARH','Inactive',NULL),(253935,'666935','44689',1,'Muhammad usama','usama.memon9344@gmail.com','House no.A-566,near noorani masjid,gharibabad,nawabshah,sindh.','03342889688',NULL,NULL,'4540226871613',NULL,0.0,NULL,NULL,NULL,NULL,'Sindh','QUEST NAWABSHAH','CIVIL','SHAHEED BENAZIR ABAD','Inactive',NULL),(253936,'257490','28620',1,' ASIM MUKHTAR','asimmukhtar@ymail.com','V.P.O.Chak Mujahid Janubi Teh','03335002943',NULL,NULL,'3730208190891',NULL,0.0,NULL,NULL,NULL,NULL,'Punjab','THE UNIVERSITY OF LAHORE,  LAHORE','ELECT','JHELUM','Inactive',NULL),(253937,'771579','04987',1,'Saadia Zainab','zainab3810@gmail.com ','House # 55,56 Tariqabad Khanewal','03237877087',NULL,NULL,'3610395066326',NULL,0.0,NULL,NULL,NULL,NULL,'Punjab','UNIVERSITY OF AGRICULTURE, FAISALABAD','AGRI','KHANEWAL','Inactive',NULL),(253938,'411471','52255',1,'WAJAHAT SULTAN','engrwajahat2@gmail.com','HOUSE NO.779/A MOHALLAH SHEIKHANWALA, KAMALIA, DISTRICT TOBA TEK SINGH','03227676743',NULL,NULL,'3330285209361',NULL,0.0,NULL,NULL,NULL,NULL,'Punjab','THE UNIVERSITY OF LAHORE,  LAHORE','ELECT','LAHORE','Inactive',NULL),(253939,'1177920','39317',1,'Hammad Pervez','hammadpervez@hotmail.com','Al Eqbal Residence, House No','03341014455',NULL,NULL,'4200003875279',NULL,0.0,NULL,NULL,NULL,NULL,'Sindh','DHA Suffa University, Karachi','MECH','KARACHI EAST','Inactive',NULL),(253940,'1205372','42185',1,'Muhammad Kabir','m.kabirliaquat@gmail.com','House #37 F_Block PTCHS CANAL GARDEN LAHORE ','03364083685',NULL,NULL,'3520273179947',NULL,0.0,NULL,NULL,NULL,NULL,'Punjab','The University of Central Punjab, Lahore','MECH','LAHORE','Inactive',NULL),(253941,'591316','58479',1,'Adeel Khan','adeeltn@gmail.com','Highrise Pvt Ltd, Plot No 10 I-11/3, Islamabad ','03007278169',NULL,NULL,'3320150685469',NULL,0.0,NULL,NULL,NULL,NULL,'Federal','UNIVERSITY OF GUJRAT, GUJRAT','ELECT','ISLAMABAD','Inactive',NULL),(253942,'376294','01138',1,' SARMAD HUSSAIN','ENGR.SARMADHUSSAIN@GMAIL.COM','Suit No 805, 8th Floor Alhaleej Towers Shaheed-e-Millat Raod Karachi ','03337719929',NULL,NULL,'4520632605869',NULL,0.0,NULL,NULL,NULL,NULL,'Sindh','MUET, JAMSHORO','PETGAS','MALIR','Inactive',NULL),(253943,'575609','58061',1,'Muhammad Asim Munir','masimmunir@outlook.com','E-13, Forest Colony, 108-Ravi Road, Lahore.','03224730018',NULL,NULL,'3510285308745',NULL,0.0,NULL,NULL,NULL,NULL,'Punjab','GCU, LAHORE','ELECT','LAHORE','Inactive',NULL),(253944,'320864','24984',1,' MUHAMMAD SANA ULLAH SAHAR','hello@sahar.pk','H. No. 236, Shadman City Phase 1 (Sector B), Jhangi Wala Road, Bahawalpur','03355111420',NULL,NULL,'3630295921337',NULL,0.0,NULL,NULL,NULL,NULL,'Punjab','UCET MULTAN (BZU).','MECH','BAHAWALPUR','Inactive',NULL),(253945,'591147','43376',1,'Waseem Iqbal','engr_waseemiqbal@outlook.com','Barkalay Koza Alpurai P.O & Tehsil Alpurai Shangla Khyber Pakhtunkhwa ','03469437929',NULL,NULL,'1550152512697',NULL,0.0,NULL,NULL,NULL,NULL,'KPK','NWFP-UET, PESHAWAR.','CIVIL','SHANGLA','Inactive',NULL),(253946,'1185414','77647',1,'Muhammad Nouman Zafar','noumanzafar458@gmail.com','House No. 19, Street C, Block T, New Multan Colony, Multan','03036487002',NULL,NULL,'3630291343977',NULL,0.0,NULL,NULL,NULL,NULL,'Punjab','COMSATS University Islamabad (Attock Campus)','ELECT','MULTAN','Inactive',NULL),(253947,'412310','52780',1,'MURTAZA SAUD','murtazakhan.4438@gmail.com','H# 115, ST# 5,SECTOR E-2 , PHASE 1, HAYATABAD PESHAWAR.','03339301856',NULL,NULL,'1710153998103',NULL,0.0,NULL,NULL,NULL,NULL,'KPK','IQRA NATIONAL UNIVERSITY, PESHAWAR','ELECT','PESHAWAR','Inactive',NULL),(253948,'815959','16244',1,'Syed Shujaat Karim','syedshujaatkarim@gmail.com','House # 59/A, Khushal Town, Kohat Road, Peshawar','03351966040',NULL,NULL,'1730130358535',NULL,0.0,NULL,NULL,NULL,NULL,'KPK','NWFP-UET, PESHAWAR.','CHEM','PESHAWAR','Inactive',NULL),(253949,'314177','18715',1,' RAHEEL SULTAN','rsultan786@gmail.com','H.NO.  61/1-D, CANAL GARDEN, LAHORE, PUNJAB, PAKISTAN.','03029354269',NULL,NULL,'3520224398801',NULL,0.0,NULL,NULL,NULL,NULL,'Punjab','UET, LAHORE','MECH','LAHORE','Inactive',NULL),(253950,'241772','34072',1,' SHAFIQUE AHMAD','shafique2k9@gmail.com','Dhandhu House At Mehran Colony Taluka & Distt','03003191898',NULL,NULL,'4510232438529',NULL,0.0,NULL,NULL,NULL,NULL,'Sindh','QUEST NAWABSHAH','CIVIL','GHOTKI','Inactive',NULL),(253951,'1133401','38455',1,'Muhammad Yasir Ibrahim','m.yasir.ibrahim@gmail.com','House No. R-304 Gulshan-e-Umair, Main University road, Malir Cantt, Karachi','03322187275',NULL,NULL,'4250134290961',NULL,0.0,NULL,NULL,NULL,NULL,'Sindh','HITEC UNIVERSITY, TAXILA','MECH','KARACHI MALIR','Inactive',NULL),(253952,'279531','35131',1,' ARSLAN BASHARAT','ARSLANBASHARAT38@GMAIL.COM','House No. 20A Ghulshan E Madinah Phase-II Sargodha Road Faisalabad','03405248872',NULL,NULL,'3840328922321',NULL,0.0,NULL,NULL,NULL,NULL,'Punjab','COMSATS-IIT,ISLAMABAD (ABBOTTABAD CAMPUS)','ELECT','FAISALABAD','Inactive',NULL),(253953,'1176706','50130',1,'Muhammad Amir','amirmirza2010@gmail.com','Mohalah syedan railway road pasroor district sialkot','03217182781',NULL,NULL,'3460209642757',NULL,0.0,NULL,NULL,NULL,NULL,'Punjab','University of South Asia, Lahore','CIVIL','SIALKOT','Inactive',NULL),(253954,'242375','34925',1,' MUHAMMAD REHAN KARIM','rk_chughtai007@hotmail.com','Al Ahmad, Allah Shafi chowm, near Allah Shafi clinic, st #.3, Rehman colony, kalaro rd, Multan.','03326742522',NULL,NULL,'3120182868257',NULL,0.0,NULL,NULL,NULL,NULL,'Punjab','UET, TAXILA.','CIVIL','MULTAN','Inactive',NULL),(253955,'334053','09062',1,' IFTIKHAR AHMAD','iftikharahmad_107@yahoo.com','House#208, Lala zar colony,satellite town Jhang','03324282581',NULL,NULL,'3320187173905',NULL,0.0,NULL,NULL,NULL,NULL,'Punjab','ICET UNIVERSITY OF THE PUNJAB, LAHORE.','CHEM','JHANG','Inactive',NULL),(253956,'280054','32593',1,'MUHAMMAD BILAL','ENGRBILAL22@GMAIL.COM','HIDAYATULLAH GENERAL STORE, STREET#3, KHYBER COLONY, YOUSAF ABAD, DALAZAK ROAD PESHAWAR CITY','03339102181',NULL,NULL,'1730143876723',NULL,0.0,NULL,NULL,NULL,NULL,'KPK','NWFP-UET, PESHAWAR.','ELECT','PESHAWAR','Inactive',NULL),(253957,'400461','00189',1,' SHAKEEL ZAMAN','SHAKEELZAMAN91@YAHOO.COM','HOUSE NO 735,SECTOR F6,STREET NO 13,PHASE 6 HAYATABAD PESHAWAR','03339711037',NULL,NULL,'1420331398605',NULL,0.0,NULL,NULL,NULL,NULL,'KPK','BUITEMS, QUETTA (TAKATOO CAMPUS)','GEOLOGY','PESHAWAR','Inactive',NULL),(253958,'1178924','41175',1,'Saif Ul Islam','saifulislam020@outlook.com','House 6, Street A1, W-Block Govt Colony Tanki Chowk, Okara','03137952624',NULL,NULL,'3530217791789',NULL,0.0,NULL,NULL,NULL,NULL,'Punjab','COMSATS University Islamabad (Sahiwal Campus)','MECH','OKARA','Inactive',NULL),(253959,'636533','24624',1,'Muhammad Shahzad Akber','balheem@gmail.com','House No.27, Khanzada Street, Firdous Market, Gulberg III, Lahore','03077744849',NULL,NULL,'3620392668569',NULL,0.0,NULL,NULL,NULL,NULL,'Punjab','UCET (THE ISLAMIA UNIVERSITY BAHAWALPUR)','ELECTRO','BAHAWALPUR','Inactive',NULL),(253960,'1189302','42244',1,'Hassan Ali','engr.hassanali99@gmail.com','House No.338-P, Street No.5, Mohallah Rasool Pura, Gojra Road Jhang','03104705000',NULL,NULL,'3320246764005',NULL,0.0,NULL,NULL,NULL,NULL,'Punjab','International Islamic University, Islamabad','MECH','JHANG','Inactive',NULL),(253961,'381607','05453',1,' ADNAN ALI SHAH','adnanalishah91@yahoo.com','Highrise Pvt Ltd, Plot No 10 I-11/3, Islamabad ','03439189148',NULL,NULL,'1620274770107',NULL,0.0,NULL,NULL,NULL,NULL,'KPK','NWFP-UET PESHAWAR (MARDAN CAMPUS)','TELE','SWABI','Inactive',NULL),(253962,'747114','02979',1,'Sultan Raza','sultanraza1214@yahoo.com','House # 687, G/4, JoharTown, Lahore','03314563837',NULL,NULL,'3520242546457',NULL,0.0,NULL,NULL,NULL,NULL,'Punjab','UET, LAHORE (FAISALABAD CAMPUS)','MECHATRO','LAHORE','Inactive',NULL),(253963,'217113','32081',1,'AHSAN ALI','ahasnalikhan@gmail.com','House 98 Area J.1 Korangi 5 Karachi.','03312861990',NULL,NULL,'4220180137125',NULL,0.0,NULL,NULL,NULL,NULL,'Sindh','NED-UET, KARACHI.','CIVIL','KARACHI','Inactive',NULL),(253964,'341407','13353',1,' IRFAN HYDER','engr.irfan512@gmail.com','Govt Primary School, Thallian Wala, P/O & Tehsil Shorkot City, Distt Jhang','03345275014',NULL,NULL,'3320308528545',NULL,0.0,NULL,NULL,NULL,NULL,'Punjab','UNIVERSITY OF WAH, WAH CANTT','CHEM','JHANG','Inactive',NULL),(253965,'1207121','80170',1,'IBRAR  SAQIB','ibrarsaqib3s3@gmail.com','Tahir sidiqi\'s House near Jamia Madnia Masjid (Sadique Akbar chowk), Garbi Mohallah, loosar sharfoo, wah cantt , Taxila','03402092406',NULL,NULL,'4230120352059',NULL,0.0,NULL,NULL,NULL,NULL,'Punjab','University of Wah, Wah Cantt.','ELECT','RAWALPINDI','Inactive',NULL),(253966,'746470','62648',1,'Atif Amin','atifamin101@gmail.com','House #164 Muneer Shaheed Colony Kasur','03205055899',NULL,NULL,'3510221881593',NULL,0.0,NULL,NULL,NULL,NULL,'Punjab','NUCES, ISLAMABAD','ELECT','KASUR','Inactive',NULL),(253967,'745913','46655',1,'Izaz Shahzad','azaz.shahzad13@gmail.com','Mohallah= Abu-Khan Khel, Village= Maina Banda, Maneri Bala (Saleem Khan Shakh) PO Box= Swabi, Tehsil & District= Swabi','03450736512',NULL,NULL,'1620226265169',NULL,0.0,NULL,NULL,NULL,NULL,'KPK','CECOS UNIVERSITY OF IT & ES PESHAWAR','CIVIL','SWABI','Inactive',NULL),(253968,'666009','44789',1,'Muhammad Tahir Hanif','tahirrana139@gmail.com','Canal Colony Railway Road Lodhran','03346906623',NULL,NULL,'3620387324583',NULL,0.0,NULL,NULL,NULL,NULL,'Punjab','UNIVERSITY OF SOUTH ASIA, LAHORE','CIVIL','LODHRAN','Inactive',NULL),(253969,'666967','56251',1,'ALTAF AYAZ','ALTAFAYAZ2161@GMAIL.COM','Room No','03156766567',NULL,NULL,'1420363990315',NULL,0.0,NULL,NULL,NULL,NULL,'KPK','International Islamic University, Islamabad','CIVIL','KARAK','Inactive','C/O SHAD MUHAMMAD SHOP VILLAGE AND P/O AHMAD ABADTEHSIL TAKHTI NASRATHI DISTRICT KARAK KPK'),(253970,'271722','41115',1,' SAMI ULLAH','samiullah043@live.com','HOUSE # P.63 BILAL GARDEN CHAK NO.214 R-B RAJBAH ROAD JARANWALA ROAD FAISALABAD.','03457864443',NULL,NULL,'3310355585797',NULL,0.0,NULL,NULL,NULL,NULL,'Punjab','COMSATS-IIT,ISLAMABAD (ABBOTTABAD CAMPUS)','ELECT','FAISALABAD','Inactive',NULL),(253971,'287018','41574',1,' ALI HASSAN KAYANI','ali_kayani1822@yahoo.com','H#1, ST#18 NEAR MUHAMMADI MASJID UNIVERSITY TOWN TAJABAD','03454011667',NULL,NULL,'1730167644061',NULL,0.0,NULL,NULL,NULL,NULL,'KPK','NWFP-UET, PESHAWAR.','ELECT','PESHAWAR','Inactive',NULL),(253972,'457735','55359',1,'SALAH UD DIN','kpkengr@gmail.com','House 176, Street 6, Sector C/2, Phase 5, Hayatabad, Peshawar','03201998300',NULL,NULL,'1730178422749',NULL,0.0,NULL,NULL,NULL,NULL,'KPK','IQRA NATIONAL UNIVERSITY, PESHAWAR','ELECT','PESHAWAR','Inactive',NULL),(253973,'589407','47392',1,'Mir Alam Khan','Miralamkhan9988@gmail.com','Villege koza durshkhela P.O  durshkhela tehsil matta District swat','03469405074',NULL,NULL,'1560193073123',NULL,0.0,NULL,NULL,NULL,NULL,'KPK','IQRA NATIONAL UNIVERSITY, PESHAWAR','CIVIL','SWAT','Inactive',NULL),(253974,'668425','04906',1,'Zeeshan Ali Gopang','zee3665@gmail.com','H No. 4 New Circuit House Colony Society Road Nawab Shah','03033928622',NULL,NULL,'4540205850313',NULL,0.0,NULL,NULL,NULL,NULL,'Sindh','SINDH AGRICULTURE UNIVERSITY, TANDOJAM.','AGRI','SHAHEED BENAZIR ABAD','Inactive',NULL),(253975,'744569','62381',1,'Muhammad Aleem Tahir','aleemt1994@gmail.com','Chak No, 337 GB Dholan Tehsil and District Toba Tek Singh','03438264877',NULL,NULL,'3330307915033',NULL,0.0,NULL,NULL,NULL,NULL,'Punjab','HITEC UNIVERSITY, TAXILA','ELECT','TOBA TEK SINGH','Inactive',NULL),(253976,'745865','35610',1,'Saad Saeed Minhas','ssminhas95@gmail.com','CB-3173, Lane no.2, Officers Colony, Misrial Road, Rawalpindi','03115421975',NULL,NULL,'3740526565111',NULL,0.0,NULL,NULL,NULL,NULL,'Punjab','UET, TAXILA.','MECH','RAWALPINDI','Inactive',NULL),(253977,'1179758','50041',1,'Awais Khan','awaixi143@gmail.com','Jaba Malikpur, Post Office Muradpur\nTehsil & District Mansehra KPK','03432315877',NULL,NULL,'1350364066693',NULL,0.0,NULL,NULL,NULL,NULL,'KPK','University of South Asia, Lahore','CIVIL','MANSEHRA','Inactive',NULL),(253978,'323557','27756',1,' MUHAMMAD ASIF','ASIFWEU@GMAIL.COM','ENGR. MUHAMMAD ASIF S/O MUHAMMAD SALEEM BASTI BADSHAHPUR P/O TALBANI TEHSIL LIAQUATPUR DISTRICT RAHIM-YAR-KHAN','03216805081',NULL,NULL,'3130293627011',NULL,0.0,NULL,NULL,NULL,NULL,'Punjab','UNIVERSITY OF WAH, WAH CANTT','MECH','RAHIM YAR KHAN','Inactive',NULL),(253979,'668761','04592',1,'Syed mustansar hussain','mustansarh89@gmail.com','House no 306 Street no 03 noorpura Chishtian','03337574988',NULL,NULL,'3110272412555',NULL,0.0,NULL,NULL,NULL,NULL,'Punjab','GIKI,EST, (TOPI SWABI)','METAL','LAHORE','Inactive',NULL),(253980,'722704','45186',1,'Saqib Nawaz','besaqib66@gmail.com','Makhdoom Colony Jalalpur Road Qila Sahib Singh Near AlFaisal General Store Hafizabad','03430012542',NULL,NULL,'3430135210597',NULL,0.0,NULL,NULL,NULL,NULL,'Punjab','UET, LAHORE','CIVIL','HAFIZABAD','Inactive',NULL),(253981,'626054','61065',1,'RANA QAMAR ZAMAN','qamar163@ymail.com','QILLA PAKKA P/O MORE KHUNDA TEH AND DISTT NANKANA SAHIB','03034046909',NULL,NULL,'3550103305281',NULL,0.0,NULL,NULL,NULL,NULL,'Punjab','UNIVERSITY ON MANAGMENT AND TECHNOLOGY LAHORE','ELECT','NANKANA SAHIB','Inactive',NULL),(253982,'773262','48280',1,'ABDUR REHMAN','rehmanabdur737@gmail.com','Village Pir Qilla Muhallah Sheran Post Office and Tehsil Shabqadar District Charsadda','03038068648',NULL,NULL,'1710109381801',NULL,0.0,NULL,NULL,NULL,NULL,'FATA','UNIVERSITY OF WAH, WAH CANTT','CIVIL','MOHMAND AGENCY','Inactive',NULL),(253983,'745569','15946',1,'Aakash Zawar Rajput','aakash_rajput@hotmail.com','House # 61, VIP Block, Royal City, Main Lehtrar Road, Near Malal Pul ','03335394442',NULL,NULL,'6110139115045',NULL,0.0,NULL,NULL,NULL,NULL,'Federal','BAHRIA UNIVERSITY ISLAMABAD','COMP','ISLAMABAD','Inactive',NULL),(253984,'745602','45591',1,'Ameer Muhammad','ameermuhammd775@gmail.com','Gulab stationary mart near allied bank main bazar battagram hazara kpk','03135852519',NULL,NULL,'1320272730451',NULL,0.0,NULL,NULL,NULL,NULL,'KPK','NWFP-UET, PESHAWAR.','CIVIL','BATAGRAM','Inactive',NULL),(253985,'564245','57469',1,'SHAFIQ UR REHMAN','shafiqurrehman02@gmail.com','12 # QUAZZAFI COLONY NEAR UNILEVER STATE RAHIM YAR KHAN','03087478259',NULL,NULL,'3130383580155',NULL,0.0,NULL,NULL,NULL,NULL,'Punjab','GCU, LAHORE','ELECT','RAHIM YAR KHAN','Inactive',NULL),(253986,'365727','02576',1,' ASAD SAEED KHOKHAR','engg.asadsaeedkhr@gmail.com','Street Haji Abdul Karim No.6, Hafizabadroad, Gujranwala.','03338266595',NULL,NULL,'3410113410811',NULL,0.0,NULL,NULL,NULL,NULL,'Punjab','ICET UNIVERSITY OF THE PUNJAB, LAHORE.','METAL','GUJRANWALA','Inactive',NULL),(253987,'668287','44773',1,'WAQAS ANJUM','anjumwaqas125@gmail.com','HOUSE#322/1,STREET#8,BLOCK B,NISHAT COLONY, LAHORE CANTT.','03001633067',NULL,NULL,'3520182495613',NULL,0.0,NULL,NULL,NULL,NULL,'Punjab','UNIVERSITY OF SOUTH ASIA, LAHORE','CIVIL','LAHORE','Inactive',NULL),(253988,'290483','44027',1,' ZEESHAN ANWAR','ZEESHAN_AHWAR1@YAHOO.COM','QASMI COLONY MOH. BHABRANA NEAR ZUBAIDA MASJID JHANG SADDAR, JHANG','03217989190',NULL,NULL,'3320291232675',NULL,0.0,NULL,NULL,NULL,NULL,'Punjab','GCU, LAHORE','ELECT','JHANG','Inactive',NULL),(253989,'1215774','83443',1,'JUNAID KHAN','junaidwazir555@gmail.com','Village Spina Tangi Patol Khel Post Office Domel Tehsil District Bannu.','03329898393',NULL,NULL,'1110203525503',NULL,0.0,NULL,NULL,NULL,NULL,'KPK','University of Science and Technology, Bannu','ELECT','BANNU','Inactive',NULL),(253990,'4787','02120',1,'MUHAMMAD KAMRAN QADIR','kqadir91@gmail.com','House no. 3, street no. 2, Androon Bhatti chowk, mohallah fareedi Jampur','03346963891',NULL,NULL,'3240240758691',NULL,0.0,NULL,NULL,NULL,NULL,'Punjab','UET, LAHORE','PETGAS','RAJAN PUR','Inactive',NULL),(253991,'589713','04444',1,'Muhammad Usman Mohsin','musman_mohsin@yahoo.com','House No. 74, Street No. 04, Ayub Park No. 01, Okara.','03319706962',NULL,NULL,'3530279374365',NULL,0.0,NULL,NULL,NULL,NULL,'Punjab','UNIVERSITY OF AGRICULTURE, FAISALABAD','AGRI','OKARA','Inactive',NULL),(253992,'276013','46227',1,' MUHAMMAD HASAN RIAZ','hasan.riaz056@gmail.com','H#18, ST#1,MEHMOOD ABAD P.OFFICE CHIBBAN FAISALABAD','03024408801',NULL,NULL,'3310024045891',NULL,0.0,NULL,NULL,NULL,NULL,'Punjab','THE UNIVERSITY OF LAHORE','ELECT','FAISALABAD','Inactive',NULL),(253993,'322865','26152',1,' NAEEM AHMED','naeemahmed1311@gmail.com','House no. R-726, SECTOR 11/C-1  NORTH KARACHI','03333329963',NULL,NULL,'4210133853607',NULL,0.0,NULL,NULL,NULL,NULL,'Sindh','NED-UET, KARACHI.','MECH','KARACHI','Inactive',NULL),(253994,'382551','05974',1,' ABDUL BASIT','engr_abdulbasit@hotmail.com','HOUSE # 1669/E, WARD # 7, SADAR BAZAR SIALKOT CANTT  ','03348108702',NULL,NULL,'3460302134235',NULL,0.0,NULL,NULL,NULL,NULL,'Punjab','UCET (THE ISLAMIA UNIVERSITY BAHAWALPUR)','TELE','SIALKOT','Inactive',NULL),(253995,'588194','43288',1,'Asad Ullah','asadu88@gmail.com','Village, GALLGOOT, Tehsil LALL QILLA,  P/O HAYASERI Distt DIR LOWER','03018861188',NULL,NULL,'1530563071507',NULL,0.0,NULL,NULL,NULL,NULL,'KPK','NWFP-UET, PESHAWAR.','CIVIL','DIR','Inactive',NULL),(253996,'577570','68616',1,'Ahsan Mughal','ahsan1989@outlook.com','house no CB -515 Dhoke chiragh din Qazi abad near rafiq karyana store rawalpindi','03025033353',NULL,NULL,'3740537882629',NULL,0.0,NULL,NULL,NULL,NULL,'Punjab','NUML, ISLAMABAD','ELECT','RAWALPINDI','Inactive',NULL),(253997,'321344','24693',1,'MUHAMMAD ALI FEROZ','m.ali_feroz@hotmail.com','A-27, BLOCK-R, NORTH NAZIMABAD, KARACHI.','03330242239',NULL,NULL,'4210187771327',NULL,0.0,NULL,NULL,NULL,NULL,'Sindh','NED-UET, KARACHI.','MECH','KARACHI','Inactive',NULL),(253998,'undefined','undefined',1,'undefined','undefined','undefined','undefined',NULL,NULL,'undefined',NULL,0.0,NULL,NULL,NULL,NULL,'undefined','undefined','undefined','undefined','Inactive','Muneeb Afzal, House # 7, APEX Homes, PCSIR 2, Lahore'),(253999,'325140','30011',1,' SHAHID HUSSAIN QADRI','engr.shr@gmail.com','HOUSE #E124/4, FAROOQ STREET#10, NAWAB PUR ICHRA LAHORE. ','03164559648',NULL,NULL,'3520227225445',NULL,0.0,NULL,NULL,NULL,NULL,'Punjab','THE UNIVERSITY OF LAHORE,  LAHORE','MECH','LAHORE','Inactive',NULL),(254000,'240649','33677',1,' ZEESHAN MEHBOOB','engr_zeeshan47@yahoo.com','TAPPI ALGADI KARAK P.O DISTT KARAK  ','03319804749',NULL,NULL,'1420208365347',NULL,0.0,NULL,NULL,NULL,NULL,'KPK','NWFP-UET, PESHAWAR.','CIVIL','KARAK','Inactive',NULL),(254001,'271896','40773',1,' MUHAMMAD DAWOOD','m.dawood61@gmail.com','C/O Asim Masood TRAVEL AND TOUR DERA ROAD NEAR GOVT CITY HIGH SCHOOL JAMPUR DISTRICT RAJANPUR','03323232299',NULL,NULL,'3240280884549',NULL,0.0,NULL,NULL,NULL,NULL,'Punjab','UNIVERSITY OF GUJRAT, GUJRAT','ELECT','RAJAN PUR','Inactive',NULL),(254002,'283247','37444',1,' MUJIB ALAM','mak_69@ymail.com','SULTAN HOUSE MUNIR ROAD NEAR PTV STATION H # 15/1, PESHAWAR CANTT.','03119797724',NULL,NULL,'1730102446255',NULL,0.0,NULL,NULL,NULL,NULL,'KPK','CECOS UNIVERSITY OF IT & ES PESHAWAR','ELECT','PESHAWAR','Inactive',NULL),(254003,'275731','28899',1,'MUHAMMAD AHMAD AMJAD','engr_ahmad26@hotmail.com','654 D canal view housing society lahore pakistan','03334193905',NULL,NULL,'9040301622911',NULL,0.0,NULL,NULL,NULL,NULL,'Punjab','THE UNIVERSITY OF LAHORE,  LAHORE','ELECT','LAHORE','Inactive',NULL),(254004,'722859','26115',1,'Muhammad Waseem Qamar','muhammadwaseem2046@gmail.com','27- E / 58, 27 Area, POF Wah Cantt','03475647460',NULL,NULL,'3740663754061',NULL,0.0,NULL,NULL,NULL,NULL,'Punjab','IIU ISLAMABAD','ELECTRO','RAWALPINDI','Inactive',NULL),(254005,'733213','62782',1,'Muhammad Farhan','engineerfarhan1122@gmail.com','Ward No.8 H#765/A Stadium Colony Kot Adu','03330353545',NULL,NULL,'3230306556611',NULL,0.0,NULL,NULL,NULL,NULL,'Punjab','UCET (THE ISLAMIA UNIVERSITY BAHAWALPUR)','ELECT','MUZAFFAR GARH','Inactive',NULL),(254006,'388715','01673',1,' MUHAMMAD ZOHAIB FAZAL','zohaib.ntu@gmail.com','H.#1881-K/8-C,JUNAID STREET,C-BLOCK,SHAMSABAD, MULTAN','03007361191',NULL,NULL,'3630283369845',NULL,0.0,NULL,NULL,NULL,NULL,'Punjab','NATIONAL TEXTILE UNIVERSITY, FAISALABAD','TEXTILE','MULTAN','Inactive',NULL),(254007,'248952','19423',1,' MUHAMMAD ZEESHAN MOIN','zeesh51@yahoo.com','333 D-2 Wapda Town Lahore','03334452507',NULL,NULL,'3520014510623',NULL,0.0,NULL,NULL,NULL,NULL,'Punjab','UET, LAHORE','ELECT','LAHORE','Inactive',NULL),(254008,'759348','46720',1,'Awais Zahid','Awais_zahidorakzai@yahoo.com','H.No#100, Street No','03087786114',NULL,NULL,'1730161440303',NULL,0.0,NULL,NULL,NULL,NULL,'KPK','COMSATS IIT, ISLAMABAD (ABBOTTABAD CAMPUS)','CIVIL','PESHAWAR','Inactive',NULL),(254009,'373313','01785',1,' ADNAN MAQSOOD','zimbababy@outlook.com','House No 1058 (Upper Floor), Street 78, Sector D-12/1, Islamabad','03229445221',NULL,NULL,'1730129767169',NULL,0.0,NULL,NULL,NULL,NULL,'Federal','CAE, RISALPUR. (NUST)','AERO','ISLAMABAD','Inactive',NULL),(254010,'321314','25246',1,' SYED ARSALAN YOUSUF','arsalanyousuf40@yahoo.com','Sadi Town,Block-II,A-66,Karachi','03062220912',NULL,NULL,'4220106289391',NULL,0.0,NULL,NULL,NULL,NULL,'Sindh','NED-UET, KARACHI.','MECH','KARACHI','Inactive',NULL),(254011,'899153','54689',1,'Raja Junaid Ali','rajajunaid432@gmail.com','Street number 29 Behind Wah Paradise Hostel Jamilabad Wah Cantt','03411318857',NULL,NULL,'6110110969769',NULL,0.0,NULL,NULL,NULL,NULL,'Punjab','COMSATS University Islamabad (Wah Campus)','CIVIL','RAWALPINDI','Inactive',NULL),(254012,'292821','46605',1,'. MUHAMMAD UMAIR','engr_m.umair@yahoo.com','FLAT#A-203, JAVED HILL VIEW BLOCK 3 GULISTAN E JAUHAR ','03013756071',NULL,NULL,'4220114189499',NULL,0.0,NULL,NULL,NULL,NULL,'Sindh','UIT KARACHI (HAMDARD UNIVERSITY)','ELECT','KARACHI EAST','Inactive',NULL),(254013,'745307','62274',1,'FAZAL UR REHMAN','fazalur.rehman15@yahoo.com','KUCH JIND WADA, HOUSE NO.B3/914, MOHALLAH QAZIAN, RAHIM YAR KHAN','03126630150',NULL,NULL,'3130336981317',NULL,0.0,NULL,NULL,NULL,NULL,'Punjab','NFC, IET,  MULTAN (BZU)','ELECT','RAHIM YAR KHAN','Inactive',NULL),(254014,'370770','03532',1,' MUSHARIB KHAN','ENGR.MUSHARIB@GMAIL.COM','MR. ZEESHAN KHAN, DEPUTY MANAGER (POWER), HOUSE # D-1, POWER HOUSE COLONY, D G KHAN CEMENT COMPANY LTD., DERA GHAZI KHAN, PUNJAB, PAKISTAN','03015559864',NULL,NULL,'3630297950447',NULL,0.0,NULL,NULL,NULL,NULL,'Punjab','UCA, MULTAN (BZU)','AGRI','MULTAN','Inactive',NULL),(254015,'236052','28801',1,' USMAN HASAN JALALI','usmanjalali@hotmail.com','House No. 572A (Basement) , Street No.109 , I-8/4 , Islamabad','03004404759',NULL,NULL,'6110174282121',NULL,0.0,NULL,NULL,NULL,NULL,'Federal','MCE, RISALPUR. (NUST)','CIVIL','ISLAMABAD','Inactive',NULL),(254016,'325738','29859',1,' JUNAID AHMAD QAYYUM','jaq909@gmail.com','House 798, Street 13 Sector G-11/1, Islamabad','03319773215',NULL,NULL,'6110168581537',NULL,0.0,NULL,NULL,NULL,NULL,'Federal','UET, TAXILA.','MECH','ISLAMABAD','Inactive',NULL),(254017,'270730','39696',1,' FAHAD UL HASSAN','fahadalhassan1@gmail.com','Hassan Medical Store Railway Station Road PO Jamman Shah Tehsil and Distt. Layyah','03056563183',NULL,NULL,'3220317010167',NULL,0.0,NULL,NULL,NULL,NULL,'Punjab','UET, LAHORE','ELECT','LAYYAH','Inactive',NULL),(254018,'744243','46561',1,'Khubab Abid','khubab.abid97@gmail.com','1404, IT Plaza, Dubai Silicon Oasis, Dubai, UAE.','03212558180',NULL,NULL,'3740632598051',NULL,0.0,NULL,NULL,NULL,NULL,'Foreign','COMSATS-IIT ISLAMABAD (WAH CAMPUS)','CIVIL','DUBAI','Inactive',NULL),(254019,'744450','35502',1,'MUHAMMAD FAISAL MUKHTAR','faisalmukhtar35502@gmail.com','5-D Moulsary Road Central Park, POF Wah Cantt','03465313011',NULL,NULL,'3740675566373',NULL,0.0,NULL,NULL,NULL,NULL,'AJK','IIU ISLAMABAD','MECH','AZAD KASHMIR','Inactive',NULL),(254020,'365707','02988',1,' HAFIZ SOHAIB MEHBOOB','metallurgy20@gmail.com','Department of Metallurgy and Materials Engineering (DMME), Pakistan Institute of Engineering and Applied Sciences (PIEAS), P.O. NILORE, ISLAMABAD','',NULL,NULL,'3840603867281',NULL,0.0,NULL,NULL,NULL,NULL,'Federal','UET, LAHORE','METAL','ISLAMABAD','Inactive',NULL),(254021,'553022','59856',1,'HARIS ZAMAN','harisuzaman@ieee.org','HOUSE 24, STREET B, BLOCK X, PEOPLES COLONY GUJRANWALA ','03366460006',NULL,NULL,'3410142888389',NULL,0.0,NULL,NULL,NULL,NULL,'Punjab','COMSATS IIT, ISLAMABAD (ABBOTTABAD CAMPUS)','ELECT','GUJRANWALA','Inactive',NULL),(254022,'272314','25223',1,' MAMOOR AHMAD','mamoorshah@live.com','Muhallah Sahibzadgan Village  & Post Office Karbogha Sharif  Tehsil Thall District Hangu KP ','03339252252',NULL,NULL,'1410149882119',NULL,0.0,NULL,NULL,NULL,NULL,'KPK','GIST.PGS,EC,PESHAWAR (NWFP UET PESHAWAR)','ELECT','HANGU','Inactive',NULL),(254023,'447432','14254',1,'MUHAMMAD ISLAM','muhammad.islam01@yahoo.com','HOUSE #1, STREET #4, MIAN SAEED COLONY, WAHDAT ROAD, LAHORE','03434109785',NULL,NULL,'3520264886065',NULL,0.0,NULL,NULL,NULL,NULL,'Punjab','COMSATS-IIT,ISLAMABAD (LAHORE CAMPUS)','CHEM','LAHORE','Inactive',NULL),(254024,'563786','42176',1,'HAFIZ MUHAMMAD HASSAN AJMAL','hassanajmal@live.com','HOUSE NO. 7/2 ROAD RESEARCH STAFF COLONY NEW CAMPUS, LAHORE','03034102087',NULL,NULL,'3520259798545',NULL,0.0,NULL,NULL,NULL,NULL,'Punjab','NUCES, ISLAMABAD (LAHORE CAMPUS)','CIVIL','LAHORE','Inactive',NULL),(254025,'240597','32759',1,' MUHAMMAD ZULQARNAIN','Zulqar_engr@yahoo.com','HOUSE # 271 ALLAMA IQBAL TOWN BAHAWALPUR','03227871727',NULL,NULL,'3650232458057',NULL,0.0,NULL,NULL,NULL,NULL,'Punjab','UET, TAXILA.','CIVIL','BAHAWALPUR','Inactive',NULL),(254026,'414948','44385',1,'SAQIB ALI','saqibawan92@yahoo.com',' VILLAGE & PO KHALASPUR TEHSIL & DISTRICT JHELUM','03005400671',NULL,NULL,'3730113562133',NULL,0.0,NULL,NULL,NULL,NULL,'Punjab','MCE, RISALPUR. (NUST)','CIVIL','JHELUM','Inactive','PO Khalaspur Tehsil and District Jhelum'),(254027,'591032','57884',1,'Muhammad Asfandyaar','asfandyaar175@yahoo.com','House#848/91 kehkashan street#5,near naka chowk new gulgasht colony multan','03087424500',NULL,NULL,'3630213056753',NULL,0.0,NULL,NULL,NULL,NULL,'Punjab','GIST.PGS,EC,PESHAWAR (NWFP UET PESHAWAR)','ELECT','MULTAN','Inactive',NULL),(254028,'747203','16432',1,'MUJAHID KHAN','mujahidkhattak@hotmail.com','Village/ Lawagher Chani Khel, P/O Ghundi Mir Khan Khel, Tehsil And District Karak','03458394685',NULL,NULL,'1420242606577',NULL,0.0,NULL,NULL,NULL,NULL,'KPK','BUITEMS, QUETTA (TAKATOO CAMPUS)','CHEM','KARAK','Inactive',NULL),(254029,'5917','12669',1,'MUSHTAQ HUSSAIN','hussainturi128@gmail.com','Flat # 14 Bismillah Plaza Commercial Market Satellite Town Rawalpindi','03013022661',NULL,NULL,'2130327657959',NULL,0.0,NULL,NULL,NULL,NULL,'Punjab','BUITEMS, QUETTA (TAKATOO CAMPUS)','COMP','RAWALPINDI','Inactive',NULL),(254030,'1177016','50354',1,'Aftab Alam','alamaftabpro1@gmail.com','H# 60/1-K, ST# 5, ARMOUR COLONY, MANKI ROAD, NOWSHERA.','03348805364',NULL,NULL,'1720193251093',NULL,0.0,NULL,NULL,NULL,NULL,'KPK','CHANG\'AN UNIVERSITY, CHINA','CIVIL','NOWSHERA','Inactive',NULL),(254031,'245086','37697',1,' SAJID SOHAIL','CE_sajid@yahoo.com','VILL. WARANA ZALANI BANDA TAKHT E NASRATI KARAK ','03449326564',NULL,NULL,'1420321476175',NULL,0.0,NULL,NULL,NULL,NULL,'KPK','NWFP-UET, PESHAWAR.','CIVIL','KARAK','Inactive',NULL),(254032,'341906','21890',1,' TARIQ BIN KALEEM','engr.tariq.pk@gmail.com','Al-Razi House.142 , Al-Rehman Street , Al-Hamd Colony,Neelum Block,Allama Iqbal Town Lahore','03337335566',NULL,NULL,'3610249344083',NULL,0.0,NULL,NULL,NULL,NULL,'Punjab','UCET (THE ISLAMIA UNIVERSITY BAHAWALPUR)','ELECTRO','LAHORE','Inactive',NULL),(254033,'996014','69340',1,'Abdul Shakoor','abdulshakoor8383@gmail.com','26 mayo garden, Railway officer colony off Davis Road, lahore','03348383280',NULL,NULL,'4510160818405',NULL,0.0,NULL,NULL,NULL,NULL,'Punjab','THE UNIVERSITY OF LAHORE,  LAHORE','ELECT','LAHORE','Inactive',NULL),(254034,'284382','37219',1,' JAMSHAID ALI KHAN','JAMSHAID118@GMAIL.COM','H.NO. R-856, SECTOR NO. 15-B, BUFFERZONE, NORTH KARACHI, KARACHI','03322513092',NULL,NULL,'4200069979889',NULL,0.0,NULL,NULL,NULL,NULL,'Sindh','NED-UET, KARACHI.','ELECT','KARACHI','Inactive',NULL),(254035,'282648','35888',1,' MUHAMMAD MUNEER','munir269@gmail.com','TUBE WELL WORK SHOP COLONY QUARTER #4, NEAR FIA MDA CHOWK, MULTAN','03087302737',NULL,NULL,'3630463412385',NULL,0.0,NULL,NULL,NULL,NULL,'Punjab','THE UNIVERSITY OF LAHORE','ELECT','MULTAN','Inactive',NULL),(254036,'744034','63121',1,'Muhammad Suleman Malik','suleman2113@gmail.com','House # T-6572, Near Jamia Masjid Mushtaqabad Nothia Jadeed Peshawar Cantt.','03085677922',NULL,NULL,'1730161449259',NULL,0.0,NULL,NULL,NULL,NULL,'KPK','NWFP-UET, PESHAWAR.','ELECT','PESHAWAR','Inactive',NULL),(254037,'241853','34584',1,' RAMEEZ AKRAM','RAMEEZAKRAM71@YAHOO.COM','MOHALLAH MUHAMMAD PURA (NEAR GHOSIA KARYANA) DASKA','03348241937',NULL,NULL,'3450206694993',NULL,0.0,NULL,NULL,NULL,NULL,'Punjab','MCE, RISALPUR. (NUST)','CIVIL','DASKA','Inactive',NULL),(254038,'1211125','56754',1,'Nasir Ali','nasirawan379@gmail.com','PO Khalaspur Tehsil and District Jhelum','03045660953',NULL,NULL,'3730114406683',NULL,0.0,NULL,NULL,NULL,NULL,'Punjab','Institute of Southern Punjab, Multan','CIVIL','JHELUM','Inactive',NULL),(254039,'339335','11875',1,'MUKHTIAR AHMED','mukhtiarahmad11@gmail.com','MOHALLAH Khan Colony ,P/O and Tehsil Lachi, District Kohat, KPK','03339668286',NULL,NULL,'1420338588081',NULL,0.0,NULL,NULL,NULL,NULL,'KPK','NWFP-UET, PESHAWAR.','CHEM','KARAK','Inactive',NULL),(254040,'372956','00261',1,' MUHAMMAD AZAM SARWAR','azamsarwar883@hotmail.com','HOUSE.NO.6. REHMAN TOWN HOUSES(ADJACENT ARCHITECTS& ENGINEERS HOUSING SOCIETY- OPPOSITE 13 J BLOCK) RAIWNID ROAD, LAHORE.','03467110432',NULL,NULL,'3660113565673',NULL,0.0,NULL,NULL,NULL,NULL,'Punjab','UCET MULTAN (BZU).','ARCH.ENGG','LAHORE','Inactive',NULL),(254041,'909574','71413',1,'Muhammad Fahad Rafiq','m.fahadrafiq@hotmail.com','150-151/S Quaid-e-Azam Industrial Estate Kot Lakhpat Lahore','03237672868',NULL,NULL,'3650273299717',NULL,0.0,NULL,NULL,NULL,NULL,'Punjab','University of South Asia, Lahore','ELECT','LAHORE','Inactive',NULL),(254042,'1210521','43170',1,'Ibrahim Patel','ipatel.me@gmail.com','H NO.48/1, B-3 STREET OFF 12th STREET, PHASE V, D.H.A, KARACHI - 75500','03452108556',NULL,NULL,'4230122880259',NULL,0.0,NULL,NULL,NULL,NULL,'Sindh','DHA Suffa University, Karachi','MECH','KARACHI SOUTH','Inactive',NULL),(254043,'458422','23446',1,'MUHAMMAD ABDULLAH','muhammadabdullah93@live.com','House No 7, Street 100, G-13/1, ISLAMABAD.','03435206572',NULL,NULL,'3520185587457',NULL,0.0,NULL,NULL,NULL,NULL,'Federal','GIKI,EST, (TOPI SWABI)','ELECTRO','ISLAMABAD','Inactive',NULL),(254044,'238402','31471',1,' UMAIR KHURSHID','umair.khurshid@hotmail.com','House # 207 B VII Khalid Saeed Mokal Colony Sahiwal','03027554784',NULL,NULL,'3650226683545',NULL,0.0,NULL,NULL,NULL,NULL,'Punjab','UET, LAHORE','CIVIL','SAHIWAL','Inactive',NULL),(254045,'591165','42842',1,'Muhammad Sarir','sareer.uet@gmail.com','Supply Road Ghareeb Abad No.2, Akram Muhallah, Peshawar.','03459172781',NULL,NULL,'1730148721279',NULL,0.0,NULL,NULL,NULL,NULL,'KPK','NWFP-UET, PESHAWAR.','CIVIL','PESHAWAR','Inactive',NULL),(254046,'985824','16272',1,'Khawaja Muhammad Abdullah Anwar','khabdullah007@gmail.com','5 Sunny Street, near Northern Bypass Chowk, Basti Mahmood-kot, Moza Neel-kot, Multan.','03346664511',NULL,NULL,'3630295852685',NULL,0.0,NULL,NULL,NULL,NULL,'Punjab','SEECS, ISLAMABAD(NUST)','COMP','MULTAN','Inactive',NULL),(254047,'304940','08847',1,' ZAMEER AHMED ABRO','zameerahmed110@outlook.com','House NO 8 Bhangwar Colony Nawabshah\nCell 03041030506','03041030506',NULL,NULL,'4540250141043',NULL,0.0,NULL,NULL,NULL,NULL,'Sindh','MUET, JAMSHORO','MECH','SHAHEED BENAZIR ABAD','Inactive',NULL),(254048,'398130','10697',1,' AHMED ALI','ahmed.aliee@yahoo.com','H#A/22, 100 YARDS ABDULLAH BLESSING WADHU WAH RD NASIM NAGAR QASIM ABAD HYDERABAD','03332637362',NULL,NULL,'4120184109087',NULL,0.0,NULL,NULL,NULL,NULL,'Sindh','MUET, JAMSHORO','COMP','HYDERABAD','Inactive',NULL),(254049,'338252','10659',1,' JAI KUMAR','JAIKUMARHARANI@HOTMAIL.COM','Flat no.104 1st floor, Sheraton residency, Plot\nno.422 Garden east, Karachi, Pakistan.','03332615863',NULL,NULL,'4320371909293',NULL,0.0,NULL,NULL,NULL,NULL,'Sindh','MUET, JAMSHORO','CHEM','KARACHI','Inactive',NULL),(254050,'588304','58046',1,'Raja Sohail Akhter','rajasohail3733@gmail.com','Islamabad School & College CMH Road Muzaffarabad','03229411509',NULL,NULL,'8220381652461',NULL,0.0,NULL,NULL,NULL,NULL,'AJK','NWFP-UET, PESHAWAR.','ELECT','MUZAFFARABAD','Inactive',NULL),(254051,'275368','46031',1,'MUHAMMAD ADIL NAWAZ','ENGR.ADILNAWAZ@GMAIL.COM','MOH','03355706163',NULL,NULL,'1730189824299',NULL,0.0,NULL,NULL,NULL,NULL,'KPK','CECOS UNIVERSITY OF IT & ES PESHAWAR','ELECT','PESHAWAR','Inactive',NULL),(254052,'1133304','76446',1,'TALHA NADEEM','talhanadeem496@gmail.com','MOHALLAH LOYALPURI NEAR MADNI MASJID, VILLAGE & P.O. MIRZA, TEHSIL & DISTRICT ATTOCK.','03118747637',NULL,NULL,'3710111639495',NULL,0.0,NULL,NULL,NULL,NULL,'Punjab','COMSATS University Islamabad (Attock Campus)','ELECT','ATTOCK','Inactive',NULL),(254053,'660968','59307',1,'Muhammad Sartaj','msartaj04@yahoo.com','regi malkander near gullab ustad masjid P/O regi peshawar','03335833357',NULL,NULL,'1730165592827',NULL,0.0,NULL,NULL,NULL,NULL,'KPK','NWFP-UET, PESHAWAR.','ELECT','PESHAWAR','Inactive',NULL),(254054,'413725','53856',1,'SHAFQUAT RASOOL','shafquatr26@gmail.com','MUHALLA MUHAMMAD YOUSIF TUMRANI P.O KUMB TAHSIL','923330202109',NULL,NULL,'4520577476865',NULL,0.0,NULL,NULL,NULL,NULL,'Sindh','QUEST NAWABSHAH','ELECT','KHAIR PUR','Inactive',NULL),(254055,'521409','14220',1,'ALI REHMAN','alirehman65@yahoo.com','2166 A/1 ABDALI ROAD MOHALLAH SHANA SAAZ NEAR CHOWK FAWARA MULTAN.','923007369769',NULL,NULL,'3630221385821',NULL,0.0,NULL,NULL,NULL,NULL,'Punjab','NFC, IET,  MULTAN (BZU)','CHEM','MULTAN','Inactive',NULL),(254056,'321689','25727',1,' WASEEM AKRAM','wasi.engr49@gmail.com','HOUSE#4-A, IQBAL ST#34, GARHI SHAHU  LAHORE','03454764693',NULL,NULL,'3520272572835',NULL,0.0,NULL,NULL,NULL,NULL,'Punjab','THE UNIVERSITY OF LAHORE,  LAHORE','MECH','LAHORE','Inactive','house no 4a, iqbal street no 34 garhi shahu lahore'),(254057,'952948','68509',1,'Muhammad Tayyab Farooq','muhammadtayyabf2@gmail.com','H#09 St#12 local Abadi civil officers colony road thana mirpur, Abbottabad','03350227868',NULL,NULL,'1310110917777',NULL,0.0,NULL,NULL,NULL,NULL,'KPK','COMSATS IIT, ISLAMABAD (ABBOTTABAD CAMPUS)','ELECT','ABBOTTABAD','Inactive',NULL),(254058,'405717','39999',1,'MUHAMMAD RAHEEL AFRIDI','engr_raheel92@yahoo.com','AFRIDI HOUSE NEAR SUI GAS OFFICE, EID GAH ROAD FAQIRABAD, PESHAWAR.','923459028032',NULL,NULL,'1730140790789',NULL,0.0,NULL,NULL,NULL,NULL,'KPK','CECOS UNIVERSITY OF IT & ES PESHAWAR','CIVIL','PESHAWAR','Inactive',NULL),(254059,'243258','35746',1,' ALTAF AHMED','ALTAF.PECHUHO@GMAIL.COM','Block-B Bungalow no','03083232249',NULL,NULL,'4320339432993',NULL,0.0,NULL,NULL,NULL,NULL,'Sindh','QUEST NAWABSHAH','CIVIL','LARKANA','Inactive','Block-B House no 20 wakeel colony larkana'),(254060,'784562','47786',1,'Abdul Ghaffar','agwazir@gmail.com','Waziristan General store, Street# L, Sabzali town, Warsak Road peshawar, KPK','03043280788',NULL,NULL,'2170197419703',NULL,0.0,NULL,NULL,NULL,NULL,'KPK','BUITEMS, QUETTA (TAKATOO CAMPUS)','CIVIL','PESHAWAR','Inactive',NULL),(254061,'637231','25183',1,'imran almani','imranalmani@yahoo.com','Flat no.506, Karachi Beach Residency, Block 3, Clifton Karachi','03327898240',NULL,NULL,'4130304462945',NULL,0.0,NULL,NULL,NULL,NULL,'Sindh','THE UNIVERSITY OF LEEDS UK','ELECTRO','KARACHI','Inactive',NULL),(254062,'668508','35542',1,'Ali Raza Abbasi','engr.aliraza78@yahoo.com','Flat#122, Block F1, Sunny Pride , Johar Morh Karachi .','03063396559',NULL,NULL,'4520894206905',NULL,0.0,NULL,NULL,NULL,NULL,'Sindh','QUEST NAWABSHAH','MECH','RANI PUR','Inactive',NULL),(254063,'1206471','78667',1,'Arslan Aman','arslanaman009@gmail.com','House 121 Main Street Qasim Park Extention University Road Sargodha','03415799619',NULL,NULL,'3840322375019',NULL,0.0,NULL,NULL,NULL,NULL,'Punjab','COMSATS University Islamabad (Wah Campus)','ELECT','SARGODHA','Inactive',NULL),(254064,'758648','46579',1,'Adnan Khan','engradnan2017@gmail.com','Village NawayKaly,P/O Kota, Tehsil Barikot, District Swat, Khyber Pakhtunkhwa.  ','03439181940',NULL,NULL,'1560232338475',NULL,0.0,NULL,NULL,NULL,NULL,'KPK','SUS&IT, PESHAWAR','CIVIL','SWAT','Inactive',NULL),(254065,'773397','00046',1,'Ali Nawaz','nawazsindhu786@gmail.com','House 4, street C, Z-Block Peoples Colony Khanewal','03007698909',NULL,NULL,'3320391676427',NULL,0.0,NULL,NULL,NULL,NULL,'Punjab','UNIVERSITY OF AGRICULTURE, FAISALABAD','ENERGY','KHANEWAL','Inactive',NULL),(254066,'275030','29185',1,' AWAIS AHMED','awais8421@gmail.com','H # PD-125 ST # 4 MOH','03165120835',NULL,NULL,'3740532492895',NULL,0.0,NULL,NULL,NULL,NULL,'Punjab','FUUAST, ISLAMABAD','ELECT','RAWALPINDI','Inactive',NULL),(254067,'1189532','75939',1,'Hassaan Ahmed Khan','hassaan.niazi.hn@gmail.com','House No','03068842787',NULL,NULL,'3830248691261',NULL,0.0,NULL,NULL,NULL,NULL,'Federal','COMSATS University Islamabad (Main Campus)','ELECT','ISLAMABAD','Inactive',NULL),(254068,'426426','55292',1,'RASHID ALI','rashid_400@yahoo.com','HOUSE NO. E-19, PINSTECH COLONY NILORE ISLAMABAD','03100123670',NULL,NULL,'6110192208203',NULL,0.0,NULL,NULL,NULL,NULL,'Federal','CASE, ISLAMABAD (UET TAXILA)','ELECT','ISLAMABAD','Inactive',NULL),(254069,'603914','33422',1,'Waleed Bin Zahid','alyan.zahid07@gmail.com','Khurram Manzil Near Jamia Ghosia Mosque Main airport road Dhoke Hafiz P.O raja town Rawalpindi','03320592325',NULL,NULL,'3740562697619',NULL,0.0,NULL,NULL,NULL,NULL,'Punjab','MAJU,KARACHI (MAJU, ISLAMABAD CAMPUS)','MECH','RAWALPINDI','Inactive',NULL),(254070,'1122698','70034',1,'Ahmad Hassan','ahmadhassanuetlhr@gmail.com','House No. 17, Feroz Park, Shadbagh, Lahore','03249416454',NULL,NULL,'3520273514165',NULL,0.0,NULL,NULL,NULL,NULL,'Punjab','UET, LAHORE','ELECT','LAHORE','Inactive',NULL),(254071,'277915','30967',1,' MANAN SHAFQAT','mananshafqat@hotmail.com','House No. 644-D, Millat Town, Faisalabad.','03216644705',NULL,NULL,'3310092433629',NULL,0.0,NULL,NULL,NULL,NULL,'Punjab','THE UNIVERSITY OF FAISALABAD','ELECT','FAISALABAD','Inactive',NULL),(254072,'1203833','77766',1,'Jawad Ali','jawwad251@gmail.com','House # 658 Sadar Bazar, Attock Cantt','03005605659',NULL,NULL,'3710172000171',NULL,0.0,NULL,NULL,NULL,NULL,'Punjab','COMSATS University Islamabad (Attock Campus)','ELECT','ATTOCK','Inactive',NULL),(254073,'277052','31285',1,' MUHAMMAD MUJTABA IFTAKHAR','mujtabaiftakhar42@gmail.com','P-687 ZEESHAN ROAD BHATTI STREET KHAYABAN COLONY # 2, MADINA TOWN, FAISALABAD','03356519504',NULL,NULL,'3310565543039',NULL,0.0,NULL,NULL,NULL,NULL,'Punjab','THE UNIVERSITY OF FAISALABAD','ELECT','FAISALABAD','Inactive',NULL),(254074,'405611','40063',1,'MUHAMMAD SAQIB','m_saqibshah@hotmail.com','Askari 6 # House #252 , street #9 ,\nNasirbaghroad,  peshawar','03339933947',NULL,NULL,'1720102992525',NULL,0.0,NULL,NULL,NULL,NULL,'KPK','CECOS UNIVERSITY OF IT & ES PESHAWAR','CIVIL','PESHAWAR','Inactive',NULL),(254075,'292034','45396',1,' USMAN ABBAS','USMANABBAS98@GMAIL.COM','H.NO.506, ST.NO.4, MODEL TOWN HUMAK SHARQI KAHUTTA ROAD, ISLAMABAD','03369907147',NULL,NULL,'6110138786797',NULL,0.0,NULL,NULL,NULL,NULL,'Federal','AIR UNIVERSITY, ISLAMABAD','ELECT','ISLAMABAD','Inactive',NULL),(254076,'213395','06582',1,' SHAHZADAH IRSHAD','dr.s.irshad.sll@gmail.com','A-83,PIONEER PRK CITY,GULISTAN-E-JAUHAR,KARACHI,PAKISTAN','03442498898',NULL,NULL,'6110178338467',NULL,0.0,NULL,NULL,NULL,NULL,'Sindh','U.S.A','CIVIL','KARACHI EAST','Inactive',NULL),(254077,'1155330','38692',1,'Daniyal Aftab','daniyalaftab5@gmail.com','House No. 1790, Street No. 75, I-10/1, Islamabad','03115444661',NULL,NULL,'6110165239759',NULL,0.0,NULL,NULL,NULL,NULL,'Federal','HITEC University, Taxila Cantt','MECH','ISLAMABAD','Inactive',NULL),(254078,'878544','69963',1,'Shaheer Ahmed','shaheerabb@outlook.com','House No. R-124, Opposite jamali Center, Shanti Nagar, Gulshan e Iqbal Block 19, Karachi','03133690393',NULL,NULL,'4320355627115',NULL,0.0,NULL,NULL,NULL,NULL,'Sindh','DHA SUFFA UNIVERSITY, KARACHI ','ELECT','KARACHI EAST','Inactive',NULL),(254079,'305044','09807',1,' AHSEN MUBARIK','ahsenmubarik@gmail.com','15-A-1  NEW MUSLIM TOWN LAHORE','03004279424',NULL,NULL,'3520227024945',NULL,0.0,NULL,NULL,NULL,NULL,'Punjab','UET, LAHORE','MECH','LAHORE','Inactive',NULL),(254080,'402657','51222',1,'SAJJAD ASLAM','sajjadaslam011@hotmail.com','JAJJAL P/O KHAS TEHSIL CHUNIAN DISTRICT KASUR','09230748992',NULL,NULL,'3510111519893',NULL,0.0,NULL,NULL,NULL,NULL,'Punjab','RCET, GUJRANWALA (UET, LAHORE)','ELECT','KASUR','Inactive',NULL),(254081,'367842','03875',1,' HASEEB BALOCH','engr.haseebbaloch@gmail.com','Akbar Goods Transport Company near Benazir Park, Old Golimar, Mangoh pir road, Haji Saleh Mohammad Village, Karachi west','03212331624',NULL,NULL,'5210195385299',NULL,0.0,NULL,NULL,NULL,NULL,'Sindh','UET, LAHORE','METAL','KARACHI','Inactive',NULL),(254082,'245011','37683',1,' MUHAMMAD WASEEM','m.wasi94@gmail.com','P/O MOH','03469189457',NULL,NULL,'1730164755027',NULL,0.0,NULL,NULL,NULL,NULL,'KPK','SUS&IT, PESHAWAR','CIVIL','PESHAWAR','Inactive',NULL),(254083,'1181427','71539',1,'Suhail','suhailkumar7@gmail.com','Gulab Tailor Master opposite National Bank of Pakistan (NBP), Samaro Town, Tehsil Samaro, District Umerkot, Sindh','03342450642',NULL,NULL,'4410655657001',NULL,0.0,NULL,NULL,NULL,NULL,'Sindh','Bahria University, Islamabad (Main Campus)','ELECT','UMER KOT','Inactive',NULL),(254084,'275254','30326',1,' QAISER IQBAL','engr.qaiser@hotmail.com','H # F/22 STAFF COLONY MIRPUR AJK ','03455473873',NULL,NULL,'8130205446119',NULL,0.0,NULL,NULL,NULL,NULL,'AJK','AASUCET,MIRPUR (UAJK-MUZAFFARABAD)','ELECT','MIRPUR','Inactive',NULL),(254085,'230393','23523',1,' ABDUR RAHMAN','AREHMAN@PEC.ORG.PK','P.O & TEH; SHABQADAR DISTT','03469002910',NULL,NULL,'1710103842975',NULL,0.0,NULL,NULL,NULL,NULL,'KPK','NWFP-UET, PESHAWAR.','CIVIL','CHARSADDA','Inactive',NULL),(254086,'679657','44840',1,'Talha Mustafa','talhamustafa93@gmail.com','Flat-07 , Al-Ahmed Villa , SB-59 , Block-13/b , Gulshan-e-Iqbal , Karachi','03472824315',NULL,NULL,'4220196820119',NULL,0.0,NULL,NULL,NULL,NULL,'Sindh','NED-UET, KARACHI.','CIVIL','KARACHI','Inactive',NULL),(254087,'1201816','78443',1,'Muhammad Ahmed','muhammadahmed9175@gmail.com','B-47 Chota Gate near Airport behind N3 Pump Karachi','03233268055',NULL,NULL,'4220188194729',NULL,0.0,NULL,NULL,NULL,NULL,'Sindh','Bahria University, Islamabad (Karachi Campus)','ELECT','KARACHI EAST','Inactive',NULL),(254088,'658844','66729',1,'Alp Arslan Nadeem','arslannadeem29@gmail.com','91-E1 Valencia Housing Society, Lahore','03014461323',NULL,NULL,'3520234844741',NULL,0.0,NULL,NULL,NULL,NULL,'Punjab','SEECS, ISLAMABAD(NUST)','ELECT','LAHORE','Inactive',NULL),(254089,'1176971','70637',1,'INAM UR REHMAN SHAHID','inams5379@gmail.com','HOUSE NO. DT-180 ISLAMIA STREET NEAR HBL SADIQABAD, RAWALPINDI','03455166035',NULL,NULL,'3740592777061',NULL,0.0,NULL,NULL,NULL,NULL,'Punjab','Air University, Islamabad','ELECT','RAWALPINDI','Inactive',NULL),(254090,'377800','01356',1,' RASHID MAHMOOD','rashid4best@hotmail.com','MicroTech Industries (Pvt.) Ltd. Attari Industrial Estate, Plot # 2, Street # 2 18 KM. Ferozepur Road, Lahore, Pakistan','03004001036',NULL,NULL,'3520112651661',NULL,0.0,NULL,NULL,NULL,NULL,'Punjab','IET, LAHORE CAMPUS (AIOU ISLAMABAD)','TELE','LAHORE','Inactive',NULL),(254091,'242720','36241',1,' ABDUL MOHAYMIN','sahito.mohaymin@gmail.com','C24, Street 4, Block IV, Chapal Sun City, Kiran Hospital Road, Scheme 33, Karachi','03337531881',NULL,NULL,'4320359792337',NULL,0.0,NULL,NULL,NULL,NULL,'Sindh','MUET, JAMSHORO','CIVIL','KARACHI MALIR','Inactive',NULL),(254092,'247804','13019',1,' FAWAD QADIR','FAWADQADIR001@YAHOO.COM','P.O.MORI, VIA PIRYALOI, DISTT. KHAIRPUR MIRS.','03002462705',NULL,NULL,'4520303507853',NULL,0.0,NULL,NULL,NULL,NULL,'Sindh','MUET, JAMSHORO','ELECT','KHAIR PUR','Inactive',NULL),(254093,'404423','40749',1,'MUHAMMAD ZEESHAN','mzeeshan.21@gmail.com','HOUSE # 8-A, RAJPUT TOWN CANAL BANK ROAD LAHORE','923315357853',NULL,NULL,'3830315559365',NULL,0.0,NULL,NULL,NULL,NULL,'Punjab','UET, TAXILA.','CIVIL','LAHORE','Inactive',NULL),(254094,'577140','42766',1,'Abid Ali','abidaliuet20@gmail.com','vill bada p/o kabgani tehsil topi distt swabi, tcs /ocs karhanu swabi','03159312358',NULL,NULL,'1620303591781',NULL,0.0,NULL,NULL,NULL,NULL,'KPK','NWFP-UET, PESHAWAR.','CIVIL','SWABI','Inactive',NULL),(254095,'112','40507',1,'FAZLI WAHEED','fazliwaheed74@gmail.com','P.O THANA MOHALLAH BAKHTA NEAR WAPDA OFFICE TEHSIL BATKHELA DISTRICT MALAKAND KPK','03439605474',NULL,NULL,'1540285068647',NULL,0.0,NULL,NULL,NULL,NULL,'KPK','UNIVERSITY OF WAH, WAH CANTT','CIVIL','MALAKAND AGENCY','Inactive',NULL),(254096,'414239','41300',1,'AMMAR RIZWAN','ammar_kasbati@hotmail.com','FLAT NO #101 PLOT -18/3 MAKKAH CLASSIC, C.P & AND  BERAR CHS, STREET #2 BLOCK 3, SHARAFABAD, KARACHI','03337134241',NULL,NULL,'4220162426429',NULL,0.0,NULL,NULL,NULL,NULL,'Sindh','NED-UET, KARACHI.','CIVIL','KARACHI','Inactive',NULL),(254097,'662361','44295',1,'Daniyal Akhtar','daniyal.akhter@gmail.com','H#604, Block C Central-Ave-North NFC Housing Society, Lahore.','03458484857',NULL,NULL,'3520218400917',NULL,0.0,NULL,NULL,NULL,NULL,'Punjab','THE UNIVERSITY OF LAHORE,  LAHORE','CIVIL','LAHORE','Inactive',NULL),(254098,'1181659','52025',1,'Adeel Muhammad','adeelmohammad_92@yahoo.com','House #50, Block A1, T&T Green Acres Housing Society, Lahore','03320499452',NULL,NULL,'4550484374137',NULL,0.0,NULL,NULL,NULL,NULL,'Punjab','University of South Asia, Lahore','CIVIL','LAHORE','Inactive',NULL),(254099,'457754','41515',1,'BILAL AMROZ','bilalkhanmohmand72@gmail.com','AFZAL IMAM COLONY NEAR POST OFFICE TEHSIL','923005734554',NULL,NULL,'1610220554021',NULL,0.0,NULL,NULL,NULL,NULL,'KPK','BUET, KHUZDAR.','CIVIL','TAKHT BAI','Inactive',NULL),(254100,'372722','01612',1,' UMAR ANJUM','umar2472@hotmail.com','H 187, ST 17, IBECHS, PAKISTAN TOWN (PH 1), ISLAMABAD ','03345264332',NULL,NULL,'6110183986533',NULL,0.0,NULL,NULL,NULL,NULL,'Federal','CAE, RISALPUR. (NUST)','AERO','ISLAMABAD','Inactive',NULL),(254101,'274653','45843',1,' JALAL KHAN KUNDI','jalal.kundi1991@gmail.com','Mr family flat 208 G15 markaz islamabad','03155347109',NULL,NULL,'1210109537359',NULL,0.0,NULL,NULL,NULL,NULL,'Federal','COMSATS-IIT, ISLAMABAD','ELECT','ISLAMABAD','Inactive',NULL),(254102,'575536','42647',1,'Shah Zaman','zamanuet@gmail.com','chairman office civil engineering department UET Taxila','03041246324',NULL,NULL,'3230447164153',NULL,0.0,NULL,NULL,NULL,NULL,'Punjab','UET, LAHORE','CIVIL','MUZAFFAR GARH','Inactive',NULL),(254103,'344676','22245',1,' SAAD ASHIQ','saad2548@gmail.com','HOUSE NO 3-B, HASHMI GARDEN, BAHAWALPUR ','03216836593',NULL,NULL,'3620242886801',NULL,0.0,NULL,NULL,NULL,NULL,'Punjab','UCET (THE ISLAMIA UNIVERSITY BAHAWALPUR)','ELECTRO','BAHAWALPUR','Inactive',NULL),(254104,'335768','08675',1,' SALMAN RAZZAQ','salman06chem36@gmail.com','ROOM#B-112 C-3/4,OFFICERS  HOSTEL#1,PAEC COLONY,P.O','03346533072',NULL,NULL,'3310073846413',NULL,0.0,NULL,NULL,NULL,NULL,'Punjab','UET, LAHORE (FAISALABAD CAMPUS)','CHEM','MIANWALI','Inactive',NULL),(254105,'385556','01681',1,'SUDHEER AHMED','SUDHEERAHMED14@GMAIL.COM','H#3, street#5, Niazi Colony near Iqbal super store Rahim Yar Khan','03213815980',NULL,NULL,'4510571273557',NULL,0.0,NULL,NULL,NULL,NULL,'Punjab','MUET, JAMSHORO','INDUS','RAHIM YAR KHAN','Inactive',NULL),(254106,'1195171','79307',1,'Talha Saleem','talha.saleem1994@gmail.com','House No 07, Street No 19, Mohallah Abdullahpur, Faisalabad.','03485285169',NULL,NULL,'3310098226335',NULL,0.0,NULL,NULL,NULL,NULL,'Punjab','The University of Faisalabad, Faisalabad','ELECT','FAISALABAD','Inactive',NULL),(254107,'576225','32983',1,'Adnan Ahmad','adnan546@gmail.com','Village & P.O Bhikhi Sharif, Mohallah Mughal Pura, Tehsil & District Mandi Bahauddin Cell# 03455796302','03455796302',NULL,NULL,'3440215150713',NULL,0.0,NULL,NULL,NULL,NULL,'Punjab','RCET, GUJRANWALA (UET, LAHORE)','MECH','MANDI BAHAUDDIN','Inactive',NULL),(254108,'679719','63519',1,'Adil Khan','adilkhan_20@yahoo.com','CB-5D, Hydari Town, Taxila Cantt, Rawalpindi','03030502356',NULL,NULL,'1330219268329',NULL,0.0,NULL,NULL,NULL,NULL,'Punjab','COMSATS-IIT ISLAMABAD (WAH CAMPUS)','ELECT','RAWALPINDI','Inactive',NULL),(254109,'338109','11066',1,' MUHAMMAD NAJEEULLAH','NAJEEQURESHI@HOTMAIL.COM','Flat# 303 3rd Floor Uzma Garden D Cruz Road Garden East Karachi','923312204956',NULL,NULL,'4550441499443',NULL,0.0,NULL,NULL,NULL,NULL,'Sindh','MUET, JAMSHORO','CHEM','KARACHI','Inactive',NULL),(254110,'1190856','75077',1,'Bilal Ali','bilalali6060@yahoo.com','House#.299,Street#.10,Hussain Block,Chak#.203R.B, 80 Murabba Faisalabad.','03247096060',NULL,NULL,'3310073323597',NULL,0.0,NULL,NULL,NULL,NULL,'Punjab','Government College University, Faisalabad','ELECT','FAISALABAD','Inactive',NULL),(254111,'297119','50332',1,' SHAHID IQBAL','Shahidiqbal164@gmail.com','Operation Supervisor, Punjab Mass-transit Authority, 5th floor Arfa Software Technology Park, Lahore','03007333309',NULL,NULL,'3230370915083',NULL,0.0,NULL,NULL,NULL,NULL,'Punjab','HITEC UNIVERSITY, TAXILA','ELECT','LAHORE','Inactive',NULL),(254112,'222817','38424',1,' MUHAMMAD WASIM','mwasim2k10@gmail.com','Germen House,ward no#10, Gali musjid khajoor wali,KAROR-LAL-EASON (DIST. LAYYAH)','03346039302',NULL,NULL,'3220294451771',NULL,0.0,NULL,NULL,NULL,NULL,'Punjab','UCET MULTAN (BZU).','CIVIL','LAYYAH','Inactive',NULL),(254113,'405270','13550',1,'SHAFIQ UZ ZAMAN','shafiq_zaman029@yahoo.com','SUN RAYS TEXTILE MILLS COLONY KHAN PUR BAGGA SHER M M ROAD MUZAFFARGARH','03086022645',NULL,NULL,'3320231488079',NULL,0.0,NULL,NULL,NULL,NULL,'Punjab','UET, LAHORE (FAISALABAD CAMPUS)','CHEM','JHANG','Inactive',NULL),(254114,'1200270','53643',1,'Muhammad Hamza','hamzatalhasandu12@gmail.com','House# 202 National Town Faisalabad Road Sargodha','03060471615',NULL,NULL,'3840399263347',NULL,0.0,NULL,NULL,NULL,NULL,'Punjab','Imperial College of Business Studies, Lahore','CIVIL','SARGODHA','Inactive',NULL),(254115,'744611','15828',1,'Muhammad Atif','atifjaved883@gmail.com','House # 3, street # 1, chirag sindhu colony, Okara','03352424018',NULL,NULL,'3530297907653',NULL,0.0,NULL,NULL,NULL,NULL,'Punjab','UET, LAHORE','CHEM','OKARA','Inactive',NULL),(254116,'286589','40068',1,' YASIR MAHMOOD','YASIR.MAHMOOD7@YAHOO.COM','H#963, ST-29 SECTOR G-9/1 ISLAMABAD ','',NULL,NULL,'6110170412409',NULL,0.0,NULL,NULL,NULL,NULL,'Federal','UET, TAXILA.','ELECT','ISLAMABAD','Inactive',NULL),(254117,'405047','40252',1,'RASHID ABBAS','raashid.abbas@gmail.com','House no 208 Street # 5 Sector E Sheikh Maltoon Town Mardan','03419094190',NULL,NULL,'1610233884531',NULL,0.0,NULL,NULL,NULL,NULL,'KPK','CECOS UNIVERSITY OF IT & ES PESHAWAR','CIVIL','MARDAN','Inactive',NULL),(254118,'282608','35886',1,' MASAB ANIS','massabanis@gmail.com','House No A-111 ,Street No 5  ShahWali Colony WahCantt   ','03335422454',NULL,NULL,'3740680778751',NULL,0.0,NULL,NULL,NULL,NULL,'Punjab','HITEC UNIVERSITY, TAXILA','ELECT','RAWALPINDI','Inactive','A-111 Shah Wali Colony Street 5 Wah  Cantt'),(254119,'563620','55712',1,'AMEEN ULLAH','ameenullahktk123@gmail.com','Village Masti Khan Banda P O Khojaki Killa Tehsil Takht-e-Nasrati Distt Karak','03479662993',NULL,NULL,'1420317069325',NULL,0.0,NULL,NULL,NULL,NULL,'KPK','NWFP-UET, PESHAWAR (BANNU CAMPUS)','ELECT','KARAK','Inactive',NULL),(254120,'235476','30370',1,' SANA ULLAH','ENGRSANAULLAHAWAN@GMAIL.COM','Bairoon Gate Kanerian wala Dera Ismail Khan','03365801100',NULL,NULL,'1210157801193',NULL,0.0,NULL,NULL,NULL,NULL,'KPK','NWFP-UET, PESHAWAR (BANNU CAMPUS)','CIVIL','DERA ISMAIL KHAN','Inactive','Bairoon Gate Kanerian Wala Dera Ismail Khan'),(254121,'336473','09475',1,' MUHAMMAD KHALIQ-U-ZAMAN','khaliq_zaman07@yahoo.com','Sun Rays Textile Mill Colony Khan Pur Bagga Sher District MuzaffarGarh','03067732642',NULL,NULL,'3320232524529',NULL,0.0,NULL,NULL,NULL,NULL,'Punjab','NFC, IET,  MULTAN (BZU)','CHEM','MUZAFFAR GARH','Inactive',NULL),(254122,'320361','24391',1,' RAFI ULLAH KATPAR','rafi_mech89@outlook.com','Katpar street Dokri Larkana','03337579558',NULL,NULL,'4320178442281',NULL,0.0,NULL,NULL,NULL,NULL,'Sindh','QUEST NAWABSHAH','MECH','LARKANA','Inactive',NULL),(254123,'217375','10106',1,' MOHAMMAD SALEEM KHAN','','Muhammad Saleem Khan (S.E PWD Rtd.), Upper Gojra near Al-Saif Plaza, Muzaffarabad, Azad Kashmir.','03459603490',NULL,NULL,'8210255530529',NULL,0.0,NULL,NULL,NULL,NULL,'Federal','UET, LAHORE','CIVIL','ISLAMABAD','Inactive',NULL),(254124,'760577','48267',1,'Adnan Ahmed','adnanahmed715@gmail.com','House no. 1098 P.I.B Colony karachi','03112393627',NULL,NULL,'4220160889945',NULL,0.0,NULL,NULL,NULL,NULL,'Sindh','NED-UET, KARACHI.','CIVIL','KARACHI EAST','Inactive',NULL),(254125,'222390','38290',1,' MUHAMMAD IRSHAD','IRSHAD.G3EC@GMAIL.COM','Development Branch DHA Gujranwala ','03318688186',NULL,NULL,'3230443628903',NULL,0.0,NULL,NULL,NULL,NULL,'Punjab','UCET MULTAN (BZU).','CIVIL','MUZAFFAR GARH','Inactive',NULL),(254126,'1202672','29191',1,'KAMRAN ALI','kama8893@gmail.com','Flat # 1A 9th Floor Taj Complex Block-A M.A Jinnah Road Karachi Sindh','03363426993',NULL,NULL,'4120164154985',NULL,0.0,NULL,NULL,NULL,NULL,'Sindh','Iqra University, Karachi Main Campus','ELECTRO','KARACHI EAST','Inactive',NULL),(254127,'222396','38296',1,' MIR MUHAMMAD','ALI.S.SHAIKH@GMAIL.COM','NAVEED COLONY OPP. THE CITY SCHOOL . KHAIRPUR MIR\'S','03337582155',NULL,NULL,'4520380070531',NULL,0.0,NULL,NULL,NULL,NULL,'Sindh','MUET, JAMSHORO','CIVIL','KHAIR PUR','Inactive',NULL),(254128,'1206323','54629',1,'Hamas Anwar','hamas10128@live.com','26/G/112 Gadwal 26 Area POF Wah Cantt Tehsil Taxila District Rawalpindi.','03153214917',NULL,NULL,'3740648382025',NULL,0.0,NULL,NULL,NULL,NULL,'Punjab','COMSATS University Islamabad (Wah Campus)','CIVIL','WAH CANTT','Inactive',NULL),(254129,'722866','48539',1,'Tehseen Ullah','engr.tehseenn@gmail.com','PO Box # 23010 , Village Dheri Alla Dhand ,Tehsil Batkhela, Distt','03458767025',NULL,NULL,'3740663409561',NULL,0.0,NULL,NULL,NULL,NULL,'KPK','UNIVERSITY OF WAH, WAH CANTT','CIVIL','MALAKAND AGENCY','Inactive',NULL),(254130,'377185','01803',1,' MUHAMMAD JUNAID KHAN','engineer_jk@yahoo.com','HOUSE # 288/A QAZIAN STREET RAILWAY ROAD BANNU ','03146880077',NULL,NULL,'1110169591125',NULL,0.0,NULL,NULL,NULL,NULL,'KPK','N/A','PETGAS','BANNU','Inactive',NULL),(254131,'242409','35354',1,' AHSEN ALEEM','50ALEEM@GMAIL.COM','H# 1057 mohallah kochi khan inside dabgari gate peshawar city ','00912560782',NULL,NULL,'1730109176581',NULL,0.0,NULL,NULL,NULL,NULL,'KPK','CECOS UNIVERSITY OF IT & ES PESHAWAR','CIVIL','PESHAWAR','Inactive',NULL),(254132,'240116','31408',1,' BILAL SAGHIR','bilalsaghir156@hotmail.com','House NO. 7, Street No. 10,NISHTER TOWN, DAROGHA WALA LAHORE.','03224055507',NULL,NULL,'3520173728883',NULL,0.0,NULL,NULL,NULL,NULL,'Punjab','UET, LAHORE','CIVIL','LAHORE','Inactive',NULL),(254133,'1224575','56935',1,'Jehanzeb Iqbal','jahanzaibk287@gmail.com','New Central Jail Road Near Chamba Guest House Street No. 02 Mohallah Jalwana Town Bahawalpur','03012949315',NULL,NULL,'3120253488317',NULL,0.0,NULL,NULL,NULL,NULL,'Punjab','Institute of Southern Punjab, Multan','CIVIL','BAHAWALPUR','Inactive',NULL),(254134,'1224787','56936',1,'Muhammad Ali Baloch','muhammadalibaloch32@gmail.com','49-Shah Faisal Colony Aqilpur road, Rajanpur ','03366151303',NULL,NULL,'3240333501915',NULL,0.0,NULL,NULL,NULL,NULL,'Punjab','Institute of Southern Punjab, Multan','CIVIL','RAJAN PUR','Inactive',NULL),(254135,'1049233','42363',1,'Arham Aziz','arham1294@gmail.com','18 J-1, WAPDA Town, Lahore','03214193512',NULL,NULL,'3520099679067',NULL,0.0,NULL,NULL,NULL,NULL,'Punjab','Robert Gordon University, U.K','MECH','LAHORE','Inactive',NULL),(254136,'221672','37116',1,' FAWAD MUQADAR','fawadmuqadar54@gmail.com','Sitara supreme city, sarghoda road ,samana road/samana pull, opp madina teaching hospital, faisalabad  0346-9039919','03469039919',NULL,NULL,'1730160632595',NULL,0.0,NULL,NULL,NULL,NULL,'KPK','QUEST NAWABSHAH','CIVIL','PESHAWAR','Inactive',NULL),(254137,'601897','14802',1,'Saif Ullah','saif.wec@gmail.com','Shabir House , House #CB-59,Street #15, Shah wali Colony,POF WAH CANTT, RAWALPINDI','03057372312',NULL,NULL,'3640288719463',NULL,0.0,NULL,NULL,NULL,NULL,'Punjab','UNIVERSITY OF WAH, WAH CANTT','CHEM','WAH CANTT','Inactive','House #CB-59,SStreet # 15-C, Shahwali Colony Basti, POF Wa h Cantt'),(254138,'383517','01489',1,' M. MUSHHOOD AMIN SIDDIQUI','mushhood.uettaxila@gmail.com','H.NO.C-5 STREET#20N QADAFFI STREET FATEH ABAD WAHDAT ROAD LAHORE.','03344177483',NULL,NULL,'3520260025769',NULL,0.0,NULL,NULL,NULL,NULL,'Punjab','	APCOMS, RAWALPINDI (NUML, ISLAMABAD)','MECHATRO','LAHORE','Inactive',NULL),(254139,'410313','00003',1,'WALEED BIN SOHAIL','coolwaleed_4@hotmail.com','H.NO 233/12 AIRPORT ROAD CHUNGI NO 1,NEAR HN SCHOOL JAMEELABAD, MULTAN','923007362101',NULL,NULL,'3630261437501',NULL,0.0,NULL,NULL,NULL,NULL,'Punjab','HIET, KARACHI( HAMDARD UNIVERSITY, KARACHI)','ENERGY','MULTAN','Inactive',NULL),(254140,'411458','52253',1,'MUTEE ULLAH KHAN','muteeullahkhan@gmail.com','HOUSE # 9-F/1, STREET NO. 3, ASI COLONY, SHALAMAR TOWN, CANTT,  LAHORE','03234107519',NULL,NULL,'3520175487087',NULL,0.0,NULL,NULL,NULL,NULL,'Punjab','THE UNIVERSITY OF LAHORE,  LAHORE','ELECT','LAHORE','Inactive',NULL),(254141,'1200216','18257',1,'Syed Mujtaba Haider','haiderpak77@yahoo.com','House no 7, Street 36, Jinnah Gardens Islamabad Post Office Korang Town','03315174179',NULL,NULL,'1350398998341',NULL,0.0,NULL,NULL,NULL,NULL,'Federal','Bahria University, Islamabad (Main Campus)','COMP','ISLAMABAD','Inactive','House 7, Street 36, Jinnah Gardens Islamabad'),(254142,'520765','41606',1,'HASNAIN MUSHTAQUE','hasnain.muet126@gmail.com','AHMED PETROLEUM PUMP SERVICES KHOSKI,DISTRICT BADIN','03332072444',NULL,NULL,'4110444080555',NULL,0.0,NULL,NULL,NULL,NULL,'Sindh','MUET, JAMSHORO','CIVIL','BADIN','Inactive',NULL),(254143,'272823','26751',1,' MUHAMMAD AWAIS','muhammad_awais_950@hotmail.com','House No.1088/P2 Baghdad Colony Near Wireless Station Rahim Yar Khan','03427325331',NULL,NULL,'3130389538993',NULL,0.0,NULL,NULL,NULL,NULL,'Punjab','UET, TAXILA.','ELECT','RAHIM YAR KHAN','Inactive',NULL),(254144,'815078','47116',1,'Umair Hussain Memon ','umairmemon102@gmail.com','C-424, Block-Three, Phase-One, Qasimabad, Hyderabad','03368373274',NULL,NULL,'4540376483095',NULL,0.0,NULL,NULL,NULL,NULL,'Sindh','MUET, JAMSHORO','CIVIL','HYDERABAD','Inactive',NULL),(254145,'288406','43130',1,' FAHAD AHMED','FAHADAHMED4617@GMAIL.COM','House # 51/1-A, Block D, PSIC housing society, Lahore Cantt, Lahore','03434699371',NULL,NULL,'3520248135801',NULL,0.0,NULL,NULL,NULL,NULL,'Punjab','THE UNIVERSITY OF LAHORE,  LAHORE','ELECT','LAHORE','Inactive','House # 51/1-A, Block D, PSIC Housing Society, Lahore Cantt, Lahore.'),(254146,'1180480','74993',1,'John Nawaz','john.05.jnm@gmail.com','Flat # 54 & 55, Sherbano Bagh, Madras Road, Garden West, Karachi.','03008252192',NULL,NULL,'4220105808763',NULL,0.0,NULL,NULL,NULL,NULL,'Sindh','Bahria University, Islamabad (Karachi Campus)','ELECT','KARACHI EAST','Inactive','Flat # 54 & 55, Sherbanoo Bagh, Madras Road, Garden West, Karachi'),(254147,'1180898','50129',1,'MUHAMMAD FAISAL RIAZ','faisalriaz3@yahoo.com','Office No.4 Ist Floor 7/C-1, Civic Center Opposite PTCL exchange Faisal town Lahore.','03233666035',NULL,NULL,'3520224217787',NULL,0.0,NULL,NULL,NULL,NULL,'Punjab','University of South Asia, Lahore','CIVIL','LAHORE','Inactive','House No.471-A, Block B, Faisal Town Lahore.'),(254148,'815738','65800',1,'ATIQ UR REHMAN','atiqkhantareen@gmail.com','Azim Medical Store, Band Road, Pishin','03003847081',NULL,NULL,'5430373289977',NULL,0.0,NULL,NULL,NULL,NULL,'Balochistan','COMSATS-IIT,ISLAMABAD (LAHORE CAMPUS)','ELECT','PISHIN','Inactive','AZIM MEDICAL STORE BUND ROAD PISHIN BALOCHISTAN'),(254149,'1177886','50132',1,'Muhammad Rehan Arif','rehan.arif615@gmail.com','House #43, Block C, Kyban-e-Sarwar, Dera Ghazi Khan.','03334893575',NULL,NULL,'3210288006571',NULL,0.0,NULL,NULL,NULL,NULL,'Punjab','University of South Asia, Lahore','CIVIL','DERA GHAZI KHAN','Inactive','House #484, Sector A2, Block 1, Township, Lahore.'),(254150,'521601','06627',1,'TALAL RAHEEM','talalraheem09@gmail.com','HOUSE NO. 72-C SATELLITE TOWN BAHAWALPUR','03037204164',NULL,NULL,'3120216394687',NULL,0.0,NULL,NULL,NULL,NULL,'Punjab','UCET (THE ISLAMIA UNIVERSITY BAHAWALPUR)','TELE','BAHAWALPUR','Inactive',NULL),(254151,'233545','26878',1,'ATIF HUSSAIN KHOKHAR','ahussaincivil@hotmail.com','H#80 Saray Choudary Atta Muhammad 142-Allama Iqbal Road Lahore ','03084668359',NULL,NULL,'3520113309225',NULL,0.0,NULL,NULL,NULL,NULL,'Punjab','UET, LAHORE','CIVIL','LAHORE','Inactive','House No.80 Saray Choudary Atta Muhammad 142-Allama Iqbal Road Near Dharampura Underpass Lahore, Pakistan.'),(254152,'295403','49343',1,' WALEED SHOUKAT','waleedshoukat125@gmail.com','415- KASHMIR BLOCK ALLAMA IQBAL TOWN  LAHORE ','03224276502',NULL,NULL,'3520206976483',NULL,0.0,NULL,NULL,NULL,NULL,'Punjab','NUCES, ISLAMABAD (LAHORE CAMPUS)','ELECT','LAHORE','Inactive','415 Kashmir Block Allama Iqbal Town, Lahore'),(254153,'414599','14019',1,'MUKESH KUMAR ','karmanimukesh44@hotmail.com','C/O King Kitab Ghar Mithi Thararkar','03480385067',NULL,NULL,'4430329188279',NULL,0.0,NULL,NULL,NULL,NULL,'Sindh','MUET, JAMSHORO','CHEM','THARPARKER','Inactive',NULL),(254154,'279429','32854',1,' HINA ZARGHAM','HINA.ZARGHAM@GMAIL.COM','H#117, Lane#2, Askari 9, Airport Road, Chaklala Rawalpindi','03345167601',NULL,NULL,'6110133261248',NULL,0.0,NULL,NULL,NULL,NULL,'Punjab','COMSATS-IIT, ISLAMABAD','ELECT','RAWALPINDI','Inactive',NULL),(254155,'207991','19410',1,' HAIDAR ALI','engrhaidarali@gmail.com','House # 79 , Street # 3 Sector F-10 Phase-VI Hayatabad Peshawar','03337166565',NULL,NULL,'1560203909121',NULL,0.0,NULL,NULL,NULL,NULL,'KPK','NWFP-UET, PESHAWAR.','CIVIL','PESHAWAR','Inactive','House 79 Street # 3 Sector F-10 Phase- VI Hayatabad Peshawar'),(254156,'1185336','41308',1,'Hammad Ahmad','hammad0312@gmail.com','H No 87 St No 10 Near Alqalam Model High School Yousaf Park Shahdara, Lahore','03214102212',NULL,NULL,'3520236863945',NULL,0.0,NULL,NULL,NULL,NULL,'Punjab','Imperial College of Business Studies, Lahore','MECH','LAHORE','Inactive',NULL),(254157,'235918','27653',1,' PERVAIZ ALAM','PERALAM@HOTMAIL.COM','House # G - 1109 Aziz Nagar Sector 11.5 Orangi Town Karachi. ','03452463903',NULL,NULL,'4240136246995',NULL,0.0,NULL,NULL,NULL,NULL,'Sindh','NED-UET, KARACHI.','CIVIL','KARACHI','Inactive',NULL),(254158,'773484','02802',1,'Qurat-Ul-Ain Shouket','quratulainshouket11@gmail.com','House#F-114/3, St#3, Phase#1, Officers Colony, Wah Cantt, Tehsil Taxila, District Rawalpindi','03325812353',NULL,NULL,'3740685353740',NULL,0.0,NULL,NULL,NULL,NULL,'Punjab','AIR UNIVERSITY, ISLAMABAD','MECHATRO','WAH CANTT','Inactive','House F-114/3, street 3, phase 1, Officers Colony, Wah Cantt'),(254159,'3714','50842',1,'MEHWISH SHOUKET','mehwishshouket@gmail.com','HOUSE#F114/3, STREET#3, OFFICER\'S COLONY, WAHCANTT','03085699564',NULL,NULL,'3740685362290',NULL,0.0,NULL,NULL,NULL,NULL,'Punjab','COMSATS-IIT ISLAMABAD (WAH CAMPUS)','ELECT','RAWALPINDI','Inactive',NULL),(254160,'1216888','57073',1,'ABDUL MOEEN AWAN','abdulmoeenawan@gmail.com','ADL-619, REHMAT STREET, LANE # 07, SADIQ TOWN, DHAMAAN SYEDAAN, ADYALA ROAD, RAWALPINDI','03170084483',NULL,NULL,'3710538197861',NULL,0.0,NULL,NULL,NULL,NULL,'Punjab','Muslim Youth University, Islamabad','CIVIL','RAWALPINDI','Inactive','ADL-619, REHMAT STREET, LANE#07, SADIQ TOWN, DHAMAAN SYEDAAN, ADYALA ROAD'),(254161,'225869','39436',1,' ABUBAKR SHOUKAT','abubakrsmd@gmail.com','MOH','03137178056',NULL,NULL,'3310501922275',NULL,0.0,NULL,NULL,NULL,NULL,'Punjab','INSTITUTE OF CIVIL ENGINEERING, ISLAMABAD(NUST ISLAMABAD)','CIVIL','FAISALABAD','Inactive',NULL),(254165,'1204543','42610',1,'Jawad Rabbi','jawad.rabbi26@gmail.com','House No. 2, Street No. 1, Wukala Colony, Near Technical College, Kohat Road, Peshawar.','03229066366',NULL,NULL,'1730130977767',NULL,0.0,NULL,NULL,NULL,NULL,'KPK','University of Engineering and Technology, Peshawar (Main Campus)','MECH','PESHAWAR','Inactive',NULL),(254166,'771200','26351',1,'Zeeshan Akhtar','engrmzeexhan@gmail.com','Malik house 5, Faisal street 1, Mudarsa qabool wala road, Lodhran','03027333343',NULL,NULL,'3620183157009',NULL,0.0,NULL,NULL,NULL,NULL,'Punjab','UET, TAXILA (CHAKWAL CAMPUS)','ELECTRO','LODHRAN','Inactive',NULL),(254168,'405551','55092',1,'HAFIZ MUHAMMAD JAHANZEB','hm_jahanzeb@yahoo.com','WAK GASS STREET, AL FAZAL TOWN, BHALWAL, DISTRICT SARGODHA','03006066245',NULL,NULL,'3840129860745',NULL,0.0,NULL,NULL,NULL,NULL,'Punjab','COMSATS-IIT ISLAMABAD (WAH CAMPUS)','ELECT','SARGODHA','Inactive',NULL),(254169,'1101321','49311',1,'Waqar Ashraf','waqar.gondal13@gmail.com','House.no 1368, Street.no 29, G-11/2 Islamabad','03408569682',NULL,NULL,'6110163152181',NULL,0.0,NULL,NULL,NULL,NULL,'Federal','INSTITUTE OF CIVIL ENGINEERING, ISLAMABAD(NUST ISLAMABAD)','CIVIL','ISLAMABAD','Inactive',NULL),(254170,'1198635','41441',1,'Muhammad Zain Ali','zainalijbd@gmail.com','House# 10 Block# 01 Sarwar Shaheed Road Jauharabad District Khushab Punjab Pakistan ','03000678244',NULL,NULL,'3840358492411',NULL,0.0,NULL,NULL,NULL,NULL,'Punjab','Ghulam Ishaq Khan Institute of Engineering Sciences and Technology, Topi - Swabi','MECH','KHUSHAB','Inactive',NULL),(254171,'1217948','81844',1,'Umar Jameel','umarjameel1234@gmail.com','House# 2350/174, Street Qadri wali, Hafiz Jamal Road, Near Manzoor Abad Metro Station Multan.','03006394110',NULL,NULL,'3630224749585',NULL,0.0,NULL,NULL,NULL,NULL,'Punjab','Institute of Southern Punjab, Multan','ELECT','MULTAN','Inactive',NULL),(254172,'1217756','82127',1,'YASIR HUSSAIN','yasirmahesar7441@gmail.com','House no. 1738-77 Ward-A, Muhallah Galib Nagar Larkana, Sindh Pakistan','03153621303',NULL,NULL,'4320312353773',NULL,0.0,NULL,NULL,NULL,NULL,'Sindh','Quaid-e-Awam University College of Engineering, Science and Technology, Larkana (QUEST,Nawabshah)','ELECT','LARKANA','Inactive',NULL),(254173,'1217847','82059',1,'BAKHTAWAR','bakhtawer.abbasi1@gmail.com','Latif Colony, House no. 101/102, near Arafat Mosque, Muhalla Rehmat Pur, Larkano Sindh Pakistan','03433761756',NULL,NULL,'4320333168164',NULL,0.0,NULL,NULL,NULL,NULL,'Sindh','Quaid-e-Awam University College of Engineering, Science and Technology, Larkana (QUEST,Nawabshah)','ELECT','LARKANA','Inactive',NULL),(254174,'1218081','82269',1,'Awais Khan','awaiskhanmemon@gmail.com','C/O, Waqas Electric Store Opposite National Bank Of Pakistan Main Road Bhansaeedabad, Taluka Sehwan, Distt; Jamshoro Sindh.','03067444490',NULL,NULL,'4150603839523',NULL,0.0,NULL,NULL,NULL,NULL,'Sindh','Quaid-e-Awam University College of Engineering, Science and Technology, Larkana (QUEST,Nawabshah)','ELECT','JAMSHORO','Inactive',NULL),(254175,'1222977','56767',1,'Asad Khan','khanasadkhan8038@gmail.com','near wahabi masjid kushal bagh warsak road peshawar pakistan','03018321177',NULL,NULL,'2130241458349',NULL,0.0,NULL,NULL,NULL,NULL,'KPK','Abasyn University, Peshawar','CIVIL','PESHAWAR','Inactive',NULL),(254176,'412158','31684',1,'MUKESH','mukesh.rathore5045@gmail.com','Sitram vendors shop main bus stand City','03420381215',NULL,NULL,'4430123885221',NULL,0.0,NULL,NULL,NULL,NULL,'Sindh','MUET, JAMSHORO','MECH','HYDERABAD','Inactive',NULL),(254177,'339633','21752',1,' SYED MOOSA RAZA','MOOSA242@GMAIL.COM','H#10D/11-L, JAFRIA STREET SADIQIA ROAD GULGASHT COLONY MULTAN ','03152117112',NULL,NULL,'3630210415879',NULL,0.0,NULL,NULL,NULL,NULL,'Punjab','NFC, IET,  MULTAN (BZU)','ELECTRO','MULTAN','Inactive',NULL),(254178,'1179534','50678',1,'Muhammad Maad Raza','maadraza666@gmail.com','Cheena House, Chowk shah abbas chakki loharan wali Suraj kund road Multan','03366664002',NULL,NULL,'3630219119275',NULL,0.0,NULL,NULL,NULL,NULL,'Punjab','University of Engineering and Technology, Taxila (Main Campus)','CIVIL','MULTAN','Inactive',NULL),(254179,'1028190','50137',1,'Mirza Fraz Tahir','mirzafraztahir@gmail.com','39-D, Sultan Mehmood road, Shalimar town baghbanpura, Lahore','03244990417',NULL,NULL,'3520119095639',NULL,0.0,NULL,NULL,NULL,NULL,'Punjab','University of South Asia, Lahore','CIVIL','LAHORE','Inactive',NULL),(254180,'733272','15834',1,'Muhammad Abuzar Khan','abuzaralmani12@gmail.com','House No.53/A Lalazar Colony Satellite Town Jhang','03143409075',NULL,NULL,'3320383020863',NULL,0.0,NULL,NULL,NULL,NULL,'Punjab','SHARIF COLLEGE OF ENGINEERING & TECHNOLOGY (UET,LAHORE )','CHEM','JHANG','Inactive',NULL),(254181,'1180229','16811',1,'Yasir Mehmood','engryasir1418@gmail.com','H# 262/1 (CB-3159), Near Masque Hanfia Mehria, Street # 2, New Jan Colony, Tench Bhatta, Rawalpindi.','03135995933',NULL,NULL,'1430205061043',NULL,0.0,NULL,NULL,NULL,NULL,'Punjab','Mirpur University of Science and Technology, Mirpur (AJ&K)','COMP','RAWALPINDI','Inactive',NULL),(254182,'272558','26655',1,' FAKHAR ABBAS KHAN','fakharabbas14@gmail.com','House # 53-A , Lalazar colony Satellite Town Jhang ,Distt Jhang.','03009552574',NULL,NULL,'3320316095267',NULL,0.0,NULL,NULL,NULL,NULL,'Punjab','FUUAST, ISLAMABAD','ELECT','JHANG','Inactive',NULL),(254183,'308828','03913',1,' AKHTAR ABBAS KHAN','akhtaralmani@gmail.com','House # 53/A Lalazar Colony Satellite Town Jhang ','03008568230',NULL,NULL,'6110150704341',NULL,0.0,NULL,NULL,NULL,NULL,'Punjab','DCET, KARACHI (NED-UET)','CHEM','JHANG','Inactive',NULL),(254184,'1180658','28285',1,'Qaiser Shahzad','Qaisargondal913@gmail.com','St.no. 16 house no. zb 6305 ground flower compart nbr 2 Dhoke saffu Bangash Colony near imam Bargha Rawalpindi','03219970913',NULL,NULL,'3840183110101',NULL,0.0,NULL,NULL,NULL,NULL,'Punjab','University of Engineering and Technology, Taxila (Chakwal Campus)','ELECTRO','RAWALPINDI','Inactive',NULL),(254185,'322659','26660',1,' MUJAHID HUSSAIN','mujahid.vogue@gmail.com','Technoworks, Office#11, Khyber-IV, G-15 Markaz','03456700111',NULL,NULL,'1210390543213',NULL,0.0,NULL,NULL,NULL,NULL,'Federal','NWFP-UET, PESHAWAR.','MECH','ISLAMABAD','Inactive',NULL),(254186,'1205052','54639',1,'Saria Khan','sariaqureshi9@gmail.com','House # 696, Mohallah Jumma Shah, D I Khan, KPK, Pakistan','03049925584',NULL,NULL,'1210151730459',NULL,0.0,NULL,NULL,NULL,NULL,'KPK','Qurtuba University of Science and Information Technology, D.I.Khanchnology,','CIVIL','DERA ISMAIL KHAN','Inactive',NULL),(254187,'1122533','39573',1,'Muhammad Umair','umair35@me.ceme.edu.pk','D-1213 Lakha Street Ghariababad Sukkur Sindh','03043783664',NULL,NULL,'4550420185655',NULL,0.0,NULL,NULL,NULL,NULL,'Sindh','National University of Sciences and Technology, Islamabad - College of Electrical and Mechanical Engineering, Rawalpindi Campus','MECH','SUKKUR','Inactive',NULL),(254188,'263828','33501',1,' HAFIZ MEHROZ KHAN','hafiz.mehroz.khan@gmail.com','H # 2/17, St # 181, Iqbal street, Shah Kamal Road, Comboh Colony, Samanabad, Lahore','03334663449',NULL,NULL,'3520275410045',NULL,0.0,NULL,NULL,NULL,NULL,'Punjab','UNIVERSITY OF CENTRAL PUNJAB, LAHORE','ELECT','LAHORE','Inactive',NULL),(254189,'1199351','53274',1,'MUHAMMAD ISMAIL','ismailsher7429@gmail.com','KOT ROAD,VILLAGE ABDULLAH JAN , MOHALLA MUSLIM ABAD, WARD NO.10 TAKHT BHAI, mardan','03459273053',NULL,NULL,'1610234245243',NULL,0.0,NULL,NULL,NULL,NULL,'KPK','Iqra National  University, Peshawar (Formerly Iqra University, Karachi (Peshawar Campus)','CIVIL','MARDAN','Inactive',NULL),(254190,'836371','47490',1,'Abdullah','abdullahqamar4@gmail.com','Mohallah taju khel village and P.O kaddi district and tehsil swabi','03339559079',NULL,NULL,'1730172104045',NULL,0.0,NULL,NULL,NULL,NULL,'KPK','SARHAD UNIVERSITY OF SCIENCE AND INFORMATION\r\nTECHNOLOGY, PESHAWAR','CIVIL','SWABI','Inactive',NULL),(254191,'3221','39857',1,'SYED UMAIR RASHEED','umair5531@gmail.com','HOUSE NO 1252 STREET NO 10 GALI NO 10 I-10/2 ISLAMABAD','03455998553',NULL,NULL,'8210183037269',NULL,0.0,NULL,NULL,NULL,NULL,'Federal','Mirpur University of Science and Technology (MUST), Mirpur','CIVIL','ISLAMABAD','Inactive',NULL),(254192,'1216390','83636',1,'Nizam Uddin','nizamuddinmak@gmail.com','M-13 Ever shine Block# 10 Gulshan-e-Iqbal Karachi.','03333755401',NULL,NULL,'4220110500503',NULL,0.0,NULL,NULL,NULL,NULL,'Gilgit Baltistan','Indus University, Karachi','ELECT','HUNZA NAGAR','Inactive',NULL),(254193,'1215851','08662',1,'Mir Swad Ahmad','15mdtlc0733@uetpeshawar.edu.pk','mohallah kemalpur, village charbagh, tehsil charbagh, post office charbagh, distt','03429064251',NULL,NULL,'1560267577665',NULL,0.0,NULL,NULL,NULL,NULL,'KPK','University of Engineering and Technology, Peshawar (Mardan Campus)','TELE','SWAT','Inactive',NULL),(254194,'242796','36654',1,' SUFIAN AHMAD','AHMADSUFIAN77@YAHOO.COM','House 6/F-2, Rehman Baba Road, University Town, Peshawar.\nCell','03166399989',NULL,NULL,'1730167185227',NULL,0.0,NULL,NULL,NULL,NULL,'KPK','CECOS UNIVERSITY OF IT & ES PESHAWAR','CIVIL','PESHAWAR','Inactive',NULL),(254195,'1178419','71301',1,'Ali Muneer','mirzaali786.aa@gmail.com','HOUSE 25 , STREET 2 , BLOCK U , NEW MULTAN, MULTAN','03034807896',NULL,NULL,'3630220997411',NULL,0.0,NULL,NULL,NULL,NULL,'Punjab','NFC Institute of Engineering and Technology, Multan  ','ELECT','MULTAN','Inactive',NULL),(254196,'1080375','50760',1,'Sohail Ahmed','suhailahmedmemon92@gmail.com','Near Telenor Tower, Bhurgeri Colony, Lahori Muhalla, Larkana','03155855264',NULL,NULL,'4320366664143',NULL,0.0,NULL,NULL,NULL,NULL,'Sindh','Quaid-e-Awam University College of Engineering, Science and Technology, Larkana (QUEST,Nawabshah)','CIVIL','LARKANA','Inactive',NULL),(254197,'1208591','80742',1,'Danial Mehmood','danyalmalik1235@gmail.com','Village & P.O Sukka Tehsil Lawa District Chkawal','03355690915',NULL,NULL,'3720331418107',NULL,0.0,NULL,NULL,NULL,NULL,'Punjab','COMSATS University Islamabad (Attock Campus)','ELECT','CHAKWAL','Inactive',NULL),(254198,'759940','36188',1,'Arif Hussain','engineer.arifhussain@gmail.com','House No. D131 KAPCO Colony, Kot Addu District Muzaffargarh.','03431703240',NULL,NULL,'3210323204083',NULL,0.0,NULL,NULL,NULL,NULL,'Punjab','COMSATS,IIT ISLAMABAD (SAHIWAL CAMPUS)','MECH','MUZAFFAR GARH','Inactive',NULL),(254199,'1206612','54825',1,'DANIYAL ZAFAR','danizafar6@gmail.com','H# 2509, TAJIK STREET, NEAR LIAQUAT GENERAL STORE, GULBAHAR# 3, PESHAWAR','03161203928',NULL,NULL,'1730160005175',NULL,0.0,NULL,NULL,NULL,NULL,'KPK','Sarhad University of Science and Information Technology, Peshawar','CIVIL','PESHAWAR','Inactive',NULL),(254200,'1211293','55874',1,'Rizwan Saeed','riswansaeed@gmail.com','Gondal House, St# 9, behind Pakistan Post, Disposal Road, Wahdat Colony, Gujranwala ','03328714631',NULL,NULL,'3410159188015',NULL,0.0,NULL,NULL,NULL,NULL,'Punjab','National University of Sciences and Technology, Islamabad - Institute of Civil Engineering, Islamabad','CIVIL','GUJRANWALA','Inactive',NULL),(254201,'236617','30651',1,' MUHAMMAD HUSSNAIN','hussnain.fraz@yahoo.com','BASTI CHITTRA MOUZA FAIZ PUR P/O BINDA ISHAQ TEHSIL JATOI DISTRICT MUZAFFAERGARH','03337642982',NULL,NULL,'3230263111393',NULL,0.0,NULL,NULL,NULL,NULL,'Federal','UCET MULTAN (BZU).','CIVIL','ISLAMABAD','Inactive',NULL),(254202,'1190888','53457',1,'Faraz Abbas','s.farazabbas786@gmail.com','R-1 2/15, Qasba Colony, Manghopir Road, Karachi west, Karachi 75800','03112569208',NULL,NULL,'4240189339107',NULL,0.0,NULL,NULL,NULL,NULL,'Sindh','NED University of Engineering and Technology, Karachi','CIVIL','KARACHI WEST','Inactive',NULL),(254203,'1191896','17805',1,'Tahira Tariq','tahiratariq@outlook.com','A-203 Block-I, North Nazimabad, karachi','03213365494',NULL,NULL,'4210137661626',NULL,0.0,NULL,NULL,NULL,NULL,'Sindh','Bahria University, Islamabad (Main Campus)','COMP','KARACHI CENTRAL','Inactive',NULL),(254204,'1202179','18208',1,'Faiza Javaid','faizajavaid18@gmail.com','B 242 block D North Nazimabad Karachi','03422041861',NULL,NULL,'4210195714274',NULL,0.0,NULL,NULL,NULL,NULL,'Sindh','Bahria University, Islamabad (Karachi Campus)','COMP','KARACHI CENTRAL','Inactive',NULL),(254205,'2731','39803',1,'MUHAMMAD SALMAN','muhammadsalman021@gmail.com','MOHALLAH YOUNAS KHEL VPO BAMKHEL TEHSIL AND DISTRICT SWABI, KPK','03449219761',NULL,NULL,'1620247080529',NULL,0.0,NULL,NULL,NULL,NULL,'KPK','CECOS UNIVERSITY OF IT & ES PESHAWAR','CIVIL','SWABI','Inactive',NULL),(254206,'1216400','57118',1,'Ahmad Umar Farooq Malik','umarf4746@gmail.com','Al-Farooq, College Road, Sharaqpur Sharif.','03334792121',NULL,NULL,'3540178209823',NULL,0.0,NULL,NULL,NULL,NULL,'Punjab','University of Engineering and Technology, Lahore (Main Campus)','CIVIL','SHEIKHUPURA','Inactive',NULL),(254207,'222267','38253',1,'  SOORAJ KUMAR','soorajlalwani43@gmail.com','flat #08 plot#244 sheet 1 upper gizri karachi','03363105005',NULL,NULL,'4110408376861',NULL,0.0,NULL,NULL,NULL,NULL,'Sindh','MUET, JAMSHORO','CIVIL','BADIN','Inactive',NULL),(254208,'1225565','83698',1,'Muhammad Jamal Khattak','mjkhattakpak100@gmail.com','H# 5/16-A, Defence Officers Colony, Attock Cantt','03215109100',NULL,NULL,'3740494045109',NULL,0.0,NULL,NULL,NULL,NULL,'Punjab','COMSATS University, Islamabad (Attock Campus)','ELECT','ATTOCK','Inactive',NULL),(254209,'1185676','51086',1,'behzad afridi','behzadafr@gmail.com','house number # 994 , street # 38 , sector D-4 , phase 1, hayatabad peshawar','03349204140',NULL,NULL,'2120266021161',NULL,0.0,NULL,NULL,NULL,NULL,'KPK','Gandhara Institute of Science & Technology, PGS Engineering College Peshawar (University of Engineering & Technology, Peshawar)','CIVIL','PESHAWAR','Inactive',NULL),(254210,'910871','49385',1,'Robaid Ali','engr.robaidali@gmail.com','SHAHZAD MOBILE ZONE GREEN CHOWK MINGORA SWAT KPK\n\n\n','03463102320',NULL,NULL,'1550544321909',NULL,0.0,NULL,NULL,NULL,NULL,'KPK','SIR SYED UNIVERSITY OF ENGINEERING & TECHNOLOGY, KARACHI','CIVIL','SHANGLA','Inactive',NULL),(254211,'1203305','54072',1,'Syed Muhammad Taha','smtaharayaz@gmail.com','B111 Block 13D gulshan-e-iqbal Karachi.','03233322487',NULL,NULL,'4220195731069',NULL,0.0,NULL,NULL,NULL,NULL,'Sindh','NED University of Engineering and Technology, Karachi','CIVIL','KARACHI EAST','Inactive',NULL),(254212,'1181608','50111',1,'Muhammad Ahmad Rana','ahmadinfinity@live.com','FA-32 Wahdat Colony Lahore.','03354304147',NULL,NULL,'3520252074277',NULL,0.0,NULL,NULL,NULL,NULL,'Punjab','University of South Asia, Lahore','CIVIL','LAHORE','Inactive',NULL),(254213,'1198624','41453',1,'Arslan Zafar','zarslan255@gmail.com','House No. 120 Block 4 Sector D1 Township Lahore.','03026215894',NULL,NULL,'3520226405989',NULL,0.0,NULL,NULL,NULL,NULL,'Punjab','Ghulam Ishaq Khan Institute of Engineering Sciences and Technology, Topi - Swabi','MECH','LAHORE','Inactive',NULL),(254214,'1209593','79935',1,'Waseet Ahmad','waseetzaheer@gmail.com','HOUSE NO. A-82, NEAR MARKAZI JAMIA MASJID, ATTOCK CITY ','03215767173',NULL,NULL,'3710122062109',NULL,0.0,NULL,NULL,NULL,NULL,'Punjab','COMSATS University Islamabad (Attock Campus)','ELECT','ATTOCK','Inactive',NULL),(254215,'1202815','42311',1,'Arhaam Mubarak','arhaamcust@gmail.com','House no. 1451, street 10, sector 4, Ubaid road, B-block, AECHS, Rawalpindi','03369558129',NULL,NULL,'3520035078863',NULL,0.0,NULL,NULL,NULL,NULL,'Punjab','Capital University of Science and Technology Islamabad (Muhammad Ali Jinnah University, Karachi)','MECH','RAWALPINDI','Inactive',NULL),(254216,'898967','66291',1,'Toqeer Ahmed','toqeerahmed_ee@yahoo.com','Block B-5 flat No.28 PIMS Colony G-8/3 Islamabad','03088933366',NULL,NULL,'6110104712947',NULL,0.0,NULL,NULL,NULL,NULL,'Federal','HAMDARD INSTITUTE OF ENGINEERING AND TECHNOLOGY, ISLAMABAD CAMPUS (HAMDARD UNIVERSITY, KARACHI)','ELECT','ISLAMABAD','Inactive',NULL),(254217,'225938','39464',1,' MUHAMMAD USMAN ','musman.bsce@gmail.com','House # 18 Naveed Garden, Sheikhupur Road, Faisalabad','03022400300',NULL,NULL,'3330372392485',NULL,0.0,NULL,NULL,NULL,NULL,'Punjab','THE UNIVERSITY OF LAHORE,  LAHORE','CIVIL','FAISALABAD','Inactive',NULL),(254218,'878168','47704',1,'Wali Muhammad','khosowalimuhammad@yahoo.com','Khoso House New Madina colony, near Bakrani Tower, Larkana','03313480765',NULL,NULL,'4320338864155',NULL,0.0,NULL,NULL,NULL,NULL,'Sindh','QUAID-E-AWAM UNIVERSITY OF ENGINEERING SCINCE & TECHNOLOGY , NAWABSHAH','CIVIL','LARKANA','Inactive',NULL),(254219,'909613','47999',1,'Mirza Muhammad Aleem Baig','mirzaaleem269@gmail.com','FLAT NO A1-202 COUNTRY APARTMENT SECTOR 16-B SCHEME 33 GULZAR-E-HIJRI KARACHI.','03340275831',NULL,NULL,'4410302880119',NULL,0.0,NULL,NULL,NULL,NULL,'Sindh','NED-UET, KARACHI.','CIVIL','KARACHI','Inactive',NULL),(254220,'1189981','75788',1,'ABDUL RAMEEZ RAJA','RAMEEZHAMEED169@GMAIL.COM','Shah abdaal colony mohallah bowli near abid karyana store sialkot','03413258966',NULL,NULL,'3460314925745',NULL,0.0,NULL,NULL,NULL,NULL,'Punjab','University of Engineering and Technology, Taxila (Main Campus)','ELECT','SIALKOT','Inactive',NULL),(254221,'591021','45245',1,'Turab Ali ','engrturabali35@gmail.com','Turab Ali c/o Tofique Ahmed Shaikh Senior Auditor (AE section) CNA 14, liaquat barracks near lucky star saddar Karachi ','03342865877',NULL,NULL,'4220132039409',NULL,0.0,NULL,NULL,NULL,NULL,'Sindh','QUAID-E-AWAM UNIVERSITY COLLEGE OF ENGINEERING, SCIENCE & TECHNOLOGY, LARKANA (QUEST, NAWABSHAH)','CIVIL','KARACHI','Inactive',NULL),(254222,'321924','25814',1,' MUHAMMAD JUNAID','junaid2721@hotmail.com','C/O WARIS KHAN FANCY SHOES KUWAIT MARKET SADDAR BAZAR TAKHT BHAI MARDAN KPK','03459346473',NULL,NULL,'1610259449509',NULL,0.0,NULL,NULL,NULL,NULL,'KPK','NWFP-UET, PESHAWAR.','MECH','MARDAN','Inactive',NULL),(254223,'1196115','41673',1,'Siraj Ahmed','sirajali13me63@gmail.com','Main Airport road near Haroon Hollio Hotel Hajano House, Allahabad larkana ','03313499404',NULL,NULL,'4320303099863',NULL,0.0,NULL,NULL,NULL,NULL,'Sindh','Quaid-e-Awam University College of Engineering, Science and Technology, Larkana (QUEST,Nawabshah)','MECH','LARKANA','Inactive',NULL),(254224,'1211024','55160',1,'Muhammad Haroon','Muhammadharoon954@gmail.com','Shaheed Colony Dhakki, P.O','03049678088',NULL,NULL,'1710257163931',NULL,0.0,NULL,NULL,NULL,NULL,'KPK','University Of Engineering and Technology, Peshawar (Jalozai Capmus)','CIVIL','CHARSADDA','Inactive',NULL),(254225,'1208124','54865',1,'Fayaz Rashid','fayazrashid11@gmail.com','Mohallah Amir Nawshad, Village Kabal, Tehsil Kabal, District Swat.','03439399063',NULL,NULL,'1560201152483',NULL,0.0,NULL,NULL,NULL,NULL,'KPK','University Of Engineering and Technology, Peshawar (Jalozai Capmus)','CIVIL','SWAT','Inactive',NULL),(254226,'340825','13178',1,' IMRAN HAIDER LEGHARI','leghari007@gmail.com','House No 353 block no 19 Dera Ghazi Khan','03444440890',NULL,NULL,'3210260846063',NULL,0.0,NULL,NULL,NULL,NULL,'KPK','NFC, IET,  MULTAN (BZU)','CHEM','GHAZI','Inactive',NULL),(254227,'522001','33080',1,'ADNAN MAJEED','adnanmajeed14@gmail.com','Chak#170/GB, Kutruwal, Tehsil# Samundari, Distt# Faisalabad.','03324025040',NULL,NULL,'3310545478381',NULL,0.0,NULL,NULL,NULL,NULL,'Punjab','UNIVERSITY OF WAH, WAH CANTT','MECH','FAISALABAD','Inactive',NULL),(254228,'408030','40446',1,'HAFIZ ASHFAQ AHMAD','engr.ashfaq835@gmail.com','CHAK NO. 441/EB AZEEM ABAD BUREWALA DISTRICT VEHARI.','03027999911',NULL,NULL,'3660139251755',NULL,0.0,NULL,NULL,NULL,NULL,'Punjab','UNIVERSITY COLLEGE OF ENGINEERING, SCIENCES AND TECHNOLOGY, LAHORE ( LEADS UNIVERSITY, LAHORE)','CIVIL','VEHARI','Inactive',NULL),(254229,'1186324','73981',1,'Hafiz Muhammad Tahir Nisar','tnisar786@yahoo.com','House No 32/3  Old Area E1-A Water Tank No-07 57 EME  Gujranwala Cantt Gujranwala Pakistan.','03035815889',NULL,NULL,'3420282525209',NULL,0.0,NULL,NULL,NULL,NULL,'Punjab','NFC Institute of Engineering & Fertilizer Research, Faisalabad (University of Engineering and Technology, Lahore)','ELECT','GUJRANWALA','Inactive',NULL),(254230,'1186004','17823',1,'Muhammad Shahbaz','shahbazpg09@gmail.com','Basti Almani Mouza Chanwala Post Office Qasba Gujrat Tehsil Kot Addu District Muzaffargarh.','03337957683',NULL,NULL,'3230339527387',NULL,0.0,NULL,NULL,NULL,NULL,'Punjab','Institute of Chemical Engineering and Technology, Lahore (University of the Punjab, Lahore) (Quaid-e-Azam Campus)','CHEM','MUZAFFAR GARH','Inactive',NULL),(254231,'1209038','54737',1,'Adnan Haider','adnanhaider470@gmail.com','V.P.O Kheshgi Payan ,Mohallah Watozai ,District Nowshera , KPK','03335472787',NULL,NULL,'1720156506445',NULL,0.0,NULL,NULL,NULL,NULL,'KPK','COMSATS University Islamabad (Abbottabad Campus)','CIVIL','NOWSHERA','Inactive',NULL),(254232,'603245','43719',1,'Mohammad Awais Khan','avaiskhan007@yahoo.com','H#C/240 Mohallah Drub House Mardan','03409424847',NULL,NULL,'1610165462209',NULL,0.0,NULL,NULL,NULL,NULL,'KPK','NWFP-UET, PESHAWAR.','CIVIL','MARDAN','Inactive',NULL),(254233,'1225309','56975',1,'Atal','atal_yusuf@hotmail.com','house no# 291, street# 8, sector P-2 , phase 4 ,hayatabad , peshawar','03323400273',NULL,NULL,'1730120852253',NULL,0.0,NULL,NULL,NULL,NULL,'KPK','Gandhara Institute of Science & Technology, PGS Engineering College Peshawar (University of Engineering & Technology, Peshawar)','CIVIL','PESHAWAR','Inactive',NULL),(254234,'1217551','82392',1,'MUDASSIR HASHMI','mhashmi4564@gmail.com','C-151,CANTT BAZAR, MALIR CANTT, KARACHI. 75080','03352269123',NULL,NULL,'4240111847709',NULL,0.0,NULL,NULL,NULL,NULL,'Sindh','Usman Institute of Technology, Karachi(NED University of Engineering and Technology, Karachi)','ELECT','KARACHI MALIR','Inactive',NULL),(254235,'1210209','54822',1,'Ahsan Tariq','ahsan.tariq316@gmail.com','House # 65, Street # 3, Sector K-1, Phase 3, Hayatabad, Peshawar','03369172271',NULL,NULL,'1730112554979',NULL,0.0,NULL,NULL,NULL,NULL,'KPK','Sarhad University of Science and Information Technology, Peshawar','CIVIL','PESHAWAR','Inactive',NULL),(254236,'815527','47416',1,'MUHAMMAD SHOAIB SULEMAN','shoaibsuleman.ss@gmail.com','ABUZAR GENERAL STORE NEAR JADOON CHOWK, JAN MUAHAMMAD ROAD, QUETTA','03368042640',NULL,NULL,'5440042533701',NULL,0.0,NULL,NULL,NULL,NULL,'Balochistan','BUITEMS, QUETTA (TAKATOO CAMPUS)','CIVIL','QUETTA','Inactive',NULL),(254237,'520230','23801',1,'MIRAJ AHMAD','engrmiraj7@gmail.com','MOHALLAH KAMALPUR P/O AND VILLAGE CHARBAGH DISTT SWAT','03329177174',NULL,NULL,'1560268623615',NULL,0.0,NULL,NULL,NULL,NULL,'KPK','NWFP-UET,PESHAWAR (ABBOTTABAD CAMPUS)','ELECTRO','SWAT','Inactive',NULL),(254238,'1219758','56393',1,'Nabeel Nawaz','nabeelnawaz868@gmail.com','Village & Post Office Hael Tehsile Kharian District Gujrat','03426293868',NULL,NULL,'3420240843869',NULL,0.0,NULL,NULL,NULL,NULL,'Punjab','International Islamic University, Islamabad','CIVIL','GUJRAT','Inactive',NULL),(254239,'243440','35806',1,' MUHAMMAD ZAIN RAZA','9170BZAIN@GMAIL.COM','H#84, ST-2 MOH. CHISHTIAN KARBL ROAD SAHIWAL ','03336909569',NULL,NULL,'3660150222881',NULL,0.0,NULL,NULL,NULL,NULL,'Punjab','BUITEMS, QUETTA (TAKATOO CAMPUS)','CIVIL','SAHIWAL','Inactive',NULL),(254240,'245730','38576',1,' SHAFNAIN BIN MASOOD','engrshafnain@gmail.com','GREEN TOWN H.NO.13-B   bahawalpur','03024771008',NULL,NULL,'3310039789429',NULL,0.0,NULL,NULL,NULL,NULL,'Punjab','BUITEMS, QUETTA (TAKATOO CAMPUS)','CIVIL','BAHAWALPUR','Inactive',NULL),(254241,'242943','36324',1,' MUHAMMAD NOUMAN ALI KHAN','RAONOUMAN@YMAIL.COM','H#135/37C, SUBYDAR COLONY ZARRAR SHAHEED ROAD LAHORE CANTT','',NULL,NULL,'3520154038831',NULL,0.0,NULL,NULL,NULL,NULL,'Punjab','BUITEMS, QUETTA (TAKATOO CAMPUS)','CIVIL','LAHORE','Inactive',NULL),(254242,'711082','45573',1,'Hassnain Raza','razahassnain99@gmail.com','House no 39/B-1, Last House Shakhi Sultan Calony Suraj Miyani Road Multan, Multan ','03027477996',NULL,NULL,'3630363919753',NULL,0.0,NULL,NULL,NULL,NULL,'Punjab','UET, TAXILA.','CIVIL','MULTAN','Inactive',NULL),(254243,'909906','48828',1,'MAJID ISLAM','majidislam341@gmail.com','Kass Koroena Qaldara Tehsil Dargai District Malakand KPK','03018305232',NULL,NULL,'1540268591521',NULL,0.0,NULL,NULL,NULL,NULL,'KPK','IMPERIAL COLLEGE OF BUSINESS STUDIES, LAHORE','CIVIL','MALAKAND AGENCY','Inactive',NULL),(254244,'270544','39620',1,' JASIM MUNIR MALIK','jasimmunirmalik@gmail.com','H#30/10, ST-18 MASOOM SHAH ROAD BADAMI BAGH LAHORE','03219461697',NULL,NULL,'3520263502723',NULL,0.0,NULL,NULL,NULL,NULL,'Punjab','SST-UMT,LAHORE','ELECT','LAHORE','Inactive',NULL),(254245,'521300','42734',1,'MUHAMMAD ADEEL MAZHAR','mazar.adeel@gmail.com','HOUSE NO 206, SOHAIL KHAN STREET, WARD NO 2, KAHNA NAU, LAHORE','03224812235',NULL,NULL,'3520172389499',NULL,0.0,NULL,NULL,NULL,NULL,'Punjab','UET, LAHORE','CIVIL','LAHORE','Inactive',NULL),(254246,'1217031','56545',1,'Ikram khan','ik699392@gmail.com','Mamad Gutt, P.O Lakkari, Village Ziyrat Adamzai, Tehsil Safi, Distt. Mohmand','03036845835',NULL,NULL,'2140505721359',NULL,0.0,NULL,NULL,NULL,NULL,'FATA','NED University of Engineering and Technology, Karachi','CIVIL','MOHMAND AGENCY','Inactive',NULL),(254247,'322554','26505',1,' TARIQUE AHMED','tariqmemon36@gmail.com','KAZI MUHALLAH THERHI (HABIB ABAD) TALUKA AND DISTRICT KHAIRPUR MIRS.  ','03123421085',NULL,NULL,'4520311905565',NULL,0.0,NULL,NULL,NULL,NULL,'Sindh','QUAID-E-AWAM UNIVERSITY OF ENGINEERING SCINCE & TECHNOLOGY , NAWABSHAH','MECH','KHAIR PUR','Inactive',NULL),(254248,'412203','40924',1,'MUHAMMAD SHAHID NAWAZ','engrshahidnawaz@yahoo.com','NAWAZ HOUSE SHADMAN COLONY STREET# 01, WARSAK ROAD, PESHAWAR','03139624246',NULL,NULL,'1730153346595',NULL,0.0,NULL,NULL,NULL,NULL,'KPK','GIST.PGS,EC,PESHAWAR (NWFP UET PESHAWAR)','CIVIL','PESHAWAR','Inactive',NULL),(254249,'1220697','44083',1,'Junaid Ahmed','junaid2k4g@gmail.com','Village Ghullam Muhammad Lakho Taluka Bhiria City District Naushahro Feroze','03003090258',NULL,NULL,'4530164139835',NULL,0.0,NULL,NULL,NULL,NULL,'Sindh','Mehran University of Engineering and Technology, Jamshoro','MECH','NAUSHAHRO FEROZE','Inactive',NULL),(254250,'1224807','57213',1,'Muhammad Moiz Ashraf Qazi','qazi499@gmail.com','House No. 499, Street/Gali No. 3, Sector G-9/2, Islamabad. ','03129565275',NULL,NULL,'6110165382309',NULL,0.0,NULL,NULL,NULL,NULL,'Federal','National University of Sciences and Technology, Islamabad - Institute of Civil Engineering, Islamabad','CIVIL','ISLAMABAD','Inactive',NULL),(254251,'324701','30132',1,'UMAR HAYAT ','umarpieas@gmail.com','CHAK NO. 225 R.B MALKHANWALA, FAISALABAD','03345231233',NULL,NULL,'3310216932371',NULL,0.0,NULL,NULL,NULL,NULL,'Punjab','PAKISTAN INSTITUTE OF ENGINEERING AND APPLIED SCIENCES, ISLAMABAD','MECH','FAISALABAD','Inactive',NULL),(254252,'415476','33508',1,'KAZIM RAZA','r.kazim73@gmail.com','ADVOCATE ZAHOOR HUSSAIN RAJPER BUTTRA MUHALLA NEAR FAROOQUE MASJID KHAIRPUR MIRS','03124871783',NULL,NULL,'4520363835111',NULL,0.0,NULL,NULL,NULL,NULL,'Sindh','MEHRAN UNIVERSITY OF ENGINEERING AND TECHNOLOGY, JAMSHORO (SHAHEED ZULFIQUAR ALI BHUTTO CAMPUS, KHAIRPUR MIRS)','MECH','KHAIR PUR','Inactive',NULL),(254253,'400648','00109',1,' HAMID MEHMOOD','hamid_mehmood2003@yahoo.com','H#161, Block A, Nespak Society Phase 3 near Defence Road, Lahore, Pakistan','03334873413',NULL,NULL,'3520241764143',NULL,0.0,NULL,NULL,NULL,NULL,'Punjab','UET, LAHORE','TRANSPORT','LAHORE','Inactive',NULL),(254254,NULL,NULL,2,'Engr. Tahir Shamshad ','tahirshamshad@gmail.com',NULL,NULL,NULL,NULL,NULL,NULL,0.0,NULL,NULL,'Pec@1234',NULL,NULL,NULL,NULL,NULL,'Active',NULL),(254255,'1203579','02148',1,'Muhammad Bilal','bilalkhanpmdc9@gmail.com','Village Mian Abid ul haq killi PO Fazal abad tehsil takht bhai district mardan','03018390037',NULL,NULL,'1610240017229',NULL,0.0,NULL,NULL,NULL,NULL,'KPK','University of Engineering and Technology, Peshawar (Main Campus)','MINING','MARDAN','Inactive',NULL),(254256,NULL,NULL,2,'Engr. Prof. Dr. Rizwan U Farooqui','rizwanfarooqui@neduet.edu.pk',NULL,NULL,NULL,NULL,NULL,NULL,0.0,NULL,NULL,NULL,NULL,NULL,NULL,NULL,NULL,'Inactive',NULL),(254257,'275857','29425',1,' NAEEM ULLAH KHAN','ENGR.NAEEM12@GMAIL.COM','House #8 Street # 2 Fahad  Colony NEar Police Station Baghdad ul Jadeed Bahawalpur','03338222838',NULL,NULL,'3120210873993',NULL,0.0,NULL,NULL,NULL,NULL,'Punjab','QUAID-E-AWAM UNIVERSITY OF ENGINEERING SCINCE & TECHNOLOGY , NAWABSHAH','ELECT','BAHAWALPUR','Inactive','House # 469 first floor Gali 127 Sector G9/3'),(254258,'219870','13062',1,' GHULAM DASTAGIR','ghulamexpo12@gmail.com','23-H ASKARI 3 SCHOOL ROAD CANTT KARACHI','03132054413',NULL,NULL,'4230111122307',NULL,0.0,NULL,NULL,NULL,NULL,'Sindh','NED-UET, KARACHI.','CIVIL','KARACHI','Inactive','Flat 23-H Askari III School Road Cantt karachi sindh Pakistan zip 75510'),(254259,NULL,NULL,2,'Engr. Dr. Ammad Hassan Khan','chair-tem@uet.edu.pk',NULL,NULL,NULL,NULL,NULL,NULL,0.0,NULL,NULL,NULL,NULL,NULL,NULL,NULL,NULL,'Inactive',NULL),(254260,'1191349','75818',1,'Arslan Amin','arslanamin14@gmail.com','Rural Health Center Ellah Abad Tehsil Chunian District Kasur','03057942493',NULL,NULL,'3510187280467',NULL,0.0,NULL,NULL,NULL,NULL,'Punjab','UNIVERSITY OF BRADFORD, U.K (NAMAL COLLEGE, MIANWALI, PAKISTAN)','ELECT','KASUR','Inactive','Arslan Amin S/O Muhammad Amin Rural Health Center Ellah Abad Tehsil Chunian District Kasur '),(254261,'564022','00688',1,'Vikram Kumar','engr.vikram2009@gmail.com','H No','03313278323',NULL,NULL,'4410329576827',NULL,0.0,NULL,NULL,NULL,NULL,'Sindh','QUEST NAWABSHAH','ENVIRO','MIRPUR KHAS','Inactive','null'),(254262,'289420','43700',1,' NOMAN UMAR','noman.umar@pec.org.pk','H# 716, MOHALLAH MOTI MAJID TEH. KALLUR KOT DISTRICT, BHAKKAR ','03009605666',NULL,NULL,'3810336537677',NULL,0.0,NULL,NULL,NULL,NULL,'Punjab','HITEC UNIVERSITY, TAXILA','ELECT','BHAKKAR','Inactive',NULL),(254263,'231042','23893',1,' MUHAMMAD ILYAS','engrilyasktk@gmail.com','House No 720, St 9, F6, Phase 6 Hayat Abad Peshawar','03459803117',NULL,NULL,'1420216444333',NULL,0.0,NULL,NULL,NULL,NULL,'KPK','NWFP-UET, PESHAWAR.','CIVIL','KARAK','Inactive','House # 720, Street 9, F6, Phase 6 Hayatabad Peshawar'),(254264,'638361','59867',1,'Muhammad Ahsan Abbas','ahsan.abbas1230@yahoo.com','V.P.O SARKAL MAIR TEHSIL AND DISTRICT CHAKWAL','03445690753',NULL,NULL,'3720121114275',NULL,0.0,NULL,NULL,NULL,NULL,'Punjab','COMSATS-IIT, ISLAMABAD','ELECT','CHAKWAL','Inactive',NULL),(254265,'1190774','82994',1,'Rana Muhammad Aqib','aqib2941@gmail.com','House No','03212784143',NULL,NULL,'3610402908341',NULL,0.0,NULL,NULL,NULL,NULL,'Punjab','Mehran University of Engineering and Technology, Jamshoro','ELECT','MULTAN','Inactive','House No 85, Street No 02, Ali Park View, Phase-1, Qasim Bela, Multan'),(254266,'1027849','44615',1,'Saad Saboor','saadsaboor@gmail.com','House 521, Ravi Block, Allama Iqbal Town, Lahore, Pakistan 54570','03344039757',NULL,NULL,'3520219804833',NULL,0.0,NULL,NULL,NULL,NULL,'Punjab','National University of Sciences and Technology, Islamabad - School of Mechanical and Manufacturing Engineering, Islamabad','MECH','LAHORE','Inactive',NULL),(254267,'303724','27885',1,' IMRAN ALI','ali.imran60@outlook.com','ADVOCATE ZAHOOR HUSSAIN RAJPER BUTTRA MOH. KHAIRPUR MIRS','03333276474',NULL,NULL,'4520394129589',NULL,0.0,NULL,NULL,NULL,NULL,'Sindh','MEHRAN UNIVERSITY OF ENGINEERING AND TECHNOLOGY, JAMSHORO (SHAHEED ZULFIQUAR ALI BHUTTO CAMPUS, KHAIRPUR MIRS)','MECH','KHAIR PUR','Inactive',NULL),(254268,'760980','70089',1,'Muneer Ahmed','muneershaikh93@gmail.com','HAFIZ HARDWARE STORE, NEAR JALUS BAZAAR, LARKANA.','03313497252',NULL,NULL,'4320306648481',NULL,0.0,NULL,NULL,NULL,NULL,'Sindh','QUAID-E-AWAM UNIVERSITY OF ENGINEERING SCINCE & TECHNOLOGY , NAWABSHAH','ELECT','LARKANA','Inactive',NULL),(254269,'1027142','01027',1,'Umer Bin Khalid','umer.bhatti87@hotmail.com','Mohalah Barki Badhal, Ward No.12, Tehsil Gujar Khan District Rawalpindi','03015372778',NULL,NULL,'3740153163213',NULL,0.0,NULL,NULL,NULL,NULL,'Punjab','UET, TAXILA.','ENVIRO','RAWALPINDI','Inactive',NULL),(254270,'1223621','56728',1,'Waseem Mehmood ','wasimafridi57@gmail.com','Peshawar cantt khyber super market wagma plaza flat number 3, peshawar','03339558745',NULL,NULL,'2240136105507',NULL,0.0,NULL,NULL,NULL,NULL,'KPK','The University of Lahore, Lahore (Main Campus)','CIVIL','PESHAWAR','Inactive',NULL),(254271,'771698','46776',1,'IFTIKHAR AHMAD','engr.iftikhar.ahmad1993@gmail.com','VILLAGE AJOON KHAN QILLA (NELAVI) P/O NAHAQI DISTRICT PESHAWAR KPK','03339061634',NULL,NULL,'1730179663341',NULL,0.0,NULL,NULL,NULL,NULL,'KPK','SWEDISH COLLEGE OF ENGINEERING AND TECHNOLOGY, WAH CANTT. (UNIVERSITY OF ENGINEERING & TECHNOLOGY, TAXILA)','CIVIL','PESHAWAR','Inactive',NULL),(254272,'1185083','73069',1,'Aneel Kumar','aneel.ladher@hotmail.com','Rathi Medical Store Near Seret-ul-Nabi Chowk Tando Muhammad Khan','03352219045',NULL,NULL,'4130883193133',NULL,0.0,NULL,NULL,NULL,NULL,'Sindh','Mehran University of Engineering and Technology, Jamshoro','ELECT','TANDO MOHAMMAD KHAN','Inactive',NULL),(254273,'285549','38940',1,' ABDUL JABBAR','abduljabbar.pieas@gmail.com','House No. 89, Street No. 111, G-11/3 Islamabad.','03345128953',NULL,NULL,'6110151202565',NULL,0.0,NULL,NULL,NULL,NULL,'Federal','PAKISTAN INSTITUTE OF ENGINEERING AND APPLIED SCIENCES, ISLAMABAD','ELECT','ISLAMABAD','Inactive',NULL),(254274,'1184954','54363',1,'MUHAMMAD WAQAS MASOOD','WAQAS2K9504@GMAIL.COM','NEAR NAWAZ FLOOR MILLS, WARD # 7,STREET# 2, MOHALLAH HABIB ABAD, BHAKKAR.','03328787680',NULL,NULL,'3810238521841',NULL,0.0,NULL,NULL,NULL,NULL,'Punjab','University of South Asia, Lahore','CIVIL','BHAKKAR','Inactive',NULL),(254275,'undefined','51456',1,'SYED AFZAL SHAH','afxalshaw@gmail.com','SYED HOUSE, NEW MUSLIM TOWN, P.O SERI CHOWK, SHAHPUR, BARAKAHU ISLAMABAD','03465063282',NULL,NULL,'1620235213799',NULL,0.0,NULL,NULL,NULL,NULL,'Federal','NWFP-UET, PESHAWAR.','ELECT','ISLAMABAD','Inactive',NULL),(254276,'undefined','52403',1,'JAHANGIR','engrjahangirzai@gmail.com','HOUSE# 1172 sector L-1 surjani town karachi\nHOUSE# 77/B SHAH NAJAF COLONY UNIT NO','03363581176',NULL,NULL,'4130477396093',NULL,0.0,NULL,NULL,NULL,NULL,'Sindh','Sir Syed University of Engineering & Technology, Karachi','CIVIL','HYDERABAD','Inactive',NULL),(254277,'undefined','76823',1,'Azhar Ali','azhar.eep14@iba-suk.edu.pk','House No.1573C/2, Jaral Shah Mohalla, Jinnah Bagh Road Behind Bank Al-Habib, Larkana','03078599563',NULL,NULL,'4320388656493',NULL,0.0,NULL,NULL,NULL,NULL,'Sindh','Sukkur Institute of Business Administration, Sukkur','ELECT','LARKANA','Inactive',NULL),(254278,'undefined','53887',1,'BASIT ALI','engrali.basit04@gmail.com','CHAK NUMBER 96.A/15.L TEHSIL MIAN CHANNU DISTRICT KHANEWAL POST OFFICE 102/15.L','03006990640',NULL,NULL,'3610404409851',NULL,0.0,NULL,NULL,NULL,NULL,'Punjab','University of Engineering and Technology, Lahore (Main Campus)','CIVIL','KHANEWAL','Inactive',NULL),(254279,'undefined','56641',1,'Abdul Ahad Khan','petarian1074@gmail.com','C-11 Central Government Society Gulshan-e -iqbal Block 10-A, Karachi','03053838838',NULL,NULL,'4220187515741',NULL,0.0,NULL,NULL,NULL,NULL,'Sindh','National University of Sciences and Technology, Islamabad - Military College of Engineering, Risalpur Campus ','CIVIL','KARACHI EAST','Inactive',NULL),(254280,'undefined','37287',1,'alisher channa','alisherchanna1@gmail.com','House No','03123784345',NULL,NULL,'4130655635659',NULL,0.0,NULL,NULL,NULL,NULL,'Sindh','MEHRAN UNIVERSITY OF ENGINEERING AND TECHNOLOGY, JAMSHORO (SHAHEED ZULFIQUAR ALI BHUTTO CAMPUS, KHAIRPUR MIRS)','MECH','HYDERABAD','Inactive',NULL),(254281,'undefined','35747',1,' MUHAMMAD ALI','ALIDAYO@GMAIL.COM','47, Fazal City, Khaizi Chowk, Samungli Road, Quetta','03213212436',NULL,NULL,'4220169205189',NULL,0.0,NULL,NULL,NULL,NULL,'Sindh','','CIVIL','SUKKUR','Inactive',NULL),(254282,'undefined','46609',1,'Wajid Ali','wajidw940@gmail.com','Mohallah Gul baba, P/O Thana, Tehsil batkhela, District Malakand, KPK, Pakistan','03329897963',NULL,NULL,'1540266245305',NULL,0.0,NULL,NULL,NULL,NULL,'KPK','CECOS UNIVERSITY OF IT & ES PESHAWAR','CIVIL','MALAKAND AGENCY','Inactive',NULL),(254283,'undefined','54297',1,'ASIF','asifqureshi108@gmail.com','P.O BOX JAGIR BASEEN, TEHSIL AND DISTRICT GILGIT','03129876770',NULL,NULL,'7150153433313',NULL,0.0,NULL,NULL,NULL,NULL,'Gilgit Baltistan','COMSATS IIT, ISLAMABAD (ABBOTTABAD CAMPUS)','ELECT','GILGIT','Inactive',NULL),(254284,'undefined','18800',1,'Usama Zahid','fa15cse076@gmail.com','Sector B-4 House 105 Mirpur AJK','03432864674',NULL,NULL,'3410470445191',NULL,0.0,NULL,NULL,NULL,NULL,'AJK','Mirpur University of Science and Technology, Mirpur (AJ&K)','COMP','MIRPUR','Inactive',NULL),(254285,'undefined','54518',1,'Shaban Ahmad','skayani348@gmail.com','P/O Box Nilore, Hernow, Thandapani, District Islamabad.','03115881203',NULL,NULL,'6110161284581',NULL,0.0,NULL,NULL,NULL,NULL,'Federal','Abasyn University Peshawar (Islamabad Campus)','CIVIL','ISLAMABAD','Inactive',NULL),(254286,'undefined','49947',1,'Mujahid Hussain','engrmujahidqureshi@hotmail.com','House No. 5-B, New Irrigation Colony, Near Irrigation Telegraph Office, Circuit House Road, Dera Ghazi Khan','03336363301',NULL,NULL,'3210210168139',NULL,0.0,NULL,NULL,NULL,NULL,'Federal','Abasyn University Peshawar (Islamabad Campus)','CIVIL','ISLAMABAD','Inactive',NULL),(254287,'undefined','53408',1,'Talat Habib','talathqureshi@gmail.com','House No. 5-B, New Irrigation Colony, Circuit House Road, Dera Ghazi Khan','03317744636',NULL,NULL,'3210210168059',NULL,0.0,NULL,NULL,NULL,NULL,'Punjab','Abasyn University Peshawar (Islamabad Campus)','CIVIL','DERA GHAZI KHAN','Inactive',NULL),(254288,'undefined','34999',1,' MUHAMMAD SAMI ULLAH KHAN','msami.khan103@gmail.com','H#5-B, New irrigation colony, opposite indus colony, circuit house road d g khan','03318631031',NULL,NULL,'3210243895805',NULL,0.0,NULL,NULL,NULL,NULL,'Punjab','COMSATS-IIT,ISLAMABAD (ABBOTTABAD CAMPUS)','ELECT','DERA GHAZI KHAN','Inactive',NULL),(254289,'undefined','15800',1,'MUHAMMAD TAUQEER','muhammadtauqeer669@gmail.com','Mohallah Panj Pao Village & Post office Kaddi District & Tehsil Swabi','03429858413',NULL,NULL,'1620266940911',NULL,0.0,NULL,NULL,NULL,NULL,'KPK','UNIVERSITY OF SCIENCE AND TECHNOLOGY, BANNU','COMP','SWABI','Inactive',NULL),(254290,'undefined','68130',1,'Asad Ur Rahman','asadrahman@live.com','1st Floor R686 Block 19 Alnoor Society FB Area karachi','03332464749',NULL,NULL,'4210110832297',NULL,0.0,NULL,NULL,NULL,NULL,'Sindh','NED-UET, KARACHI.','ELECT','KARACHI','Inactive',NULL),(254291,'undefined','44894',1,'MUHAMMAD HARIS','leo_haris89@hotmail.com','House # 156, Sector N, Phase 8 (Ex Air Avenue), DHA , Lahore.','03454218697',NULL,NULL,'3520181633813',NULL,0.0,NULL,NULL,NULL,NULL,'Punjab','UNIVERSITY OF SOUTH ASIA, LAHORE','CIVIL','LAHORE','Inactive',NULL),(254292,'undefined','49577',1,'Muhammad Mubeen Abbas','mubeenabbas778@gmail.com','House#372, Street#9, Sector#3, Al noor colony Qadeer khan Road Rawalpindi','03328514420',NULL,NULL,'3740287045327',NULL,0.0,NULL,NULL,NULL,NULL,'Punjab','Capital University of Science and Technology Islamabad Formally Muhammad Ali Jinnah University, Islamabad Campus (Muhammad Ali Jinnah University, Karachi)','CIVIL','RAWALPINDI','Inactive',NULL),(254293,'undefined','31046',1,' WAJAHAT SHAFA','wajahatshafa.25@gmail.com','HOUSE NO 03 STREET NO 03 WAHDAT COLONEY JUTIAL GILGIT','03449493992',NULL,NULL,'7120106255455',NULL,0.0,NULL,NULL,NULL,NULL,'Punjab','','ELECT','RAWALPINDI','Inactive',NULL),(254294,'undefined','02458',1,'SALMAN KHAN','slmnkhn332@yahoo.com','VILLAGE & P/O TOTAKAN  TEHSIL BATKHELA DISTT MALAKAND KHYBER PUKHTOON KHAWA','03469478332',NULL,NULL,'1540263928065',NULL,0.0,NULL,NULL,NULL,NULL,'KPK','DAWOOD UNIVERSITY OF ENGINEERING AND TECHNOLOGY, KARACHI','PETGAS','BATKHELA','Inactive',NULL),(254295,'undefined','49888',1,' MUHAMMAD MOHSIN KHAWAJA','imohsinkhawaja@gmail.com','HOUSE NO.707, STREET NO.65-F, PAKISTAN TOWN, PHASE-1, ISLAMABAD ','03345493135',NULL,NULL,'6110104206807',NULL,0.0,NULL,NULL,NULL,NULL,'Federal','NUCES, ISLAMABAD','ELECT','ISLAMABAD','Inactive',NULL),(254296,'undefined','51551',1,'AZHAR NAZIR','channaazhar464@gmail.com','H# A30 Row-H Block-1 Kaneez Fatima Society scheme 33 Gulzar-e-hijri, Karachi ','03351212192',NULL,NULL,'4310324122785',NULL,0.0,NULL,NULL,NULL,NULL,'Sindh','NED University of Engineering and Technology, Karachi','CIVIL','KARACHI EAST','Inactive',NULL),(254298,NULL,NULL,5,'Syed Abdullah ','s.abdullah@pec.org.pk',NULL,NULL,NULL,NULL,NULL,NULL,0.0,NULL,NULL,NULL,NULL,NULL,NULL,NULL,NULL,'Inactive',NULL),(254299,'undefined','69992',1,'Naumaan Saleem Chughtai','naumaanschughtai@gmail.com','135 K-1, Wapda Town, Lahore','03474467313',NULL,NULL,'3520256331093',NULL,0.0,NULL,NULL,NULL,NULL,'Punjab','INFORMATION TECHNOLOGY UNIVERSITY, LAHORE','ELECT','LAHORE','Inactive',NULL),(254300,'undefined','72807',1,'Muhammad Saad Abrar','saadabrar3@gmail.com','166-B, TNT Aabpara Housing Scheme Raiwind Road Lahore','03024825631',NULL,NULL,'3520274361303',NULL,0.0,NULL,NULL,NULL,NULL,'Punjab','Air University, Islamabad','ELECT','LAHORE','Inactive',NULL),(254301,'undefined','03639',1,'Junaid Ullah','junaidullah6@gmail.com','Mohalla','03328033338',NULL,NULL,'1710161839057',NULL,0.0,NULL,NULL,NULL,NULL,'KPK','NWFP-UET, PESHAWAR.','INDUS','CHARSADDA','Inactive',NULL),(254302,NULL,NULL,6,'Accounts Admin','mwaseemkha@gmail.com',NULL,NULL,NULL,NULL,NULL,NULL,0.0,NULL,NULL,'Peccpd@123',NULL,NULL,NULL,NULL,NULL,'Active',NULL),(254303,'undefined','03643',1,'Syed Salman Ahmad','salmankpk58@gmail.com','Sakhakot, Tehsil Dargai, District Malakand','03339489273',NULL,NULL,'1540184338379',NULL,0.0,NULL,NULL,NULL,NULL,'KPK','NWFP-UET, PESHAWAR.','INDUS','MALAKAND AGENCY','Inactive',NULL),(254304,'undefined','37071',1,' ALI MUHAMMAD','ali.baloch500@gmail.com','H#D-47 Block-D Sachal Goth near PCSIR Lab Gulzar-e-Hijri Scheme#33 Karachi ','03337556903',NULL,NULL,'4320788858371',NULL,0.0,NULL,NULL,NULL,NULL,'Sindh','','CIVIL','KARACHI','Inactive',NULL),(254305,'undefined','78061',1,'Muhammad Zubair Khalid','zubairkhalid231@gmail.com','H# 1, St# 19, Mohalla Balar Shah, Pakki Thatti , Samnabad, lahore','03320079998',NULL,NULL,'3520276833519',NULL,0.0,NULL,NULL,NULL,NULL,'Punjab','COMSATS University Islamabad (Sahiwal Campus)','ELECT','LAHORE','Inactive',NULL),(254306,'undefined','36278',1,'Waqar Ejaz','waqarijaz80@gmail.com','H # 3950 Fida Shaheed road Mohalla Walwat o/s Bohar Gate, Multan','03106501829',NULL,NULL,'3630264738083',NULL,0.0,NULL,NULL,NULL,NULL,'Punjab','COMSATS,IIT ISLAMABAD (SAHIWAL CAMPUS)','MECH','MULTAN','Inactive',NULL),(254307,'undefined','47237',1,'Junaid Mushtaq','junaidmushtaq904@gmail.com','Mohallah Faiz Abad, Street Iqbal Member, Gujrat','03084701325',NULL,NULL,'3420196281245',NULL,0.0,NULL,NULL,NULL,NULL,'Punjab','UNIVERSITY COLLEGE OF ENGINEERING, SCIENCES AND TECHNOLOGY, LAHORE ( LEADS UNIVERSITY, LAHORE)','CIVIL','GUJRAT','Inactive',NULL),(254308,'undefined','66694',1,'Amir Khan','amirkaahn@gmail.com','Faiz talab banda, Fazal abad, Takht bhai','03009050899',NULL,NULL,'1610256485827',NULL,0.0,NULL,NULL,NULL,NULL,'KPK','NWFP-UET, PESHAWAR.','ELECT','MARDAN','Inactive',NULL),(254309,'undefined','25620',1,'Dr. ZOHAIB AKHTAR','zohaibakhtarkhan@gmail.com','House no 127, Pak Avenue Housing Scheme, Sahiwal','03220000760',NULL,NULL,'3650211365139',NULL,0.0,NULL,NULL,NULL,NULL,'Punjab','UET, LAHORE','ELECT','SAHIWAL','Inactive',NULL),(254310,'undefined','47451',1,'Kamran Ahmed Ranjha','kamranaliranjha@yahoo.com','House # 9, Street # 1, Muhalla Noor Pura, Sialkot Road, Gujranwala ','03338153018',NULL,NULL,'3410111512497',NULL,0.0,NULL,NULL,NULL,NULL,'Punjab','UNIVERSITY COLLEGE OF ENGINEERING, SCIENCES AND TECHNOLOGY, LAHORE ( LEADS UNIVERSITY, LAHORE)','CIVIL','GUJRANWALA','Inactive',NULL),(254311,'undefined','38529',1,'Faiz Muhammad Faizi','mfaizi16.fm@gmail.com','H 8, St 1, New Canal Park, Phase 3, Near TajBagh, Harbanspura, Lahore','03234394166',NULL,NULL,'3520188001831',NULL,0.0,NULL,NULL,NULL,NULL,'Punjab','UET, LAHORE','MECH','LAHORE','Inactive',NULL),(254312,'undefined','42212',1,'SOBAN JAVED','deansja28@gmail.com','House # 320, Sector-8, Sadiq Livina H/S, near Highway Bypass, Hyderabad','03332694000',NULL,NULL,'4410476410633',NULL,0.0,NULL,NULL,NULL,NULL,'Sindh','MEHRAN UNIVERSITY OF ENGINEERING AND TECHNOLOGY, JAMSHORO','CIVIL','HYDERABAD','Inactive',NULL),(254313,'undefined','73011',1,'Hammad Mushtaq','hammad.mushtaq96@gmail.com','CHAUDHRY House, House No. 12\nIn front of Lahore City School, Infantry Road, Lahore.','03350046383',NULL,NULL,'3520166276975',NULL,0.0,NULL,NULL,NULL,NULL,'Punjab','COMSATS Institute of Information Technology Islamabad (Lahore Campus)','ELECT','LAHORE','Inactive',NULL),(254314,NULL,NULL,2,'Engr. Prof. Dr. Ali Sajid ','Alisajid61@yahoo.com',NULL,NULL,NULL,NULL,NULL,NULL,0.0,NULL,NULL,'Pec@1234',NULL,NULL,NULL,NULL,NULL,'Active',NULL),(254315,NULL,NULL,2,'Engr. Prof. Dr. Sarosh H Lodi','ahmad@neduet.edu.pk',NULL,NULL,NULL,NULL,NULL,NULL,0.0,NULL,NULL,'Pec@1234',NULL,NULL,NULL,NULL,NULL,'Active',NULL),(254316,'undefined','26360',1,' SAMIULLAH','sami08me09@gmail.com','MEMON STREET BERANI TOWN, TEHSIL','03332882406',NULL,NULL,'4420148113099',NULL,0.0,NULL,NULL,NULL,NULL,'Sindh','','MECH','SANGHAR','Inactive',NULL),(254317,'undefined','46542',1,'Ghulam  Rasool','engrghulamrasool36@gmail.com','Pahor House Near Nawab Mushtaq Ahmed Chandio House Kamber Road Larkana','03138053331',NULL,NULL,'4340204625555',NULL,0.0,NULL,NULL,NULL,NULL,'Sindh','QUAID-E-AWAM UNIVERSITY COLLEGE OF ENGINEERING, SCIENCE & TECHNOLOGY, LARKANA (QUEST, NAWABSHAH)','CIVIL','LARKANA','Inactive',NULL),(254318,'undefined','50516',1,'Muhammad Kashif Rizwan','muhammadkashifrizwan@gmail.com','','03336635103',NULL,NULL,'3840595433671',NULL,0.0,NULL,NULL,NULL,NULL,'Punjab','University of Engineering and Technology, Lahore (Main Campus)','CIVIL','SARGODHA','Inactive',NULL),(254319,'undefined','01816',1,'Hunain Irfan ','khanzadahunain@gmail.com','B# 107 mir fazal town unit no','03113521849',NULL,NULL,'4540244846491',NULL,0.0,NULL,NULL,NULL,NULL,'Sindh','Sir Syed University of Engineering & Technology, Karachi','BIOMEDICAL','HYDERABAD','Inactive',NULL),(254320,'undefined','22485',1,' IRFAN ALI','engrirfan@yahoo.com','House No. 2146/39/A Dhamra Road Camp No.2 Near Rathore Clinic Nawabshah','03337014060',NULL,NULL,'4540209585069',NULL,0.0,NULL,NULL,NULL,NULL,'Sindh','','CIVIL','SHAHEED BENAZIR ABAD','Inactive',NULL),(254321,'undefined','31607',1,'MUHAMMAD ARSALAN MUNAWAR','arsalan.bsme122@iiu.edu.pk','VILLAGE AND POST OFFICE CHINJI TEHSIL TALAGANG DISTRICT CHAKWAL','03445559060',NULL,NULL,'3720366277829',NULL,0.0,NULL,NULL,NULL,NULL,'Punjab','IIU ISLAMABAD','MECH','CHAKWAL','Inactive',NULL),(254322,'undefined','56817',1,'Muhammad Shoaib Mansoor','engr.m.shoaib100@gmail.com','House # 594, C Block, Gol Plot, Mumtazabad Town, Multan','03106095571',NULL,NULL,'3660248605387',NULL,0.0,NULL,NULL,NULL,NULL,'Punjab','Pakistan Institute of Engineering and Technology, Multan (University of Sargodha))','CIVIL','MULTAN','Inactive',NULL),(254323,'undefined','48187',1,'Altaf AHMAD','altafahmad296@gmail.com','Basti wadani near chand mari , ghadai garbi p/o khas dera ghazi khan','03368603564',NULL,NULL,'3210214240239',NULL,0.0,NULL,NULL,NULL,NULL,'Punjab','UNIVERSITY OF CENTRAL PUNJAB, LAHORE','CIVIL','DERA GHAZI KHAN','Inactive',NULL),(254324,'undefined','30546',1,' SOHAIL ANWAR','sohailhawk86@gmail.com','ANWAR MANZIL GARHI ANWAR KHAN NEAR POLICE HOSPITAL HANGU ROAD KOHAT','03339653655',NULL,NULL,'1430162370513',NULL,0.0,NULL,NULL,NULL,NULL,'KPK','','CIVIL','KOHAT','Inactive',NULL),(254325,'undefined','66892',1,'Muhammad Usman ','muhammad_usman95@hotmail.com','B-83 Block B Kazimabad Model Colony Karachi','03312210179',NULL,NULL,'4250196350741',NULL,0.0,NULL,NULL,NULL,NULL,'Sindh','NED-UET, KARACHI.','ELECT','KARACHI EAST','Inactive',NULL),(254326,'undefined','35816',1,'jamshaid khan','jamshaidkhan030@gmail.com','shop#28 malik taj market kharkhano Hayatabd Peshawar','03075944515',NULL,NULL,'2120291526545',NULL,0.0,NULL,NULL,NULL,NULL,'KPK','SUS&IT, PESHAWAR','MECH','PESHAWAR','Inactive',NULL),(254327,'undefined','63763',1,'Muhammad Ali Raza Khan Sherwani','ali_raza_94@hotmail.com','House No A-88, First Floor, Block 2, Gulshan-e-Iqbal, Karachi','03312298148',NULL,NULL,'4230198707119',NULL,0.0,NULL,NULL,NULL,NULL,'Sindh','NED-UET, KARACHI.','ELECT','KARACHI','Inactive',NULL),(254328,'undefined','41919',1,'MUHAMMAD ASIF MUSHTAQ','mahar224@gmail.com','HOUSE # 28, SAEED AVENUE, MUZAFFARGARH','09230032333',NULL,NULL,'3230450626945',NULL,0.0,NULL,NULL,NULL,NULL,'Punjab','UCET MULTAN (BZU).','CIVIL','MUZAFFAR GARH','Inactive',NULL),(254329,'undefined','38947',1,'MUHAMMAD KASHIF BASHIR ABRO','kb_abro@yahoo.com','H# 283, RAILWAY CO-OPERATIVE HOUSING SOCIETY, NEAR SBK WOMEN UNIVERSITY BARWARY ROAD, QUETTA ','03003896565',NULL,NULL,'5340230760029',NULL,0.0,NULL,NULL,NULL,NULL,'Balochistan','','CIVIL','QUETTA','Inactive',NULL),(254330,'undefined','55663',1,'Wajid khan','wajidkhanafridi3@gmail.com','REGI MALKANDHER MOHALLAH GHULAM NABI P/O REGI, peshawar','03078301372',NULL,NULL,'1730136455625',NULL,0.0,NULL,NULL,NULL,NULL,'KPK','CECOS University of Information Technology and Emerging Sciences, Peshawar','CIVIL','PESHAWAR','Inactive',NULL),(254331,'undefined','71691',1,'Muhammad Hasnain','hasnainsh65@gmail.com','Shaheen Tractors Parts , Kandiwal Road ,Lalian, District Chiniot','03347511416',NULL,NULL,'3320175483175',NULL,0.0,NULL,NULL,NULL,NULL,'Punjab','National University of Computer and Emerging Sciences, Islamabad (Chiniot-Faisalabad Campus)','ELECT','CHINIOT','Inactive',NULL),(254332,'undefined','41020',1,'MUHAMMAD NOMAN','eng.muhammadnoman@gmail.com','D / 72, BLOCK-4, METROVILLE SITE KARACHI. ','09234752121',NULL,NULL,'4240125350257',NULL,0.0,NULL,NULL,NULL,NULL,'Sindh','NED-UET, KARACHI.','CIVIL','KARACHI WEST','Inactive',NULL),(254333,'undefined','19968',1,' SAAD KHAN','SAADKH09@GMAIL.COM','FLAT-312, BLOCK  4DS MEKASSA APPTTS NEAR ESSA NAGRI STOP ','03469341787',NULL,NULL,'1560201570869',NULL,0.0,NULL,NULL,NULL,NULL,'Sindh','DAWOOD UNIVERSITY OF ENGINEERING AND TECHNOLOGY, KARACHI','ELECTRO','KARACHI','Inactive',NULL),(254334,'undefined','55698',1,'Muhammad Hassan','hassan.balouch@ymail.com','H.No. A-163, Street-6, Abdullah Town, Qasimabad, Hyderabad, Sindh','03332926675',NULL,NULL,'4130647410763',NULL,0.0,NULL,NULL,NULL,NULL,'Sindh','Mehran University of Engineering and Technology, Jamshoro','CIVIL','HYDERABAD','Inactive',NULL),(254335,'undefined','51359',1,'Dilveer Singh','dilveersingh70@gmail.com','W# 13, H#182, mir mohalla TGA road Digri district Mirpurkhas, Sindh','03072473323',NULL,NULL,'4430360386017',NULL,0.0,NULL,NULL,NULL,NULL,'Sindh','NED University of Engineering and Technology, Karachi','CIVIL','THARPARKER','Inactive',NULL),(254336,'undefined','53583',1,'Hafiz Awais Danish','awaisdanish878@gmail.com','Rana Wasim Haider Senior Engineer ISRIP Office of Director ISRIP Three Canal Bank Mughal Pura Lahore','03000432439',NULL,NULL,'3520222413571',NULL,0.0,NULL,NULL,NULL,NULL,'Punjab','University of South Asia, Lahore','CIVIL','LAHORE','Inactive',NULL),(254337,'undefined','54666',1,'HASSAM NOOR','hassamnoor115@hotmail.com','324 DD Dha Phase 4 Lahore Cant','03334678789',NULL,NULL,'3520159491869',NULL,0.0,NULL,NULL,NULL,NULL,'Punjab','LAHORE UNIVERSITY OF MANAGEMENT SCIENCES, LAHORE','ELECT','LAHORE','Inactive',NULL),(254338,'undefined','45510',1,'Prince Adnan','princeadnan09@gmail.com','House No 35A  Block A Green Villas Lahore medical Housing Society Lahore. ','03226561904',NULL,NULL,'3520140976011',NULL,0.0,NULL,NULL,NULL,NULL,'Punjab','UNIVERSITY OF SOUTH ASIA, LAHORE','CIVIL','LAHORE','Inactive',NULL),(254339,'undefined','56495',1,'MUHAMMAD ABRAR KHAN','hafizabrar.137@gmail.com','Servant Quarter No. 8 (Muhammad Munsaf Khan) MNA Hostel SECTOR G-5/1, ISLAMABAD','03040159229',NULL,NULL,'6110168857215',NULL,0.0,NULL,NULL,NULL,NULL,'Federal','International Islamic University, Islamabad','CIVIL','ISLAMABAD','Inactive',NULL),(254340,'undefined','44338',1,'Ussama Romail Khan','ussamaromailkhan@gmail.com','House No 1926, Street No 19, TIP Housing Colony, Haripur','03335071489',NULL,NULL,'1330273068329',NULL,0.0,NULL,NULL,NULL,NULL,'KPK','COMSATS-IIT,ISLAMABAD (ABBOTTABAD CAMPUS)','CIVIL','HARIPUR','Inactive',NULL),(254341,'undefined','03279',1,' MUHAMMAD EJAZUL GHAFFAR','ejaz.ghaffar92@GMAIL.com','C/o Ayesha Girls Higher Secondary School Jampur TEHSIL JAMPUR DISTRICT RAJANPUR','03327822300',NULL,NULL,'3240276066739',NULL,0.0,NULL,NULL,NULL,NULL,'Punjab','','TELE','RAJAN PUR','Inactive',NULL),(254342,'undefined','29984',1,' MUHAMMAD NAEEM','mnaeemneduet@gmail.com','L-1(ST-3) SECTOR 15-A/5, BUFFER ZONE NORTH NAZIMABAD KARACHI','03002396518',NULL,NULL,'4210133104027',NULL,0.0,NULL,NULL,NULL,NULL,'Sindh','NED-UET Karachi','CIVIL','KARACHI','Inactive',NULL),(254343,'undefined','44769',1,'Noman Zafar','Noman.zafar.057@gmail.com','H/Capt Zafar Iqbal PS To Rector, NUST H-12 Main Campus, H-12 Sector, Islamabad.','03425138057',NULL,NULL,'3420193965717',NULL,0.0,NULL,NULL,NULL,NULL,'Punjab','MEHRAN UNIVERSITY OF ENGINEERING AND TECHNOLOGY, JAMSHORO','CIVIL','GUJRAT','Inactive',NULL),(254344,'undefined','42232',1,'HAMZA HANIF','hamza1353@live.com','H# 11 Green City Phase-1, Ratta Khanna Road, Depalpur, Okara, Punjab Pakistan','03125490084',NULL,NULL,'3530164641139',NULL,0.0,NULL,NULL,NULL,NULL,'Punjab','UET, TAXILA.','CIVIL','OKARA','Inactive',NULL),(254345,'undefined','01177',1,'MUHAMMAD ZEESHAN MAZAHIR','scintillate_xhani@yahoo.com','B-3/410 FAIZA AVENUE 11-C-1 KARACHI','03456434667',NULL,NULL,'4210194913469',NULL,0.0,NULL,NULL,NULL,NULL,'Sindh','','TEXTILE','KARACHI','Inactive',NULL),(254346,'undefined','20566',1,' HASNAD SHAHID','HASNAD_SHAHID@YAHOO.COM','House# 335, Street# 4G, Ghouri Town Phase VIP, Islamabad','03135286492',NULL,NULL,'1730146407581',NULL,0.0,NULL,NULL,NULL,NULL,'Federal','UET, TAXILA.','ELECTRO','ISLAMABAD','Inactive',NULL),(254347,'undefined','14421',1,'HAFEEZULLAH','hafeez4849@yahoo.com',' Postal Adress','03332461299',NULL,NULL,'3210271280497',NULL,0.0,NULL,NULL,NULL,NULL,'Punjab','BUITEMS, QUETTA (TAKATOO CAMPUS)','CHEM','DERA GHAZI KHAN','Inactive',NULL),(254348,'undefined','46645',1,' KAMRAN BIN ABDUS SALAM','KAMRAN.ABDUSSALAM@GMAIL.COM','House # 594, D Block, Sabzazar Scheme, Lahore, Paksitan.','03464426168',NULL,NULL,'3520210833367',NULL,0.0,NULL,NULL,NULL,NULL,'Punjab','','ELECT','LAHORE','Inactive',NULL),(254349,'undefined','00528',1,' KARIM NAWAZ KHAN','karimnavaz@yahoo.com','FLAT # A-13 GULZAR -E-HUNZA COLONY METROVILLE SITE AREA KARACHI','03453082151',NULL,NULL,'4240150055357',NULL,0.0,NULL,NULL,NULL,NULL,'Sindh','SIR SYED UNIVERSITY OF ENGINEERING & TECHNOLOGY, KARACHI','BIOMEDICAL','KARACHI','Inactive',NULL),(254350,'undefined','44731',1,'Ibadullah','16me29@quest.edu.pk','House# F-366 Street-2 Block-9 Gulistan-E-Juhur Dhani Bux Ghoth near airport Karachi.','03042694654',NULL,NULL,'4520813813003',NULL,0.0,NULL,NULL,NULL,NULL,'Sindh','Quaid-e-Awam University of Engineering, Science and Technology, Nawabshah','MECH','KARACHI CENTRAL','Inactive',NULL),(254351,'undefined','49281',1,'Azhar Javed','azharjaved@ctgu.edu.cn','House No.112,Street 6,Muhallah Dasihali,Pasrur,District Sialkot','03167156816',NULL,NULL,'3460252409365',NULL,0.0,NULL,NULL,NULL,NULL,'Punjab','CHINA THREE GORGES UNIVERSITY, CHINA','CIVIL','SIALKOT','Inactive',NULL),(254352,'undefined','39751',1,'Shahroz Saeed','shahrozsaeed782@gmail.com','House No','03067221142',NULL,NULL,'3320290582811',NULL,0.0,NULL,NULL,NULL,NULL,'Punjab','University of Engineering and Technology, Taxila (Main Campus)','MECH','JHANG','Inactive',NULL),(254353,'undefined','46911',1,' SIKANDAR FAROOQ AKBAR','FSIKANDARR@GMAIL.COM','HOUSE NO. 297, ST-1 RAWAL TOWN ISLAMABAD ','03445011504',NULL,NULL,'6110134070203',NULL,0.0,NULL,NULL,NULL,NULL,'Federal','','ELECT','ISLAMABAD','Inactive',NULL),(254354,'undefined','55045',1,'Abdul Rehman','abdus.arain@gmail.com','House # E/1, Block E, Mohallah Unit # 11, Latifabad, District Hyderabad','03362626994',NULL,NULL,'4130478887023',NULL,0.0,NULL,NULL,NULL,NULL,'Sindh','China Three Gorges University, china','CIVIL','HYDERABAD','Inactive',NULL),(254355,'undefined','73572',1,'Salman Akram','salmanmemon9541@gmail.com','House no. 147 2nd Floor Street no. 5 Pathan Colony Hyderabad, Sindh.','03403991167',NULL,NULL,'4130389870469',NULL,0.0,NULL,NULL,NULL,NULL,'Sindh','Mehran University of Engineering and Technology, Jamshoro','ELECT','HYDERABAD','Inactive',NULL),(254356,'undefined','64037',1,'Mudasser Rahim','mudasserrahim@gmail.com','139-c Block W scheme # 2 Gulshan Iqbal Rahim Yar Khan','03337455541',NULL,NULL,'3130365490755',NULL,0.0,NULL,NULL,NULL,NULL,'Punjab','UET, LAHORE','ELECT','RAHIM YAR KHAN','Inactive',NULL),(254357,'undefined','50341',1,' ZAHID UL HASSAN','zahidulhassan43@gmail.com','VILLAGE & POST OFFICE','03445778931',NULL,NULL,'3740110854851',NULL,0.0,NULL,NULL,NULL,NULL,'Punjab','HITEC UNIVERSITY, TAXILA','ELECT','RAWALPINDI','Inactive',NULL),(254358,'undefined','17364',1,' NASIR KHAN','nasirkhan.ace@gmail.com','Nasir Khan C/o Shesh Mahal Sweets & Bakers, Opposite Post Graduate College Mardan, Near College Chowk, Mardan','03348412545',NULL,NULL,'1610195930355',NULL,0.0,NULL,NULL,NULL,NULL,'KPK','BUITEMS, QUETTA (TAKATOO CAMPUS)','ELECTRO','MARDAN','Inactive',NULL),(254359,'undefined','23490',1,'ZAIN AMJAD','xaini.pk@gmail.com','House No. 384, Street No. 75, MPCHS, Sector E-11/3, Islamabad','09233464947',NULL,NULL,'3120263891951',NULL,0.0,NULL,NULL,NULL,NULL,'Federal','UCET (THE ISLAMIA UNIVERSITY BAHAWALPUR)','ELECTRO','ISLAMABAD','Inactive',NULL),(254360,'undefined','21136',1,' FIAZ HUSSAIN','bhutta_102@hotmail.com','VPO','03325580342',NULL,NULL,'3730224408061',NULL,0.0,NULL,NULL,NULL,NULL,'Punjab','','ELECTRO','JHELUM','Inactive',NULL),(254361,'undefined','21135',1,' MUHAMMAD AMMAR KHAN','ammar-virgo@hotmail.com','G-122 ST# 16 PHASE 3 OFFICERS COLONY WAH CANTT,  PAKISTAN','03315334789',NULL,NULL,'3740626389707',NULL,0.0,NULL,NULL,NULL,NULL,'Punjab','','ELECTRO','RAWALPINDI','Inactive',NULL),(254362,'undefined','53433',1,'NASIR RASHEED','raonasir1042@gmail.com',' TO RAO ABDUL RASHEED ZAFAR ABAD COLONY NEAR SUGHRAN MASJID STREET NO 08 RAHIM YAR KHAN','03083380934',NULL,NULL,'3130375307137',NULL,0.0,NULL,NULL,NULL,NULL,'Punjab','SWEDISH COLLEGE OF ENGINEERING AND TECHNOLOGY, RAHIM YAR KHAN(THE ISLAMIA UNIVERSITY OF BAHAWALPUR)','ELECT','RAHIM YAR KHAN','Inactive',NULL),(254363,'undefined','52773',1,'Arshad Hussain','arshad71988@gmail.com','J-10/45 Pak Jamhuria Colony Near PNS Shifa Karachi','03432924371',NULL,NULL,'4230140466247',NULL,0.0,NULL,NULL,NULL,NULL,'Sindh','Sir Syed University of Engineering & Technology, Karachi','CIVIL','KARACHI SOUTH','Inactive',NULL),(254364,'undefined','54784',1,'Abdul Bais','abdulbais0005@gmail.com','Village and PO box Yar Hussain District Swabi, Mohallah Younas khel','03405564592',NULL,NULL,'1620151456707',NULL,0.0,NULL,NULL,NULL,NULL,'KPK','COMSATS University Islamabad (Wah Campus)','CIVIL','SWABI','Inactive',NULL),(254365,'undefined','11931',1,' GHULAM SHABBIR','engrshabbirr@gmail.com','6-H COMMERCIAL AREA, CANAL GARDEN, LAHORE','03442204132',NULL,NULL,'3320115736517',NULL,0.0,NULL,NULL,NULL,NULL,'Punjab','DAWOOD UNIVERSITY OF ENGINEERING AND TECHNOLOGY, KARACHI','ELECTRO','LAHORE','Inactive',NULL),(254366,'undefined','61899',1,'Arslan Ahmad','arslan_ahmad777@yahoo.com','36-D old officers colony, Zarar shaheed Road, Lahore Cantt.','03216777428',NULL,NULL,'3520134634117',NULL,0.0,NULL,NULL,NULL,NULL,'Punjab','UNIVERSITY OF SOUTH ASIA, LAHORE','ELECT','LAHORE','Inactive',NULL),(254367,'undefined','40339',1,'MUHAMMAD QASIM SAEED KHAN','qasim_saeed572@hotmail.com','90-C, UET HOUSING SOCIETY, SATTUKATLA(NEAR WAPDA TOWN), LAHORE.','923234288803',NULL,NULL,'3520286091515',NULL,0.0,NULL,NULL,NULL,NULL,'Punjab','UET, LAHORE','CIVIL','LAHORE','Inactive',NULL),(254368,'undefined','40060',1,'MUHAMMAD HASSAN','muhammad.hassan095@yahoo.com','HOUSE NO # D-69 PAKISTAN QUARTERS NISHTAR ROAD KARACHI 74550','03350239932',NULL,NULL,'4220161184019',NULL,0.0,NULL,NULL,NULL,NULL,'Sindh','SIR SYED UNIVERSITY OF ENGINEERING & TECHNOLOGY, KARACHI','CIVIL','KARACHI','Inactive',NULL),(254369,'undefined','56920',1,'MANAZIR HUSSAIN','manaziransar@gmail.com','R-143, Hussain Hazara Goth Gulshan-e-Iqbal Block 11, Karachi','03119805057',NULL,NULL,'7150354107435',NULL,0.0,NULL,NULL,NULL,NULL,'Sindh','Sir Syed University of Engineering & Technology, Karachi','CIVIL','KARACHI EAST','Inactive',NULL),(254370,'undefined','48558',1,'Muhammad Moosa Kazim','mmoosakazim94@gmail.com','A-2179 Gulshan-e-Hadeed Ph-II, Bin Qasim Town Karachi','03405371189',NULL,NULL,'4250131721823',NULL,0.0,NULL,NULL,NULL,NULL,'Sindh','QUAID-E-AWAM UNIVERSITY OF ENGINEERING SCINCE & TECHNOLOGY , NAWABSHAH','CIVIL','KARACHI MALIR','Inactive',NULL),(254371,'undefined','54712',1,'MUHAMMAD SULEMAN JAVED','sulemanjaved20@gmail.com','HOUSE NO. 615, NARGIS BLOCK, ALLAMA IQBAL TOWN, LAHORE','03244638366',NULL,NULL,'3520259880807',NULL,0.0,NULL,NULL,NULL,NULL,'Punjab','UET, LAHORE (FAISALABAD CAMPUS)','ELECT','LAHORE','Inactive',NULL),(254372,'undefined','53502',1,'Irfan Ullah Khan','irfanullah3926@gmail.com','Moza Peer Ali P/O Jaboka Teshil District Okara ','03006903926',NULL,NULL,'3530290717547',NULL,0.0,NULL,NULL,NULL,NULL,'Punjab','University College of Engineering Sciences and Technology. Lahore Leads University, Lahore','CIVIL','OKARA','Inactive',NULL),(254373,'undefined','46900',1,'Zeeshan Hanif','hzeeshan891@gmail.com','Jatlan Post Office Khas (10380) Tehsil & District Mirpur Azad Jammu & Kashmir','03475564616',NULL,NULL,'8130221014555',NULL,0.0,NULL,NULL,NULL,NULL,'AJK','MIRPUR UNIVERSITY OF SCIENCE AND TECHNOLOGY, MIRPUR(AJ&K)','CIVIL','MIRPUR','Inactive',NULL),(254374,'undefined','47420',1,'Husnain Nisar','husnain55@outlook.com','VILLAGE ABDUPUR , P/O JATLAN, TEHSIL AND DISTRICT MIRPUR AJK','03038165374',NULL,NULL,'8130293097767',NULL,0.0,NULL,NULL,NULL,NULL,'AJK','MIRPUR UNIVERSITY OF SCIENCE AND TECHNOLOGY, MIRPUR(AJ&K)','CIVIL','MIRPUR','Inactive',NULL),(254375,'undefined','54085',1,'Ehsan Ahmed Khan ','ehsan95pk@gmail.com','V/P.O Khalol, Tehsil Kahuta\nDistrict Rawalpindi','03361546722',NULL,NULL,'3740251251505',NULL,0.0,NULL,NULL,NULL,NULL,'Punjab','Capital University of Science and Technology Islamabad  (Muhammad Ali Jinnah University, Karachi)','CIVIL','RAWALPINDI','Inactive',NULL),(254376,'undefined','56556',1,'Muhammad Qaisar Sajjad ','mqaisarsajjad@gmail.com','Raees Motors Fatehpur Kamal, Tehsil','03111434252',NULL,NULL,'3130107303753',NULL,0.0,NULL,NULL,NULL,NULL,'Punjab','The University of Lahore, Lahore (Main Campus)','CIVIL','RAHIM YAR KHAN','Inactive',NULL),(254377,'undefined','53175',1,'Hassan Raza','engr.hassanraza1@gmail.com','House # 88, Bodla Colony, Block # 18, Dera Ghazi Khan','03356367722',NULL,NULL,'3210296097901',NULL,0.0,NULL,NULL,NULL,NULL,'Punjab','University of South Asia, Lahore','CIVIL','DERA GHAZI KHAN','Inactive',NULL),(254378,'undefined','32351',1,'SHOZIB MAHMOOD BHUTTA','shozibmahmood12@gmail.com','BEACON CITY SCHOOL OPP. BABAR THEATER KUTCHERY ROAD, MULTAN','09230083961',NULL,NULL,'3630202684507',NULL,0.0,NULL,NULL,NULL,NULL,'Punjab','UET, TAXILA.','MECH','MULTAN','Inactive',NULL),(254379,'undefined','57146',1,'Muhammad Mohy ud din','mohyuddinm@outlook.com','P30/C Main Bazar Madinabad near Jaranwala Road 214 RB, Faisalabad','03107991554',NULL,NULL,'3310088829313',NULL,0.0,NULL,NULL,NULL,NULL,'Punjab','University of Engineering and Technology, Taxila (Main Campus)','CIVIL','FAISALABAD','Inactive',NULL),(254380,'undefined','43525',1,'Shahzad Ali','alishahzad955@yahoo.com','Village Pattu Kalan Tehsil & District Kasur.','03428060693',NULL,NULL,'3510274893233',NULL,0.0,NULL,NULL,NULL,NULL,'Punjab','UNIVERSITY COLLEGE OF ENGINEERING, SCIENCES AND TECHNOLOGY, LAHORE ( LEADS UNIVERSITY, LAHORE)','CIVIL','KASUR','Inactive',NULL),(254381,'undefined','43102',1,'Muhammad Hamza','engrmuhammadhamza1@gmail.com','Near Government Shaheed Shehzad Ijaz High School, Khalil Road, Academy Town, Peshawar.','03001088898',NULL,NULL,'1730127220201',NULL,0.0,NULL,NULL,NULL,NULL,'KPK','University of Engineering and Technology, Peshawar (Main Campus)','MECH','PESHAWAR','Inactive',NULL),(254382,'undefined','19179',1,'Arshaq Asfaar','engrarshaqasfaar@gmail.com','House no1, Street no5, Rahatabad Peshawar.','03159573642',NULL,NULL,'1730134638261',NULL,0.0,NULL,NULL,NULL,NULL,'KPK','University of Engineering and Technology, Peshawar (Main Campus)','CHEM','PESHAWAR','Inactive',NULL),(254383,'undefined','38473',1,' RIZWAN HAIDER','SYEDRIZWAN153@YAHOO.COM','HOUSE NUMBER 169, LAWYERS COLONY,NEAR DISTRICT PUBLIC SCHOOL BY PASS ROAD LAYYAH.','03216762717',NULL,NULL,'3220348628729',NULL,0.0,NULL,NULL,NULL,NULL,'Punjab','','CIVIL','LAYYAH','Inactive',NULL),(254384,'undefined','40550',1,'MUHAMMAD','adeeb.muhammad13@gmail.com','Flat no. N 357, Al burhan arcade block E, North Nazimabad, Karachi','03312150797',NULL,NULL,'4210114744187',NULL,0.0,NULL,NULL,NULL,NULL,'Sindh','NED-UET, KARACHI.','CIVIL','KARACHI','Inactive',NULL),(254385,'undefined','35632',1,' MUHAMMAD TAHA SIDDIQUI','SIDDIQUI-TAHA90@HOTMAIL.COM','House # 169 J block Johar Town Lahore','03334543428',NULL,NULL,'3520220129307',NULL,0.0,NULL,NULL,NULL,NULL,'Punjab','','ELECT','LAHORE','Inactive',NULL),(254386,'undefined','55007',1,'Muhammad Ahmed Khan','ahmed_student91@hotmail.com','House No. F-111, Cantt Bazar Area, Malir Cantt, Karachi','03032755257',NULL,NULL,'4210164690327',NULL,0.0,NULL,NULL,NULL,NULL,'Sindh','NED University of Engineering and Technology, Karachi','CIVIL','KARACHI MALIR','Inactive',NULL),(254387,'undefined','09068',1,' FAYYAZ AKHTAR','fayyazakhtar@outlook.com','House No 122B, Street 9 F11/1 Islamabad','03368838750',NULL,NULL,'3740526851129',NULL,0.0,NULL,NULL,NULL,NULL,'Punjab','','CIVIL','RAWALPINDI','Inactive',NULL),(254388,'undefined','52036',1,'Mohammad Shoaib','mohammadshoaib883@gmail.com','Shaheen Cottage Near Bus Stop, St. Masjid Jalal, Shaheen Abad Qila Dedar SinghMc, Teh & Distt Gujranwala Pakistan','03029756638',NULL,NULL,'3410193271559',NULL,0.0,NULL,NULL,NULL,NULL,'Punjab','University of Engineering and Technology, Lahore (Narowal Campus)','CIVIL','QILA DEEDAR SINGH','Inactive',NULL),(254389,'undefined','29384',1,'Muhammad Moiz','engr.mmoiz@gmail.com','H-395 Sadat Colony, Near Shah Faisal Colony,  Karachi.','03312582188',NULL,NULL,'4220126537445',NULL,0.0,NULL,NULL,NULL,NULL,'Sindh','NED University of Engineering and Technology, Karachi','ELECTRO','KARACHI EAST','Inactive',NULL),(254390,'undefined','08331',1,' AAMIR RIAZ','aamirriaz1@gmail.com','GERRY\'S DNATA CARGO COMPLEX, ROOM NO. 21, MEZZANINE FLOOR, AIR CARGO TERMINAL ISLAMABAD INTERNATIONAL AIRPORT, ISLAMABAD','03324162216',NULL,NULL,'3210256322755',NULL,0.0,NULL,NULL,NULL,NULL,'Punjab','','CHEM','DERA GHAZI KHAN','Inactive',NULL),(254391,'undefined','47780',1,'Hussain Ahmad','ahmaddeshani123@gmail.com','Village & p/o Gijbori Distt & Teh Battagram','03065455643',NULL,NULL,'1320298884163',NULL,0.0,NULL,NULL,NULL,NULL,'KPK','THE UNIVERSITY OF LAHORE,  LAHORE','CIVIL','BATAGRAM','Inactive',NULL),(254392,'undefined','44687',1,'Muhammad Umer','muhammadumer0104@outlook.com','750-Kashmir Block Allama Iqbal Town , Lahore','03035360546',NULL,NULL,'3520299460647',NULL,0.0,NULL,NULL,NULL,NULL,'Punjab','Imperial College of Business Studies, Lahore','MECH','LAHORE','Inactive',NULL),(254393,'undefined','13793',1,' KHURRUM SHAHZAD','engr.khurram22@gmail.com','H # E-1077/T-1 near ameen Generat store naqeeb choke nadrabad #2 Bedian Road Lahore Cantt','03334564327',NULL,NULL,'3120268194837',NULL,0.0,NULL,NULL,NULL,NULL,'Punjab','','ELECTRO','LAHORE','Inactive',NULL),(254394,'undefined','47651',1,'Muhammad Awais','awais14ce65@gmail.com','House # 160-B, Ward # 02 Memon Mohallah Shahbaz Road Badin','03362525215',NULL,NULL,'4110162730659',NULL,0.0,NULL,NULL,NULL,NULL,'Sindh','MUET, JAMSHORO','CIVIL','BADIN','Inactive',NULL),(254395,'undefined','43918',1,'Faris Jalil','herefaris@gmail.com','Hassan Electric Store Khawaja Market Shahi Bazar Pano Aqil district Sukkur','03113514887',NULL,NULL,'4550153548315',NULL,0.0,NULL,NULL,NULL,NULL,'Sindh','SIR SYED UNIVERSITY OF ENGINEERING & TECHNOLOGY, KARACHI','CIVIL','SUKKUR','Inactive',NULL),(254396,'undefined','30224',1,' SYED MUHAMMAD JOWN ABBAS ZAIDI','JOWN.ZAIDI@GMAIL.COM','A-91, RIZVIA SOCIETY, PH-II, SEC 34-A, SCH-33, KARACHI.','03212796151',NULL,NULL,'4220129253195',NULL,0.0,NULL,NULL,NULL,NULL,'Sindh','','CIVIL','KARACHI','Inactive',NULL),(254397,'undefined','45016',1,'Syed Awais Ali','awaisshah333@gmail.com','House # 1A-53, Juhar Muhallah, Daulatpur, Taluka Kazi Ahmed, District Shaheed Benazirad','03142677084',NULL,NULL,'4540161426791',NULL,0.0,NULL,NULL,NULL,NULL,'Sindh','SIR SYED UNIVERSITY OF ENGINEERING & TECHNOLOGY, KARACHI','CIVIL','SHAHEED BENAZIR ABAD','Inactive',NULL),(254398,'undefined','40854',1,'KHURRAM SHAHZAD','shahzadakhurram@outlook.com','SUIT# 6, 1ST FLOOR, MUBARAK PLAZA UNIVERSITY ROADCHAKDARA DIR LOWER','03469392123',NULL,NULL,'1310136738879',NULL,0.0,NULL,NULL,NULL,NULL,'KPK','THE UNIVERSITY OF LAHORE, LAHORE (ISLAMABAD CAMPUS)','CIVIL','DIR','Inactive',NULL),(254399,'undefined','66147',1,'Noman Farooq','noman561@gmail.com','House No. 711 Gali 17 Sector G-10/1 Islamabad','03459268871',NULL,NULL,'8120273522913',NULL,0.0,NULL,NULL,NULL,NULL,'AJK','HAMDARD INSTITUTE OF ENGINEERING AND TECHNOLOGY, ISLAMABAD CAMPUS (HAMDARD UNIVERSITY, KARACHI)','ELECT','KOTLI','Inactive',NULL),(254400,'undefined','54811',1,'Muhammad Muzammil Khan','muzammilnedian@gmail.com','Flat # H-1 , Haroon Plaza ,sector 11-i , North Karachi ,Karachi','03472011074',NULL,NULL,'4210128435023',NULL,0.0,NULL,NULL,NULL,NULL,'Sindh','NED University of Engineering and Technology, Karachi','CIVIL','KARACHI CENTRAL','Inactive',NULL),(254401,'undefined','28769',1,' MUNAWWAR KHAN','munawwarkhan86@hotmail.com','MAUZA DHALLU P/O KARAM PUR TEHSIL MAILSI DISTRICT VEHARI','03023511135',NULL,NULL,'3660282298933',NULL,0.0,NULL,NULL,NULL,NULL,'Punjab','','CIVIL','VEHARI','Inactive',NULL),(254402,'undefined','52703',1,'UMAR MAHMOOD','i090554@nu.edu.pk','HOUSE# 614, STREET# 116, G-9/3 ISLAMABAD','03337839696',NULL,NULL,'3610332013463',NULL,0.0,NULL,NULL,NULL,NULL,'Federal','NUCES, ISLAMABAD','ELECT','ISLAMABAD','Inactive',NULL),(254403,'undefined','53312',1,'Hassaan Amjad','hassaanamjad17@gmail.com','H.No 2,Rehman Block, Canal Villas, near Government Girls College 111/p, Rahim yar khan','03341839329',NULL,NULL,'3130467181713',NULL,0.0,NULL,NULL,NULL,NULL,'Punjab','University of South Asia, Lahore','CIVIL','RAHIM YAR KHAN','Inactive',NULL),(254404,'undefined','16863',1,'Fahad Hassan','fahadhassan668@gmail.com','H #D-10 St #3 Wapda Colony H-8/2 Zero Point Islamabad','03420442448',NULL,NULL,'6110153163731',NULL,0.0,NULL,NULL,NULL,NULL,'Federal','Bahria University, Islamabad (Main Campus)','COMP','ISLAMABAD','Inactive',NULL),(254405,'undefined','40333',1,'RIZWAN AMJAD','rizwanamjad07@gmail.com','CHAK NO. 183 G.B, MIAN KOT, TEHSIL & DISTRICT TOBA TEK SINGH, PUNJAB, PAKISTAN','03437442183',NULL,NULL,'3330311419207',NULL,0.0,NULL,NULL,NULL,NULL,'Punjab','NUCES, ISLAMABAD (LAHORE CAMPUS)','CIVIL','TOBA TEK SINGH','Inactive',NULL),(254406,'undefined','56846',1,'Syed Muhammad Azam Gillani','azamgillani786@gmail.com','House # 594, Block C, Gol Plot, Mumtazabad Town, Multan','03027370965',NULL,NULL,'3660273311341',NULL,0.0,NULL,NULL,NULL,NULL,'Punjab','Pakistan Institute of Engineering and Technology, Multan (University of Sargodha))','CIVIL','MULTAN','Inactive',NULL),(254407,'undefined','12169',1,' NISAR AHMED','CENGR.NISAR.AHMED@GMAIL.COM','BANGLOW#C-1 SCARP IRRIGATION NEAR PUBLIC SCHOOL MILITARY ROAD SUKKUR','03313924742',NULL,NULL,'4550456092035',NULL,0.0,NULL,NULL,NULL,NULL,'Sindh','','COMP','SUKKUR','Inactive',NULL),(254408,'undefined','17463',1,'Farah Naeem','farah.khokher@gmail.com','449 Shaheen Block Chinar Bagh Lahore.','03433221907',NULL,NULL,'3520215277414',NULL,0.0,NULL,NULL,NULL,NULL,'Punjab','Institute of Chemical Engineering and Technology, Lahore (University of the Punjab, Lahore) (Quaid-e-Azam Campus)','CHEM','LAHORE','Inactive',NULL),(254409,'undefined','41016',1,'FIAZ AHMED','fiaz171@yahoo.com','Office 101, Balad Trade Centre, Block # 3, Alamgir Road, BMCHS, Bahadurabad, Karachi','03362884258',NULL,NULL,'4410175058503',NULL,0.0,NULL,NULL,NULL,NULL,'Sindh','MUET, JAMSHORO','CIVIL','MIRPUR KHAS','Inactive',NULL),(254410,'undefined','42576',1,'MUHAMMAD USAMA','ch.usamagujjar@gmail.com','KIDS\'\'R\'\'KIDS SCHOOL NEAR BY POST OFFICE BANGHLA CHOWK WAZIRABAD ROAD CITY DASKA DISTT SIALKOT. ','03436312913',NULL,NULL,'3460169702723',NULL,0.0,NULL,NULL,NULL,NULL,'Punjab','MIRPUR UNIVERSITY OF SCIENCE AND TECHNOLOGY, MIRPUR(AJ&K)','CIVIL','LAHORE','Inactive',NULL),(254411,'undefined','56148',1,'HASSAN ALI','hassanali935@gmail.com','BIX 977-A, NAZEER COLONY OUTSIDE GRAIN MARKET JHANG SADAR','03336760801',NULL,NULL,'3320320842423',NULL,0.0,NULL,NULL,NULL,NULL,'Punjab','UCET (THE ISLAMIA UNIVERSITY BAHAWALPUR)','ELECT','JHANG','Inactive',NULL),(254412,'undefined','76360',1,'Waqarul Mulk','engrwaqarulmulk01@gmail.com','Vill Daggar,Teh Daggar, P/O Daggar, Distt Buner.','03409803934',NULL,NULL,'1510135391039',NULL,0.0,NULL,NULL,NULL,NULL,'KPK','Iqra National  University, Peshawar (Formerly Iqra University, Karachi (Peshawar Campus)','ELECT','BUNAIR','Inactive',NULL),(254413,'undefined','54781',1,'Mirza Arslan Baig','mirza_arslan_baig@hotmail.com','83-E, Sukh Chayn Gardens, Street No 2, Multan Road, lahore','03234112646',NULL,NULL,'3520064314557',NULL,0.0,NULL,NULL,NULL,NULL,'Punjab','National University of Computer and Emerging Sciences, Islamabad (Lahore Campus)','CIVIL','LAHORE','Inactive',NULL),(254414,'undefined','76718',1,'Muhammad Hamza Fayyaz','hamzafyz06@gmail.com','house no. 23/280, gali naina wali, raja bazar,chownk bari wala, ramtali, Sialkot 51310','03033281920',NULL,NULL,'3460329342735',NULL,0.0,NULL,NULL,NULL,NULL,'Punjab','COMSATS University Islamabad (Abbottabad Campus)','ELECT','SIALKOT','Inactive',NULL),(254415,'undefined','38632',1,' SHABIRULLAH','SHABIRJAN89@GMAIL.COM','VILLAGE FAIZABAD P.O.SAIDU SHARIF C/O SHAH REHMAN STORE ','03333504013',NULL,NULL,'1560220788119',NULL,0.0,NULL,NULL,NULL,NULL,'KPK','','CIVIL','SWAT','Inactive',NULL),(254416,'undefined','15803',1,' FAISAL WAHEED','FAIWAH@GMAIL.COM','DWP Technologies , Street 39, Plot -18, G-10/4, Islamabad. ','03331540989',NULL,NULL,'3740505971735',NULL,0.0,NULL,NULL,NULL,NULL,'Federal','','ELECT','ISLAMABAD','Inactive',NULL),(254417,'undefined','00056',1,' SULAIMAN MAJEED','sulaimanmajeed@live.com','House No. 245, Street No.19, Mubarik Road, Sadar Cantt, Lahore, Pakistan','03454304477',NULL,NULL,'3520157057849',NULL,0.0,NULL,NULL,NULL,NULL,'Punjab','UET, LAHORE','TRANSPORT','LAHORE','Inactive',NULL),(254418,'undefined','40333',1,'M.Hassan Khan Lodhi','hassanlodhi96@gmail.com','House # 21, Street # 3, Ghouri Town Phase-2, Islamabad','03137509858',NULL,NULL,'3420190800119',NULL,0.0,NULL,NULL,NULL,NULL,'Federal','Capital University of Science and Technology Islamabad (Muhammad Ali Jinnah University, Karachi)','MECH','ISLAMABAD','Inactive',NULL),(254419,'undefined','36900',1,' DAOOD KHAN','daoodkhandaha@yahoo.com','Basti Denay wala, Near Dingiyan pulan, Kabirwala Road, District Khanewal','03217487408',NULL,NULL,'3230411280017',NULL,0.0,NULL,NULL,NULL,NULL,'Punjab','','ELECT','MUZAFFAR GARH','Inactive',NULL),(254420,'undefined','41620',1,' MASSAB FAROOQ','MASSAB2050@GMAIL.COM','House # 122, Street # 3, Sector F7, Phase 6, Hayatabad Peshawar','03139505101',NULL,NULL,'1730132922281',NULL,0.0,NULL,NULL,NULL,NULL,'KPK','COMSATS ABBOTTABAD CAMPUS IIT, ISLAMABAD ','ELECT','PESHAWAR','Inactive',NULL),(254421,'undefined','20608',1,' ZAHID ABBAS','abbaszahid80@hotmail.com','H#26, CANAL COLONY KACHERY ROAD NEAR ZAM ZAM RESTAURANT SARGODHA.','03366906417',NULL,NULL,'3840317332235',NULL,0.0,NULL,NULL,NULL,NULL,'Punjab','','ELECTRO','SARGODHA','Inactive',NULL),(254422,'undefined','37342',1,' MUHAMMAD RIZWAN SHOUKAT','RIZWAN_SHOUKAT@LIVE.COM','H#55/B-III ST#8 BLOCK C MAHAJAR COLONY BAGHDAD ROAD ','03047407899',NULL,NULL,'3120211479385',NULL,0.0,NULL,NULL,NULL,NULL,'Punjab','','CIVIL','BAHAWALPUR','Inactive',NULL),(254423,'undefined','34725',1,' FARAN SARWAR','faranbaloch@gmail.com','H#79-80, TAUFIQUE COLONY SHAHANI SERVICE NEAR DCO HOUSE DADU','03013141717',NULL,NULL,'4120177459803',NULL,0.0,NULL,NULL,NULL,NULL,'Sindh','','CIVIL','DADU','Inactive',NULL),(254424,'undefined','32534',1,'MUHAMMAD SAQIB','12me68@quest.edu.pk','GULAR GENERAL STORE, MOHNI BAZAR NEAR SANGHAR VAN STAND NAWABSHAH','03123200900',NULL,NULL,'4540297734299',NULL,0.0,NULL,NULL,NULL,NULL,'Sindh','QUEST NAWABSHAH','MECH','SHAHEED BENAZIR ABAD','Inactive',NULL),(254425,'undefined','36646',1,'MUHAMMAD SHOAIB RAFIQ','engr.shoaib307@gmail.com','P/O AHSANPUR, TEHSIL KOT ADDU, DISTRICT MUZAFFARGARH','03456906807',NULL,NULL,'3230314268629',NULL,0.0,NULL,NULL,NULL,NULL,'Punjab','UET LAHORE (KALA SHAH KAKU CAMPUS)','MECH','MUZAFFAR GARH','Inactive',NULL),(254426,'undefined','56314',1,'Waleed Nasir','waleed.crt@gmail.com','House 8A, Street 1, Sector D-5, Main Double Road, Phase 1, Hayatabad, Peshawar.','03365961734',NULL,NULL,'1730179705401',NULL,0.0,NULL,NULL,NULL,NULL,'KPK','Iqra National  University, Peshawar (Formerly Iqra University, Karachi (Peshawar Campus)','CIVIL','PESHAWAR','Inactive',NULL),(254427,'undefined','42478',1,' WAQAS AMIN','ansari031@yahoo.com','MOHALLAH ASKARI VILLAGE CHOWKAI TEHSIL AND DISTRICT MARDAN POST OFFICE RISALPUR','03215765087',NULL,NULL,'1610111360445',NULL,0.0,NULL,NULL,NULL,NULL,'KPK','','ELECT','RISALPUR','Inactive',NULL),(254428,'undefined','62093',1,'Mushtaq Ahmed Khan','engrmushtaqafridi@gmail.com','House # 57, Falcon Complex,  68 the Mall , Mall Road, Cantt, Peshawar','03339882929',NULL,NULL,'2120114256503',NULL,0.0,NULL,NULL,NULL,NULL,'Punjab','COMSATS IIT, ISLAMABAD (ABBOTTABAD CAMPUS)','ELECT','RAWALPINDI','Inactive',NULL),(254429,'undefined','37755',1,'Abdul Hadi urf Zubair','zubairalimemon98@gmail.com','Hussainabad colony, seerat-ul-nabi chowk, tando muhammad khan','03471355577',NULL,NULL,'4160106155407',NULL,0.0,NULL,NULL,NULL,NULL,'Sindh','MEHRAN UNIVERSITY OF ENGINEERING AND TECHNOLOGY, JAMSHORO','MECH','TANDO MOHAMMAD KHAN','Inactive',NULL),(254430,'undefined','80509',1,'Muhammad Hashim','engineerhashim62@gmail.com','Basti Muhammad Wali P/O Box Khair Pur Saddat Tehsil Ali Pur District Muzaffar Garh','03024742462',NULL,NULL,'3230188707217',NULL,0.0,NULL,NULL,NULL,NULL,'Punjab','University College of Engineering and Technology, Islamia University of Bahawalpur, Bahawalpur','ELECT','MUZAFFAR GARH','Inactive',NULL),(254431,'undefined','37840',1,' AHSEN HAMID','ahsenhamid123@gmail.com','C/O','03328544625',NULL,NULL,'8230393220963',NULL,0.0,NULL,NULL,NULL,NULL,'AJK','','CIVIL','RAWALAKOT','Inactive',NULL),(254432,'undefined','39603',1,' MUHAMMAD TAHIR SATTAR','tahirsattar1470@gmail.com','H#A-1, RTTS COLONY TUFAIL ROAD LAHORE CANTT ','03204329170',NULL,NULL,'3520166394725',NULL,0.0,NULL,NULL,NULL,NULL,'Punjab','UNIVERSITY ON MANAGMENT AND TECHNOLOGY LAHORE','ELECT','LAHORE','Inactive',NULL),(254433,'undefined','42931',1,'ALI ASLAM','aliaslamce@gmail.com','HOUSE # 3, STREET # 1, FARID TOWN, JARANWALA ROAD, FAISALABAD','03237648913',NULL,NULL,'3310218493135',NULL,0.0,NULL,NULL,NULL,NULL,'Punjab','UET, TAXILA.','CIVIL','FAISALABAD','Inactive',NULL),(254434,'undefined','58391',1,'WAQAS ZAFAR','waqaszafar04@gmail.com','House # 13/5, Road # 7,\nTIP Housing Society Haripur,\nHaripur Hazara, KPK, Pakistan\nMobile # 0334-8644824','03348644824',NULL,NULL,'1330295618761',NULL,0.0,NULL,NULL,NULL,NULL,'KPK','COMSATS IIT, ISLAMABAD (ABBOTTABAD CAMPUS)','ELECT','HARIPUR','Inactive',NULL),(254435,'undefined','08545',1,'Saadat Ullah Shah Shakir','saadatullah4@gmail.com','Village Salah, Tehsil Lahor, Distt Swabi, P/O Manki','03115816465',NULL,NULL,'1730112554061',NULL,0.0,NULL,NULL,NULL,NULL,'KPK','University of Engineering and Technology, Peshawar (Mardan Campus)','TELE','SWABI','Inactive',NULL),(254436,'undefined','44216',1,'Armughan Tariq Saddar','armughantariq1365@gmail.com','Saddar Muhallah Hala Old, Taluka Hala New, District Matiari.','03072512507',NULL,NULL,'4130143336597',NULL,0.0,NULL,NULL,NULL,NULL,'Sindh','MUET, JAMSHORO','CIVIL','MATIARI','Inactive',NULL),(254437,'undefined','24477',1,'KASHIF SANI','KASHIFSANI@HOTMAIL.COM','PESHAWAR','03128463223',NULL,NULL,'1530757422763',NULL,0.0,NULL,NULL,NULL,NULL,'KPK','NWFP University of Engineering and Technology Peshawar','MECH','PESHAWAR','Inactive',NULL),(254438,'undefined','34514',1,'Fahad Naseer','fahad.pmt@gmail.com','ZB 6153/A, Street # 18, Al Badar Colony, Pir Wadhai, Rawalpindi','03355333095',NULL,NULL,'9040301675243',NULL,0.0,NULL,NULL,NULL,NULL,'Punjab','UNIVERSITY PUTRA MALAYSIA','MECH','RAWALPINDI','Inactive',NULL),(254439,'undefined','00307',1,'ZAHEER-U-DIN BABAR','z.babar@outlook.com','30-E, Mohammad Ali Cooperative Housing Society, Karachi, 75350, Pakistan','09233290079',NULL,NULL,'3220310541775',NULL,0.0,NULL,NULL,NULL,NULL,'Punjab','UET, LAHORE','GEOLOGY','LAYYAH','Inactive',NULL),(254440,'undefined','76680',1,'Saleem Ullah','saleemullah863@gmail.com','House# 175, Street# 6, Sector L-2, Phase-3, Hayatabad Peshawar','03419200037',NULL,NULL,'1110203471337',NULL,0.0,NULL,NULL,NULL,NULL,'KPK','University of Engineering and Technology, Peshawar (Mardan Campus)','ELECT','PESHAWAR','Inactive',NULL),(254441,'undefined','51822',1,'Nadeem Jafer','nadeemjafer567@gmail.com','P/O Kot Abbas Shaheed Chak # 2 kot mela raam near Govt. High School 2kmr  Tehsil Multan Sadar District Multan','03042444509',NULL,NULL,'3630396033025',NULL,0.0,NULL,NULL,NULL,NULL,'Punjab','Quaid-e-Azam College Of Engineering and Technology, Sahiwal (University of engineering and Technology, Lahore)','CIVIL','MULTAN','Inactive',NULL),(254442,'undefined','03470',1,'Saleem Jafar','saleemjaferid@gmail.com','Near Govt. High School Chak# 2 KMR Kot Abbas Shaheed Tehsil Multan Saddar District Multan','03067473968',NULL,NULL,'3630382460915',NULL,0.0,NULL,NULL,NULL,NULL,'Punjab','National Textile University, Faisalabad','TEXTILE','MULTAN','Inactive',NULL),(254443,'undefined','32684',1,' SOHAIL ANWAR','SOHAILANWAR3@GMAIL.COM','Banglow No. 434, Street# 1, F11/1, Islamabad','03122349721',NULL,NULL,'4510234067159',NULL,0.0,NULL,NULL,NULL,NULL,'Federal','','CIVIL','ISLAMABAD','Inactive',NULL),(254444,'undefined','31327',1,' NAYAB TARIQ','nayab_t@yahoo.com','H # 472 ST # 80 SECTOR-III GULSHAN-E-ABAD RAWALPINDI','03360154372',NULL,NULL,'3740514170306',NULL,0.0,NULL,NULL,NULL,NULL,'Punjab','UET, TAXILA.','ELECT','RAWALPINDI','Inactive',NULL),(254445,'undefined','82996',1,'Asad Khursheed','asadkhursheed95@gmail.com','C/O ALAM DEEN HEIGH SCHOOL TATTA PANI  P/O TATTAPANI TEHSIL AND DISTRICT  KOTLI  AJK (11160)','03061561216',NULL,NULL,'8230234867917',NULL,0.0,NULL,NULL,NULL,NULL,'AJK','Mirpur University of Science and Technology, Mirpur (AJ&K)','ELECT','KOTLI','Inactive',NULL),(254446,'undefined','05179',1,'FAHIM ULLAH JAN ','fahim.jan46@gmail.com','Room # 35, Sir Syed Hall, U.E.T Lahore, 54890, G.T Road Lahore.','03348868961',NULL,NULL,'1110130378489',NULL,0.0,NULL,NULL,NULL,NULL,'KPK','University of Engineering and Technology, Lahore (Main Campus)','METAL','BANNU','Inactive',NULL),(254447,'undefined','51454',1,'Abdul Wahab','khanwahab503@gmail.com','Sabo Khel Mandan Bannu, KPK','03121446563',NULL,NULL,'1110148582861',NULL,0.0,NULL,NULL,NULL,NULL,'KPK','University of Engineering and Technology, Peshawar (Bannu Campus)','CIVIL','BANNU','Inactive',NULL),(254448,'undefined','44615',1,'Noshad Ali','noshadali44@gmail.com','memon mohalla luqman khairpur','03133025785',NULL,NULL,'4520384774119',NULL,0.0,NULL,NULL,NULL,NULL,'Sindh','MEHRAN UNIVERSITY OF ENGINEERING AND TECHNOLOGY, JAMSHORO (SHAHEED ZULFIQUAR ALI BHUTTO CAMPUS, KHAIRPUR MIRS)','CIVIL','KHAIR PUR','Inactive',NULL),(254449,'undefined','03077',1,'Zohaib Ahmed','zohaib847@yahoo.com','House No','03112579326',NULL,NULL,'4520613452131',NULL,0.0,NULL,NULL,NULL,NULL,'Sindh','Mehran University of Engineering and Technology- Shaheed Zulfiqar Ali Bhutto, Campus Khairpur Mirs (muet, Jamshoro)','PETGAS','KARACHI MALIR','Inactive',NULL),(254450,'undefined','83964',1,'Syeda Zillay Nain Zukhraf ','p166373@nu.edu.pk','H#450/5, Allama Iqbal Street, Wah MOdel Town Phase-I, Wah Cantt','03351964196',NULL,NULL,'3740605175004',NULL,0.0,NULL,NULL,NULL,NULL,'Punjab','National University of Computer and Emerging Sciences, Islamabad (Peshawar Campus)','ELECT','WAH CANTT','Inactive',NULL),(254451,'undefined','41893',1,'Rashid Ali','rashidalikamboh1996@gmail.com','Zulfiqar house in front of Govt primary school village din Muhammad taluka tando bagho district badin ','03130247373',NULL,NULL,'4110468884827',NULL,0.0,NULL,NULL,NULL,NULL,'Sindh','Mehran University of Engineering and Technology, Jamshoro','MECH','BADIN','Inactive',NULL),(254452,'undefined','19340',1,'Muhammad Ghous','ghous.ali.731@gmail.com','House No P-56 Chak No 213 RB Sunder Singh Wala Muhammadia Colony, Faisalabad.','03057111475',NULL,NULL,'3310039549235',NULL,0.0,NULL,NULL,NULL,NULL,'Punjab','University of Engineering and Technology, Taxila (Main Campus)','COMP','FAISALABAD','Inactive',NULL),(254453,'undefined','44709',1,'Taimoor Amir Bhatti','taimooramir89@gmail.com','House no 30/4 Near New Abadi Misrial Road Rawalpindi Cantt.','03235591387',NULL,NULL,'3740568221293',NULL,0.0,NULL,NULL,NULL,NULL,'Punjab','HITEC University, Taxila Cantt','MECH','RAWALPINDI','Inactive',NULL),(254454,'undefined','29263',1,'Muhammad Farhan Safdar','farhansafdar356@gmail.com','HOUSE NO ','03081391245',NULL,NULL,'3740657253997',NULL,0.0,NULL,NULL,NULL,NULL,'Punjab','International Islamic University, Islamabad','ELECTRO','RAWALPINDI','Inactive',NULL),(254455,'undefined','25568',1,'OSAMA ANWER','usamaanwar58@gmail.com','HOUSE # A-945 SECTOR 11-A NORTH KARACHI,KARACHI.','03121756445',NULL,NULL,'4210181764323',NULL,0.0,NULL,NULL,NULL,NULL,'Sindh','DAWOOD UNIVERSITY OF ENGINEERING AND TECHNOLOGY, KARACHI','ELECTRO','KARACHI','Inactive',NULL),(254456,'undefined','80879',1,'Muhammad Owais','stubbornowais@live.com','House No. R-61 block D, TP2 Mehmoodabad No.2 Karachi','03462299105',NULL,NULL,'4220197352901',NULL,0.0,NULL,NULL,NULL,NULL,'Sindh','Hamdard Institute of Engineering and Technology, Karachi (Hamdard University, Karachi)','ELECT','KARACHI EAST','Inactive',NULL),(254457,'undefined','57317',1,'Hassan Ali','16-CE-2@students.uettaxila.edu.pk','House # 548-B, Block B, Satellite Town, Rawalpindi, Pakistan','03245102443',NULL,NULL,'3740539659163',NULL,0.0,NULL,NULL,NULL,NULL,'Punjab','University of Engineering and Technology, Taxila (Main Campus)','CIVIL','RAWALPINDI','Inactive',NULL),(254458,'undefined','02751',1,'Muhammad Arsalan Siddiqui','arslan.siddiqi@hotmail.com','H# R-12, BLOCK-18, RAILWAY SOCIETY, GULISTAN-E-JAUHAR, Karachi','03352732292',NULL,NULL,'4220172447863',NULL,0.0,NULL,NULL,NULL,NULL,'Sindh','NED-UET, KARACHI.','PETGAS','KARACHI','Inactive',NULL),(254459,'undefined','36406',1,'Muhammad Numan Ashraf','m.numanashraf428@gmail.com','Ashraf Electric store and painters kallu chok Karor road LAYYAH','03086420605',NULL,NULL,'3220307643421',NULL,0.0,NULL,NULL,NULL,NULL,'Punjab','UET, LAHORE','MECH','LAYYAH','Inactive',NULL),(254460,'undefined','30951',1,' ADNAN ZAMIR','adnanzamir123@hotmail.com','HOUSE NO. 810, ST NO. 77, SECTOR I-8/3, ISLAMABAD  ','03125197666',NULL,NULL,'6110192192781',NULL,0.0,NULL,NULL,NULL,NULL,'Federal','MAJU,KARACHI (MAJU, ISLAMABAD CAMPUS)','MECH','ISLAMABAD','Inactive',NULL),(254461,'undefined','44695',1,'Muhammad Osama','musama375@hotmail.com','Ali street house no 2  green land officer colony misrial road near rahbar school infront of Afridi general store, rawalpindi','03323050568',NULL,NULL,'3740579111349',NULL,0.0,NULL,NULL,NULL,NULL,'Punjab','Pakistan Institute of Engineering and Applied Sciences, Islamabad.','MECH','RAWALPINDI','Inactive',NULL),(254462,'undefined','44861',1,'Raja Muhammad Noman','rajamnoman876@gmail.com','Mohallah Badshahan wala Peer Jafar Road street no 2  khushab','03049469409',NULL,NULL,'3820116022271',NULL,0.0,NULL,NULL,NULL,NULL,'Punjab','University of Engineering and Technology, Taxila (Main Campus)','MECH','KHUSHAB','Inactive',NULL),(254463,'undefined','28849',1,'MUHAMMAD USMAN SIDDIQUI','usman_sidiqi@yahoo.com','HOUSE NO. 622, BLOCK C, FAISAL TOWN - LAHORE. ','03214441113',NULL,NULL,'3520244575491',NULL,0.0,NULL,NULL,NULL,NULL,'Punjab','University of Huddersfield, u.k','ELECTRO','LAHORE','Inactive',NULL),(254464,'undefined','57365',1,'Muhammad Saad Munir','msaadi1997@gmail.com','House No 33, Street No 1, Block B, CBR Town, Phase 1, Islamabad','03322174333',NULL,NULL,'6110149714893',NULL,0.0,NULL,NULL,NULL,NULL,'Federal','Capital University of Science and Technology, Islamabad Formally Muhammad Ali Jinnah University','CIVIL','ISLAMABAD','Inactive',NULL),(254465,'undefined','42044',1,'Muhammad Tauseef Liaqat','tauseef.liaqat2@gmail.com','House No. E-646, Syed Wazir Ali Street,Major Mustafa Sabir Shaheed Road, Ali Park Nadirabad-1, Bedian Road, Lahore Cantt. ','03238882253',NULL,NULL,'3520193079557',NULL,0.0,NULL,NULL,NULL,NULL,'Punjab','The University of Central Punjab, Lahore','MECH','LAHORE','Inactive',NULL),(254466,'undefined','74008',1,'Syed Qaim Ali Shah','qaim363@gmail.com','C/O Amjid Hussain Shah Postman GPO Muzaffarabad AJK','03420524363',NULL,NULL,'8220387322215',NULL,0.0,NULL,NULL,NULL,NULL,'AJK','University of Azad Jammu and Kashmir, Muzaffarabad','ELECT','MUZAFFARABAD','Inactive',NULL),(254467,'undefined','38393',1,'Muhammad Shahbaz','codenameshahbaz@gmail.com','House 271-A,Block A, Venus Housing Society Ferozpur road Lahore','03334123962',NULL,NULL,'3520134149021',NULL,0.0,NULL,NULL,NULL,NULL,'Punjab','UET, LAHORE','MECH','LAHORE','Inactive',NULL),(254468,'undefined','49370',1,'Abdullah Khan ','civil_engr@outlook.com','H#743, St#02, Shahzad Town, Islamabad, Pakistan','03410514440',NULL,NULL,'6110133825617',NULL,0.0,NULL,NULL,NULL,NULL,'Federal','INSTITUTE OF CIVIL ENGINEERING, ISLAMABAD(NUST ISLAMABAD)','CIVIL','ISLAMABAD','Inactive',NULL),(254469,'undefined','42380',1,'Muhammad Awais','engmohammadawais.khan@gmail.com','Leady Reading Hospital Block No 5 Flate No 27 Doctor Colony Peshawar','03138778524',NULL,NULL,'1710110714789',NULL,0.0,NULL,NULL,NULL,NULL,'KPK','SWEDISH COLLEGE OF ENGINEERING AND TECHNOLOGY, WAH CANTT. (UNIVERSITY OF ENGINEERING & TECHNOLOGY, TAXILA)','CIVIL','PESHAWAR','Inactive',NULL),(254470,'undefined','54538',1,'Nouman Sardar','noumansardar7105@gmail.com','Malik Mudassir town street no 2,Nawi Kali road Near PMS Boys 3  Ring Road, Peshawar,KPK','03089191106',NULL,NULL,'1730156616485',NULL,0.0,NULL,NULL,NULL,NULL,'KPK','City University of Science and Information Technology, Peshawar','CIVIL','PESHAWAR','Inactive',NULL),(254471,'undefined','63748',1,'Masroor Alam','masrooralam777@gmail.com','437-J Commercial Area DHA EME sector Lahore.','03115006625',NULL,NULL,'7120113477619',NULL,0.0,NULL,NULL,NULL,NULL,'Punjab','NWFP-UET, PESHAWAR.','ELECT','LAHORE','Inactive',NULL),(254472,'undefined','56748',1,'ABDULLAH','engr.abdullah2252@gmail.com','MATTA SHEWA BANDA TAHSIL KATLANG DISTRICT MARDAN','03149905725',NULL,NULL,'1610116795139',NULL,0.0,NULL,NULL,NULL,NULL,'KPK','Abasyn University, Peshawar','CIVIL','MARDAN','Inactive',NULL),(254473,'undefined','50594',1,'ISRAR ALI','israr.ffcb@gmail.com','SIMLY VALLEY , SERI CHOWK,  SIMLY DAM RD , BAHARA KAHU , ISLAMABAD.','923018566044',NULL,NULL,'3740528502891',NULL,0.0,NULL,NULL,NULL,NULL,'Federal','CASE, ISLAMABAD (UET TAXILA)','ELECT','ISLAMABAD','Inactive',NULL),(254474,'undefined','50604',1,'SHAFAQ SANI','shafaq.asif48@gmail.com','B II 57,STREET NO 2, MUSLIM TOWN \nRAWALPINDI','923425088697',NULL,NULL,'3740543481160',NULL,0.0,NULL,NULL,NULL,NULL,'Punjab','CASE, ISLAMABAD (UET TAXILA)','ELECT','RAWALPINDI','Inactive',NULL),(254475,'undefined','48387',1,' JAMIL AHMED','jamil.muetcampus@gmail.com','MUHALLAH MURAD WAHAN NEAR JAMIA MASJID Larkana','03337537280',NULL,NULL,'4320369851505',NULL,0.0,NULL,NULL,NULL,NULL,'Sindh','MEHRAN UNIVERSITY OF ENGINEERING AND TECHNOLOGY, JAMSHORO (SHAHEED ZULFIQUAR ALI BHUTTO CAMPUS, KHAIRPUR MIRS)','ELECT','LARKANA','Inactive',NULL),(254476,'undefined','36434',1,'Mubashir Rasool','Mubashir_ikram36@yahoo.com','House No.253/W-7M khuni Burj Babar road Mohallah Faroo Ganj Multan','03127979809',NULL,NULL,'3630296640619',NULL,0.0,NULL,NULL,NULL,NULL,'Punjab','COMSATS,IIT ISLAMABAD (SAHIWAL CAMPUS)','MECH','MULTAN','Inactive',NULL),(254477,'undefined','38382',1,' SHAMSUL ISLAM','SHAMSULISLAMDA@GMAIL.COM','H#114, ST#5 SECTOR P-1, PH-4 Hayatabad Peshawar','03369191751',NULL,NULL,'2150540438691',NULL,0.0,NULL,NULL,NULL,NULL,'KPK','','CIVIL','PESHAWAR','Inactive',NULL),(254478,'undefined','35469',1,' MUHAMMAD HASAN TAJ','hasan_elec_17@yahoo.com','HOUSE NO. 90-A, BLOCK NO. C, PIA HOUSING SOCIETY, LAHORE','03214879218',NULL,NULL,'3520239931021',NULL,0.0,NULL,NULL,NULL,NULL,'Punjab','','ELECT','LAHORE','Inactive',NULL),(254479,'undefined','34300',1,' NAEEM UR REHMAN','engr.naeem004@gmail.com','FLAT#O-20, NOMAN GRAND CITY BLOCK 17 GULISTAN E JAUHAR KARACHI','03452233973',NULL,NULL,'4220110493829',NULL,0.0,NULL,NULL,NULL,NULL,'Sindh','','CIVIL','KARACHI','Inactive',NULL),(254480,'undefined','48566',1,' MUSAIB AHMED HINGORO','musaibs_a@yahoo.com','ST#9/B, HINGORABAD ROAD NEW KALRI LYARI KARACHI','03218757559',NULL,NULL,'4230197799675',NULL,0.0,NULL,NULL,NULL,NULL,'Sindh','','ELECT','KARACHI SOUTH','Inactive',NULL),(254481,'undefined','82966',1,'Muneeb Afzal','muneebafzal@live.com','House # 7, APEX Homes, PCSIR Phase 2, Lahore','03018609971',NULL,NULL,'3430160820727',NULL,0.0,NULL,NULL,NULL,NULL,'Punjab','The University of Central Punjab, Lahore','ELECT','LAHORE','Inactive',NULL);
/*!40000 ALTER TABLE `userinfo` ENABLE KEYS */;
UNLOCK TABLES;

--
-- Table structure for table `userinfo_instructor_bridge`
--

DROP TABLE IF EXISTS `userinfo_instructor_bridge`;
/*!40101 SET @saved_cs_client     = @@character_set_client */;
/*!40101 SET character_set_client = utf8 */;
CREATE TABLE `userinfo_instructor_bridge` (
  `instructor_id` int(11) NOT NULL AUTO_INCREMENT,
  `DateCreated` datetime DEFAULT NULL,
  `user_id` int(11) NOT NULL,
  PRIMARY KEY (`instructor_id`),
  KEY `user_fk_idx` (`user_id`),
  CONSTRAINT `user_fk` FOREIGN KEY (`user_id`) REFERENCES `userinfo` (`UserID`) ON UPDATE CASCADE
) ENGINE=InnoDB AUTO_INCREMENT=16 DEFAULT CHARSET=latin1;
/*!40101 SET character_set_client = @saved_cs_client */;

--
-- Dumping data for table `userinfo_instructor_bridge`
--

LOCK TABLES `userinfo_instructor_bridge` WRITE;
/*!40000 ALTER TABLE `userinfo_instructor_bridge` DISABLE KEYS */;
INSERT INTO `userinfo_instructor_bridge` VALUES (6,NULL,2),(7,NULL,3),(8,NULL,4),(9,NULL,5),(10,NULL,6),(11,NULL,9),(12,NULL,10),(13,NULL,11),(14,NULL,12),(15,NULL,13);
/*!40000 ALTER TABLE `userinfo_instructor_bridge` ENABLE KEYS */;
UNLOCK TABLES;
/*!40103 SET TIME_ZONE=@OLD_TIME_ZONE */;

/*!40101 SET SQL_MODE=@OLD_SQL_MODE */;
/*!40014 SET FOREIGN_KEY_CHECKS=@OLD_FOREIGN_KEY_CHECKS */;
/*!40014 SET UNIQUE_CHECKS=@OLD_UNIQUE_CHECKS */;
/*!40101 SET CHARACTER_SET_CLIENT=@OLD_CHARACTER_SET_CLIENT */;
/*!40101 SET CHARACTER_SET_RESULTS=@OLD_CHARACTER_SET_RESULTS */;
/*!40101 SET COLLATION_CONNECTION=@OLD_COLLATION_CONNECTION */;
/*!40111 SET SQL_NOTES=@OLD_SQL_NOTES */;

-- Dump completed on 2020-10-12 19:32:07
